CONNECT TO COMP421;
-- Generated by script
INSERT INTO Category VALUES ('categoryA');
INSERT INTO Category VALUES ('categoryB');
INSERT INTO Category VALUES ('categoryC');
INSERT INTO Category VALUES ('categoryD');
INSERT INTO Category VALUES ('categoryE');
INSERT INTO BrandPage VALUES ('www.421market.com/brand1','Brand 1','This is the description for Brand 1.');
INSERT INTO BrandPage VALUES ('www.421market.com/brand2','Brand 2','This is the description for Brand 2.');
INSERT INTO BrandPage VALUES ('www.421market.com/brand3','Brand 3','This is the description for Brand 3.');
INSERT INTO BrandPage VALUES ('www.421market.com/brand4','Brand 4','This is the description for Brand 4.');
INSERT INTO BrandPage VALUES ('www.421market.com/brand5','Brand 5',NULL);
INSERT INTO Model VALUES ('100312','229.04','www.421market.com/brand5','0');
INSERT INTO Model VALUES ('116911','58.41','www.421market.com/brand2','0');
INSERT INTO Model VALUES ('107855','16.67','www.421market.com/brand2','0');
INSERT INTO Model VALUES ('111338','187.65','www.421market.com/brand3','0');
INSERT INTO Model VALUES ('128787','213.64','www.421market.com/brand2','0');
INSERT INTO Model VALUES ('102477','52.50','www.421market.com/brand4','0');
INSERT INTO Belongs VALUES ('categoryC','100312');
INSERT INTO Belongs VALUES ('categoryE','100312');
INSERT INTO Belongs VALUES ('categoryD','116911');
INSERT INTO Belongs VALUES ('categoryB','116911');
INSERT INTO Belongs VALUES ('categoryB','111338');
INSERT INTO Belongs VALUES ('categoryB','102477');
INSERT INTO Belongs VALUES ('categoryA','102477');
INSERT INTO User VALUES ('110000001');
INSERT INTO User VALUES ('110000002');
INSERT INTO User VALUES ('110000003');
INSERT INTO User VALUES ('110000004');
INSERT INTO User VALUES ('110000005');
INSERT INTO User VALUES ('100000001');
INSERT INTO User VALUES ('100000002');
INSERT INTO User VALUES ('100000003');
INSERT INTO User VALUES ('100000004');
INSERT INTO User VALUES ('100000005');
INSERT INTO User VALUES ('200000001');
INSERT INTO User VALUES ('200000002');
INSERT INTO User VALUES ('200000003');
INSERT INTO User VALUES ('200000004');
INSERT INTO User VALUES ('200000005');
INSERT INTO User VALUES ('300000001');
INSERT INTO User VALUES ('300000002');
INSERT INTO User VALUES ('300000003');
INSERT INTO User VALUES ('300000004');
INSERT INTO User VALUES ('300000005');
INSERT INTO Customer VALUES ('110000001','1992-06-11','KJa1kqBpeg','prince.eleanor@hotmail.com','Eleanor Cunningham');
INSERT INTO Customer VALUES ('110000002','1999-08-04','xC35XRpqNp','lyndon89@google.com','Lyndon Harrison');
INSERT INTO Customer VALUES ('110000003','1990-04-29','bMUe9tbopZ','chloe47@outlook.com','Chloe Stevens');
INSERT INTO Customer VALUES ('110000004',NULL,'ks5WdIcygv','kristian.richards@yahoo.com','Kristian Richards');
INSERT INTO Customer VALUES ('110000005','1998-03-18','QpWMaKKGXa','preston11@aol.com','Preston Wells');
INSERT INTO Customer VALUES ('100000001','2002-01-02','xT2BsVfQIo','victor.the.slow@hotmail.com','Victor Adams');
INSERT INTO Customer VALUES ('100000002','1997-03-23','6AhLGpmGfh','alexia.the.sleepy@gmail.com','Alexia Montgomery');
INSERT INTO Customer VALUES ('100000003','1996-05-03','Vk8CKsn0lN','brad.the.sad@aol.com','Brad Stevens');
INSERT INTO Customer VALUES ('100000004',NULL,'tSU2dfaR6f','maddie10@gmail.com','Maddie Henderson');
INSERT INTO Customer VALUES ('100000005','2002-05-26','HUHAa2cBuE','prince.rosie@live.com','Rosie Allen');
INSERT INTO InCart VALUES ('110000002','102477','1');
INSERT INTO InCart VALUES ('110000004','111338','2');
INSERT INTO InCart VALUES ('100000003','100312','1');
INSERT INTO InCart VALUES ('100000004','128787','1');
INSERT INTO InCart VALUES ('100000005','107855','2');
INSERT INTO InCart VALUES ('200000001','102477','1');
INSERT INTO InCart VALUES ('200000002','100312','1');
INSERT INTO InCart VALUES ('200000004','111338','2');
INSERT INTO InCart VALUES ('200000005','116911','1');
INSERT INTO InCart VALUES ('300000001','128787','2');
INSERT INTO InCart VALUES ('300000002','107855','2');
INSERT INTO InCart VALUES ('300000003','102477','2');
INSERT INTO InCart VALUES ('300000004','116911','1');
INSERT INTO Member VALUES ('110000001','2024-10-19','3535');
INSERT INTO Member VALUES ('110000002','2024-08-19','9454');
INSERT INTO Member VALUES ('110000003','2024-08-05','9536');
INSERT INTO Member VALUES ('110000004','2024-12-28','5849');
INSERT INTO Member VALUES ('110000005','2024-10-01','1689');
INSERT INTO Coupon VALUES ('110000002','128787','0.41','36','2024-12-29');
INSERT INTO Coupon VALUES ('110000003','100312','0.65','87','2025-07-05');
INSERT INTO Coupon VALUES ('110000004','102477','0.5','35','2028-02-04');
INSERT INTO Coupon VALUES ('110000005','102477','0.54','41','2026-10-17');
INSERT INTO Admin VALUES ('200000001');
INSERT INTO Admin VALUES ('200000002');
INSERT INTO Admin VALUES ('200000003');
INSERT INTO Admin VALUES ('200000004');
INSERT INTO Admin VALUES ('200000005');
INSERT INTO Manages VALUES ('200000003','www.421market.com/brand1','2019-07-28','5');
INSERT INTO Manages VALUES ('200000005','www.421market.com/brand2','2017-01-23','5');
INSERT INTO Manages VALUES ('200000003','www.421market.com/brand3','2021-07-07','5');
INSERT INTO Manages VALUES ('200000005','www.421market.com/brand3','2019-11-25','2');
INSERT INTO Manages VALUES ('200000004','www.421market.com/brand4','2014-10-06','5');
INSERT INTO Manages VALUES ('200000004','www.421market.com/brand4','2016-09-30','3');
INSERT INTO Manages VALUES ('200000002','www.421market.com/brand5','2015-02-18','5');
INSERT INTO Manages VALUES ('200000002','www.421market.com/brand5','2018-01-10','1');
INSERT INTO Card VALUES ('3541418519779107','2024-12-15','110000001');
INSERT INTO Card VALUES ('6597315748658143','2027-04-25','110000003');
INSERT INTO Card VALUES ('4399691956959923','2025-03-18','110000004');
INSERT INTO Card VALUES ('8466242830021413','2025-03-26','110000005');
INSERT INTO Card VALUES ('9523936894783527','2027-05-04','100000001');
INSERT INTO Card VALUES ('3104840847310903','2026-02-10','100000002');
INSERT INTO Card VALUES ('4026760793228464','2024-11-17','100000003');
INSERT INTO Card VALUES ('4689083153892547','2027-04-23','100000004');
INSERT INTO Card VALUES ('2020811056102019','2028-04-29','100000005');
INSERT INTO Card VALUES ('5086015288127058','2026-08-06',NULL);
INSERT INTO Card VALUES ('9557971649002390','2025-09-17',NULL);
INSERT INTO Card VALUES ('5473605809499084','2024-03-23',NULL);
INSERT INTO Card VALUES ('3336400308268396','2026-09-06',NULL);
INSERT INTO Card VALUES ('9425886843578570','2024-10-13',NULL);
INSERT INTO Card VALUES ('6317625734221226','2026-03-17',NULL);
INSERT INTO Restock VALUES ('Planet Express','1','Bangkok TH','2021-12-01');
INSERT INTO Restock VALUES ('Bluth Company','1','Beijing CN','2022-01-09');
INSERT INTO Restock VALUES ('Globex Industries','1','Los Angeles USA','2023-12-07');
INSERT INTO Restock VALUES ('Globex Industries','2','Los Angeles USA','2021-12-18');
INSERT INTO Restock VALUES ('Planet Express','2','Bangkok TH','2022-03-25');
INSERT INTO Restock VALUES ('Globex Industries','3','Los Angeles USA','2023-01-02');
INSERT INTO Order VALUES ('100000001','Address 1','16.67','2023-05-15','guest1@example.com','5086015288127058');
INSERT INTO Order VALUES ('100000005','Address 2','213.64','2023-02-28','victor.the.slow@hotmail.com','9523936894783527');
INSERT INTO Order VALUES ('100000007','Address 3','52.5','2024-01-31','kristian.richards@yahoo.com','4399691956959923');
INSERT INTO Order VALUES ('100000010','Address 4','229.04','2023-06-08','prince.rosie@live.com','2020811056102019');
INSERT INTO Product VALUES ('100312','100000001','0',NULL,'Globex Industries','1');
INSERT INTO Product VALUES ('100312','100000002','0','100000010','Globex Industries','3');
INSERT INTO Product VALUES ('116911','100000001','0',NULL,'Planet Express','2');
INSERT INTO Product VALUES ('116911','100000002','0',NULL,'Globex Industries','2');
INSERT INTO Product VALUES ('107855','100000001','0',NULL,'Bluth Company','1');
INSERT INTO Product VALUES ('107855','100000002','0',NULL,'Globex Industries','3');
INSERT INTO Product VALUES ('107855','100000003','0','100000001','Globex Industries','2');
INSERT INTO Product VALUES ('107855','100000004','0',NULL,'Planet Express','2');
INSERT INTO Product VALUES ('111338','100000001','0',NULL,'Planet Express','1');
INSERT INTO Product VALUES ('111338','100000002','0',NULL,'Globex Industries','3');
INSERT INTO Product VALUES ('111338','100000003','0',NULL,'Bluth Company','1');
INSERT INTO Product VALUES ('128787','100000001','0','100000005','Globex Industries','2');
INSERT INTO Product VALUES ('102477','100000001','0',NULL,'Planet Express','1');
INSERT INTO Product VALUES ('102477','100000002','0',NULL,'Globex Industries','1');
INSERT INTO Product VALUES ('102477','100000003','0','100000007','Globex Industries','2');
INSERT INTO Product VALUES ('102477','100000004','0',NULL,'Bluth Company','1');
INSERT INTO Shipment VALUES ('1','Shipper1','100000001','107855','100000003','2023-01-18','2023-01-15');
INSERT INTO Shipment VALUES ('1','Shipper1','100000005','128787','100000001','2023-11-29','2023-11-26');
INSERT INTO Shipment VALUES ('2','Shipper1','100000007','102477','100000003','2024-11-06','2024-11-03');
INSERT INTO Shipment VALUES ('2','Shipper1','100000010','100312','100000002','2022-04-07','2022-04-04');
