CONNECT TO COMP421;
-- Generated by script
INSERT INTO Category VALUES ('categoryA');
INSERT INTO Category VALUES ('categoryB');
INSERT INTO Category VALUES ('categoryC');
INSERT INTO Category VALUES ('categoryD');
INSERT INTO Category VALUES ('categoryE');
INSERT INTO Category VALUES ('categoryF');
INSERT INTO Category VALUES ('categoryG');
INSERT INTO Category VALUES ('categoryH');
INSERT INTO Category VALUES ('categoryI');
INSERT INTO Category VALUES ('categoryJ');
INSERT INTO Category VALUES ('categoryK');
INSERT INTO Category VALUES ('categoryL');
INSERT INTO Category VALUES ('categoryM');
INSERT INTO Category VALUES ('categoryN');
INSERT INTO Category VALUES ('categoryO');
INSERT INTO Category VALUES ('categoryP');
INSERT INTO Category VALUES ('categoryQ');
INSERT INTO Category VALUES ('categoryR');
INSERT INTO Category VALUES ('categoryS');
INSERT INTO Category VALUES ('categoryT');
INSERT INTO BrandPage VALUES ('www.421market.com/brand1','Brand 1','This is the description for Brand 1.');
INSERT INTO BrandPage VALUES ('www.421market.com/brand2','Brand 2','This is the description for Brand 2.');
INSERT INTO BrandPage VALUES ('www.421market.com/brand3','Brand 3','This is the description for Brand 3.');
INSERT INTO BrandPage VALUES ('www.421market.com/brand4','Brand 4','This is the description for Brand 4.');
INSERT INTO BrandPage VALUES ('www.421market.com/brand5','Brand 5','This is the description for Brand 5.');
INSERT INTO BrandPage VALUES ('www.421market.com/brand6','Brand 6','This is the description for Brand 6.');
INSERT INTO BrandPage VALUES ('www.421market.com/brand7','Brand 7','This is the description for Brand 7.');
INSERT INTO BrandPage VALUES ('www.421market.com/brand8','Brand 8','This is the description for Brand 8.');
INSERT INTO BrandPage VALUES ('www.421market.com/brand9','Brand 9','This is the description for Brand 9.');
INSERT INTO BrandPage VALUES ('www.421market.com/brand10','Brand 10','This is the description for Brand 10.');
INSERT INTO BrandPage VALUES ('www.421market.com/brand11','Brand 11','This is the description for Brand 11.');
INSERT INTO BrandPage VALUES ('www.421market.com/brand12','Brand 12',NULL);
INSERT INTO BrandPage VALUES ('www.421market.com/brand13','Brand 13',NULL);
INSERT INTO BrandPage VALUES ('www.421market.com/brand14','Brand 14','This is the description for Brand 14.');
INSERT INTO BrandPage VALUES ('www.421market.com/brand15','Brand 15',NULL);
INSERT INTO BrandPage VALUES ('www.421market.com/brand16','Brand 16','This is the description for Brand 16.');
INSERT INTO BrandPage VALUES ('www.421market.com/brand17','Brand 17','This is the description for Brand 17.');
INSERT INTO BrandPage VALUES ('www.421market.com/brand18','Brand 18','This is the description for Brand 18.');
INSERT INTO BrandPage VALUES ('www.421market.com/brand19','Brand 19','This is the description for Brand 19.');
INSERT INTO BrandPage VALUES ('www.421market.com/brand20','Brand 20',NULL);
INSERT INTO Model VALUES ('131203','331.22','www.421market.com/brand6','6');
INSERT INTO Model VALUES ('131316','121.54','www.421market.com/brand11','6');
INSERT INTO Model VALUES ('117535','336.90','www.421market.com/brand10','10');
INSERT INTO Model VALUES ('132135','14.44','www.421market.com/brand7','5');
INSERT INTO Model VALUES ('123271','134.99','www.421market.com/brand10','6');
INSERT INTO Model VALUES ('120310','61.64','www.421market.com/brand1','2');
INSERT INTO Model VALUES ('121415','269.52','www.421market.com/brand8','4');
INSERT INTO Model VALUES ('116086','74.55','www.421market.com/brand4','9');
INSERT INTO Model VALUES ('116925','414.30','www.421market.com/brand11','8');
INSERT INTO Model VALUES ('125020','47.48','www.421market.com/brand3','8');
INSERT INTO Model VALUES ('117410','274.97','www.421market.com/brand9','9');
INSERT INTO Model VALUES ('102984','451.55','www.421market.com/brand2','3');
INSERT INTO Model VALUES ('109392','138.85','www.421market.com/brand20','8');
INSERT INTO Model VALUES ('100125','347.50','www.421market.com/brand19','4');
INSERT INTO Model VALUES ('101253','312.20','www.421market.com/brand11','0');
INSERT INTO Model VALUES ('107945','41.94','www.421market.com/brand18','4');
INSERT INTO Model VALUES ('107533','497.50','www.421market.com/brand10','4');
INSERT INTO Model VALUES ('130005','172.48','www.421market.com/brand13','1');
INSERT INTO Model VALUES ('105121','72.63','www.421market.com/brand16','6');
INSERT INTO Model VALUES ('130357','150.37','www.421market.com/brand1','4');
INSERT INTO Model VALUES ('107854','378.38','www.421market.com/brand8','6');
INSERT INTO Model VALUES ('103289','444.90','www.421market.com/brand15','9');
INSERT INTO Model VALUES ('120637','192.70','www.421market.com/brand19','7');
INSERT INTO Model VALUES ('117677','180.33','www.421market.com/brand7','6');
INSERT INTO Model VALUES ('120220','71.09','www.421market.com/brand9','5');
INSERT INTO Model VALUES ('120630','39.91','www.421market.com/brand15','5');
INSERT INTO Model VALUES ('130558','107.01','www.421market.com/brand17','3');
INSERT INTO Model VALUES ('115250','396.73','www.421market.com/brand17','4');
INSERT INTO Model VALUES ('110992','441.68','www.421market.com/brand5','3');
INSERT INTO Model VALUES ('113370','41.33','www.421market.com/brand5','5');
INSERT INTO Belongs VALUES ('categoryN','131203');
INSERT INTO Belongs VALUES ('categoryS','131203');
INSERT INTO Belongs VALUES ('categoryJ','131203');
INSERT INTO Belongs VALUES ('categoryA','117535');
INSERT INTO Belongs VALUES ('categoryM','117535');
INSERT INTO Belongs VALUES ('categoryJ','117535');
INSERT INTO Belongs VALUES ('categoryT','132135');
INSERT INTO Belongs VALUES ('categoryG','123271');
INSERT INTO Belongs VALUES ('categoryS','123271');
INSERT INTO Belongs VALUES ('categoryA','121415');
INSERT INTO Belongs VALUES ('categoryQ','116086');
INSERT INTO Belongs VALUES ('categoryE','116925');
INSERT INTO Belongs VALUES ('categoryK','116925');
INSERT INTO Belongs VALUES ('categoryA','116925');
INSERT INTO Belongs VALUES ('categoryJ','125020');
INSERT INTO Belongs VALUES ('categoryI','117410');
INSERT INTO Belongs VALUES ('categoryI','102984');
INSERT INTO Belongs VALUES ('categoryG','109392');
INSERT INTO Belongs VALUES ('categoryO','100125');
INSERT INTO Belongs VALUES ('categoryQ','100125');
INSERT INTO Belongs VALUES ('categoryF','101253');
INSERT INTO Belongs VALUES ('categoryP','107945');
INSERT INTO Belongs VALUES ('categoryL','107533');
INSERT INTO Belongs VALUES ('categoryB','107533');
INSERT INTO Belongs VALUES ('categoryA','107533');
INSERT INTO Belongs VALUES ('categoryE','130005');
INSERT INTO Belongs VALUES ('categoryP','105121');
INSERT INTO Belongs VALUES ('categoryC','105121');
INSERT INTO Belongs VALUES ('categoryJ','130357');
INSERT INTO Belongs VALUES ('categoryE','130357');
INSERT INTO Belongs VALUES ('categoryP','107854');
INSERT INTO Belongs VALUES ('categoryI','117677');
INSERT INTO Belongs VALUES ('categoryP','117677');
INSERT INTO Belongs VALUES ('categoryB','117677');
INSERT INTO Belongs VALUES ('categoryF','120220');
INSERT INTO Belongs VALUES ('categoryC','120630');
INSERT INTO Belongs VALUES ('categoryR','120630');
INSERT INTO Belongs VALUES ('categoryN','130558');
INSERT INTO Belongs VALUES ('categoryL','130558');
INSERT INTO Belongs VALUES ('categoryR','115250');
INSERT INTO Belongs VALUES ('categoryL','110992');
INSERT INTO Belongs VALUES ('categoryQ','110992');
INSERT INTO Belongs VALUES ('categoryN','110992');
INSERT INTO Belongs VALUES ('categoryS','113370');
INSERT INTO User VALUES ('100000001');
INSERT INTO User VALUES ('100000002');
INSERT INTO User VALUES ('100000003');
INSERT INTO User VALUES ('100000004');
INSERT INTO User VALUES ('100000005');
INSERT INTO User VALUES ('100000006');
INSERT INTO User VALUES ('100000007');
INSERT INTO User VALUES ('100000008');
INSERT INTO User VALUES ('100000009');
INSERT INTO User VALUES ('100000010');
INSERT INTO User VALUES ('100000011');
INSERT INTO User VALUES ('100000012');
INSERT INTO User VALUES ('100000013');
INSERT INTO User VALUES ('100000014');
INSERT INTO User VALUES ('100000015');
INSERT INTO User VALUES ('100000016');
INSERT INTO User VALUES ('100000017');
INSERT INTO User VALUES ('100000018');
INSERT INTO User VALUES ('100000019');
INSERT INTO User VALUES ('100000020');
INSERT INTO User VALUES ('100000021');
INSERT INTO User VALUES ('100000022');
INSERT INTO User VALUES ('100000023');
INSERT INTO User VALUES ('100000024');
INSERT INTO User VALUES ('100000025');
INSERT INTO User VALUES ('110000001');
INSERT INTO User VALUES ('110000002');
INSERT INTO User VALUES ('110000003');
INSERT INTO User VALUES ('110000004');
INSERT INTO User VALUES ('110000005');
INSERT INTO User VALUES ('110000006');
INSERT INTO User VALUES ('110000007');
INSERT INTO User VALUES ('110000008');
INSERT INTO User VALUES ('110000009');
INSERT INTO User VALUES ('110000010');
INSERT INTO User VALUES ('110000011');
INSERT INTO User VALUES ('110000012');
INSERT INTO User VALUES ('110000013');
INSERT INTO User VALUES ('110000014');
INSERT INTO User VALUES ('110000015');
INSERT INTO User VALUES ('110000016');
INSERT INTO User VALUES ('110000017');
INSERT INTO User VALUES ('110000018');
INSERT INTO User VALUES ('110000019');
INSERT INTO User VALUES ('110000020');
INSERT INTO User VALUES ('110000021');
INSERT INTO User VALUES ('110000022');
INSERT INTO User VALUES ('110000023');
INSERT INTO User VALUES ('110000024');
INSERT INTO User VALUES ('110000025');
INSERT INTO User VALUES ('200000001');
INSERT INTO User VALUES ('200000002');
INSERT INTO User VALUES ('200000003');
INSERT INTO User VALUES ('200000004');
INSERT INTO User VALUES ('200000005');
INSERT INTO User VALUES ('200000006');
INSERT INTO User VALUES ('200000007');
INSERT INTO User VALUES ('200000008');
INSERT INTO User VALUES ('200000009');
INSERT INTO User VALUES ('200000010');
INSERT INTO User VALUES ('200000011');
INSERT INTO User VALUES ('200000012');
INSERT INTO User VALUES ('200000013');
INSERT INTO User VALUES ('200000014');
INSERT INTO User VALUES ('200000015');
INSERT INTO User VALUES ('200000016');
INSERT INTO User VALUES ('200000017');
INSERT INTO User VALUES ('200000018');
INSERT INTO User VALUES ('200000019');
INSERT INTO User VALUES ('200000020');
INSERT INTO User VALUES ('200000021');
INSERT INTO User VALUES ('200000022');
INSERT INTO User VALUES ('200000023');
INSERT INTO User VALUES ('200000024');
INSERT INTO User VALUES ('200000025');
INSERT INTO User VALUES ('300000001');
INSERT INTO User VALUES ('300000002');
INSERT INTO User VALUES ('300000003');
INSERT INTO User VALUES ('300000004');
INSERT INTO User VALUES ('300000005');
INSERT INTO User VALUES ('300000006');
INSERT INTO User VALUES ('300000007');
INSERT INTO User VALUES ('300000008');
INSERT INTO User VALUES ('300000009');
INSERT INTO User VALUES ('300000010');
INSERT INTO User VALUES ('300000011');
INSERT INTO User VALUES ('300000012');
INSERT INTO User VALUES ('300000013');
INSERT INTO User VALUES ('300000014');
INSERT INTO User VALUES ('300000015');
INSERT INTO User VALUES ('300000016');
INSERT INTO User VALUES ('300000017');
INSERT INTO User VALUES ('300000018');
INSERT INTO User VALUES ('300000019');
INSERT INTO User VALUES ('300000020');
INSERT INTO User VALUES ('300000021');
INSERT INTO User VALUES ('300000022');
INSERT INTO User VALUES ('300000023');
INSERT INTO User VALUES ('300000024');
INSERT INTO User VALUES ('300000025');
INSERT INTO Customer VALUES ('100000001','2000-01-01','password','user100000001@example.com','User 100000001');
INSERT INTO Customer VALUES ('100000002','2000-01-01','password','user100000002@example.com','User 100000002');
INSERT INTO Customer VALUES ('100000003','2000-01-01','password','user100000003@example.com','User 100000003');
INSERT INTO Customer VALUES ('100000004','2000-01-01','password','user100000004@example.com','User 100000004');
INSERT INTO Customer VALUES ('100000005','2000-01-01','password','user100000005@example.com','User 100000005');
INSERT INTO Customer VALUES ('100000006','2000-01-01','password','user100000006@example.com','User 100000006');
INSERT INTO Customer VALUES ('100000007','2000-01-01','password','user100000007@example.com','User 100000007');
INSERT INTO Customer VALUES ('100000008','2000-01-01','password','user100000008@example.com','User 100000008');
INSERT INTO Customer VALUES ('100000009','2000-01-01','password','user100000009@example.com','User 100000009');
INSERT INTO Customer VALUES ('100000010','2000-01-01','password','user100000010@example.com','User 100000010');
INSERT INTO Customer VALUES ('100000011','2000-01-01','password','user100000011@example.com','User 100000011');
INSERT INTO Customer VALUES ('100000012','2000-01-01','password','user100000012@example.com','User 100000012');
INSERT INTO Customer VALUES ('100000013','2000-01-01','password','user100000013@example.com','User 100000013');
INSERT INTO Customer VALUES ('100000014','2000-01-01','password','user100000014@example.com','User 100000014');
INSERT INTO Customer VALUES ('100000015','2000-01-01','password','user100000015@example.com','User 100000015');
INSERT INTO Customer VALUES ('100000016','2000-01-01','password','user100000016@example.com','User 100000016');
INSERT INTO Customer VALUES ('100000017','2000-01-01','password','user100000017@example.com','User 100000017');
INSERT INTO Customer VALUES ('100000018','2000-01-01','password','user100000018@example.com','User 100000018');
INSERT INTO Customer VALUES ('100000019','2000-01-01','password','user100000019@example.com','User 100000019');
INSERT INTO Customer VALUES ('100000020','2000-01-01','password','user100000020@example.com','User 100000020');
INSERT INTO Customer VALUES ('100000021','2000-01-01','password','user100000021@example.com','User 100000021');
INSERT INTO Customer VALUES ('100000022','2000-01-01','password','user100000022@example.com','User 100000022');
INSERT INTO Customer VALUES ('100000023','2000-01-01','password','user100000023@example.com','User 100000023');
INSERT INTO Customer VALUES ('100000024','2000-01-01','password','user100000024@example.com','User 100000024');
INSERT INTO Customer VALUES ('100000025','2000-01-01','password','user100000025@example.com','User 100000025');
INSERT INTO Customer VALUES ('110000001','2000-01-01','password','user110000001@example.com','User 110000001');
INSERT INTO Customer VALUES ('110000002','2000-01-01','password','user110000002@example.com','User 110000002');
INSERT INTO Customer VALUES ('110000003','2000-01-01','password','user110000003@example.com','User 110000003');
INSERT INTO Customer VALUES ('110000004','2000-01-01','password','user110000004@example.com','User 110000004');
INSERT INTO Customer VALUES ('110000005','2000-01-01','password','user110000005@example.com','User 110000005');
INSERT INTO Customer VALUES ('110000006','2000-01-01','password','user110000006@example.com','User 110000006');
INSERT INTO Customer VALUES ('110000007','2000-01-01','password','user110000007@example.com','User 110000007');
INSERT INTO Customer VALUES ('110000008','2000-01-01','password','user110000008@example.com','User 110000008');
INSERT INTO Customer VALUES ('110000009','2000-01-01','password','user110000009@example.com','User 110000009');
INSERT INTO Customer VALUES ('110000010','2000-01-01','password','user110000010@example.com','User 110000010');
INSERT INTO Customer VALUES ('110000011','2000-01-01','password','user110000011@example.com','User 110000011');
INSERT INTO Customer VALUES ('110000012','2000-01-01','password','user110000012@example.com','User 110000012');
INSERT INTO Customer VALUES ('110000013','2000-01-01','password','user110000013@example.com','User 110000013');
INSERT INTO Customer VALUES ('110000014','2000-01-01','password','user110000014@example.com','User 110000014');
INSERT INTO Customer VALUES ('110000015','2000-01-01','password','user110000015@example.com','User 110000015');
INSERT INTO Customer VALUES ('110000016','2000-01-01','password','user110000016@example.com','User 110000016');
INSERT INTO Customer VALUES ('110000017','2000-01-01','password','user110000017@example.com','User 110000017');
INSERT INTO Customer VALUES ('110000018','2000-01-01','password','user110000018@example.com','User 110000018');
INSERT INTO Customer VALUES ('110000019','2000-01-01','password','user110000019@example.com','User 110000019');
INSERT INTO Customer VALUES ('110000020','2000-01-01','password','user110000020@example.com','User 110000020');
INSERT INTO Customer VALUES ('110000021','2000-01-01','password','user110000021@example.com','User 110000021');
INSERT INTO Customer VALUES ('110000022','2000-01-01','password','user110000022@example.com','User 110000022');
INSERT INTO Customer VALUES ('110000023','2000-01-01','password','user110000023@example.com','User 110000023');
INSERT INTO Customer VALUES ('110000024','2000-01-01','password','user110000024@example.com','User 110000024');
INSERT INTO Customer VALUES ('110000025','2000-01-01','password','user110000025@example.com','User 110000025');
INSERT INTO InCart VALUES ('100000001','123271','1');
INSERT INTO InCart VALUES ('100000001','105121','1');
INSERT INTO InCart VALUES ('100000001','101253','3');
INSERT INTO InCart VALUES ('100000002','123271','1');
INSERT INTO InCart VALUES ('100000002','105121','1');
INSERT INTO InCart VALUES ('100000002','101253','3');
INSERT INTO InCart VALUES ('100000003','123271','3');
INSERT INTO InCart VALUES ('100000003','105121','2');
INSERT INTO InCart VALUES ('100000003','101253','1');
INSERT INTO InCart VALUES ('100000003','125020','3');
INSERT INTO InCart VALUES ('100000004','123271','1');
INSERT INTO InCart VALUES ('100000004','105121','2');
INSERT INTO InCart VALUES ('100000004','101253','2');
INSERT INTO InCart VALUES ('100000005','123271','3');
INSERT INTO InCart VALUES ('100000005','105121','3');
INSERT INTO InCart VALUES ('100000006','123271','1');
INSERT INTO InCart VALUES ('100000006','105121','2');
INSERT INTO InCart VALUES ('100000006','101253','3');
INSERT INTO InCart VALUES ('100000006','125020','2');
INSERT INTO InCart VALUES ('100000007','123271','3');
INSERT INTO InCart VALUES ('100000007','105121','1');
INSERT INTO InCart VALUES ('100000007','101253','3');
INSERT INTO InCart VALUES ('100000008','123271','2');
INSERT INTO InCart VALUES ('100000008','105121','2');
INSERT INTO InCart VALUES ('100000008','101253','3');
INSERT INTO InCart VALUES ('100000008','125020','1');
INSERT INTO InCart VALUES ('100000010','123271','3');
INSERT INTO InCart VALUES ('100000011','123271','3');
INSERT INTO InCart VALUES ('100000012','123271','2');
INSERT INTO InCart VALUES ('100000012','105121','2');
INSERT INTO InCart VALUES ('100000014','123271','3');
INSERT INTO InCart VALUES ('100000014','105121','3');
INSERT INTO InCart VALUES ('100000014','101253','1');
INSERT INTO InCart VALUES ('100000014','125020','2');
INSERT INTO InCart VALUES ('100000015','123271','3');
INSERT INTO InCart VALUES ('100000016','123271','3');
INSERT INTO InCart VALUES ('100000017','123271','2');
INSERT INTO InCart VALUES ('100000017','105121','2');
INSERT INTO InCart VALUES ('100000017','101253','1');
INSERT INTO InCart VALUES ('100000018','123271','3');
INSERT INTO InCart VALUES ('100000018','105121','3');
INSERT INTO InCart VALUES ('100000018','101253','2');
INSERT INTO InCart VALUES ('100000018','125020','1');
INSERT INTO InCart VALUES ('100000018','107533','3');
INSERT INTO InCart VALUES ('100000019','123271','2');
INSERT INTO InCart VALUES ('100000019','105121','1');
INSERT INTO InCart VALUES ('100000019','101253','1');
INSERT INTO InCart VALUES ('100000019','125020','1');
INSERT INTO InCart VALUES ('100000019','107533','2');
INSERT INTO InCart VALUES ('100000020','123271','3');
INSERT INTO InCart VALUES ('100000020','105121','2');
INSERT INTO InCart VALUES ('100000020','101253','3');
INSERT INTO InCart VALUES ('100000020','125020','3');
INSERT INTO InCart VALUES ('100000020','107533','3');
INSERT INTO InCart VALUES ('100000021','123271','2');
INSERT INTO InCart VALUES ('100000021','105121','2');
INSERT INTO InCart VALUES ('100000022','123271','2');
INSERT INTO InCart VALUES ('100000022','105121','2');
INSERT INTO InCart VALUES ('100000022','101253','2');
INSERT INTO InCart VALUES ('100000022','125020','2');
INSERT INTO InCart VALUES ('100000022','107533','1');
INSERT INTO InCart VALUES ('100000023','123271','3');
INSERT INTO InCart VALUES ('100000023','105121','1');
INSERT INTO InCart VALUES ('100000023','101253','1');
INSERT INTO InCart VALUES ('100000023','125020','1');
INSERT INTO InCart VALUES ('100000025','123271','3');
INSERT INTO InCart VALUES ('100000025','105121','2');
INSERT INTO InCart VALUES ('100000025','101253','2');
INSERT INTO InCart VALUES ('100000025','125020','3');
INSERT INTO InCart VALUES ('100000025','107533','3');
INSERT INTO InCart VALUES ('110000001','123271','2');
INSERT INTO InCart VALUES ('110000002','123271','1');
INSERT INTO InCart VALUES ('110000002','105121','3');
INSERT INTO InCart VALUES ('110000002','101253','2');
INSERT INTO InCart VALUES ('110000002','125020','1');
INSERT INTO InCart VALUES ('110000003','123271','2');
INSERT INTO InCart VALUES ('110000003','105121','3');
INSERT INTO InCart VALUES ('110000004','123271','3');
INSERT INTO InCart VALUES ('110000004','105121','3');
INSERT INTO InCart VALUES ('110000004','101253','2');
INSERT INTO InCart VALUES ('110000004','125020','2');
INSERT INTO InCart VALUES ('110000004','107533','2');
INSERT INTO InCart VALUES ('110000005','123271','3');
INSERT INTO InCart VALUES ('110000005','105121','1');
INSERT INTO InCart VALUES ('110000005','101253','1');
INSERT INTO InCart VALUES ('110000006','123271','1');
INSERT INTO InCart VALUES ('110000006','105121','3');
INSERT INTO InCart VALUES ('110000006','101253','1');
INSERT INTO InCart VALUES ('110000006','125020','1');
INSERT INTO InCart VALUES ('110000007','123271','2');
INSERT INTO InCart VALUES ('110000007','105121','3');
INSERT INTO InCart VALUES ('110000007','101253','3');
INSERT INTO InCart VALUES ('110000007','125020','3');
INSERT INTO InCart VALUES ('110000007','107533','1');
INSERT INTO InCart VALUES ('110000008','123271','1');
INSERT INTO InCart VALUES ('110000009','123271','3');
INSERT INTO InCart VALUES ('110000009','105121','3');
INSERT INTO InCart VALUES ('110000009','101253','3');
INSERT INTO InCart VALUES ('110000009','125020','1');
INSERT INTO InCart VALUES ('110000010','123271','3');
INSERT INTO InCart VALUES ('110000011','123271','3');
INSERT INTO InCart VALUES ('110000011','105121','3');
INSERT INTO InCart VALUES ('110000011','101253','2');
INSERT INTO InCart VALUES ('110000012','123271','2');
INSERT INTO InCart VALUES ('110000013','123271','2');
INSERT INTO InCart VALUES ('110000013','105121','2');
INSERT INTO InCart VALUES ('110000013','101253','3');
INSERT INTO InCart VALUES ('110000014','123271','2');
INSERT INTO InCart VALUES ('110000014','105121','2');
INSERT INTO InCart VALUES ('110000014','101253','1');
INSERT INTO InCart VALUES ('110000014','125020','3');
INSERT INTO InCart VALUES ('110000015','123271','2');
INSERT INTO InCart VALUES ('110000015','105121','2');
INSERT INTO InCart VALUES ('110000015','101253','3');
INSERT INTO InCart VALUES ('110000015','125020','1');
INSERT INTO InCart VALUES ('110000016','123271','1');
INSERT INTO InCart VALUES ('110000016','105121','3');
INSERT INTO InCart VALUES ('110000016','101253','3');
INSERT INTO InCart VALUES ('110000016','125020','1');
INSERT INTO InCart VALUES ('110000017','123271','3');
INSERT INTO InCart VALUES ('110000017','105121','1');
INSERT INTO InCart VALUES ('110000018','123271','1');
INSERT INTO InCart VALUES ('110000018','105121','3');
INSERT INTO InCart VALUES ('110000018','101253','3');
INSERT INTO InCart VALUES ('110000018','125020','3');
INSERT INTO InCart VALUES ('110000018','107533','1');
INSERT INTO InCart VALUES ('110000019','123271','3');
INSERT INTO InCart VALUES ('110000020','123271','2');
INSERT INTO InCart VALUES ('110000020','105121','2');
INSERT INTO InCart VALUES ('110000021','123271','1');
INSERT INTO InCart VALUES ('110000021','105121','1');
INSERT INTO InCart VALUES ('110000021','101253','1');
INSERT INTO InCart VALUES ('110000021','125020','1');
INSERT INTO InCart VALUES ('110000022','123271','1');
INSERT INTO InCart VALUES ('110000023','123271','1');
INSERT INTO InCart VALUES ('110000023','105121','2');
INSERT INTO InCart VALUES ('110000023','101253','1');
INSERT INTO InCart VALUES ('110000024','123271','3');
INSERT INTO InCart VALUES ('110000024','105121','2');
INSERT INTO InCart VALUES ('110000024','101253','3');
INSERT INTO InCart VALUES ('110000025','123271','3');
INSERT INTO InCart VALUES ('110000025','105121','2');
INSERT INTO InCart VALUES ('110000025','101253','3');
INSERT INTO InCart VALUES ('110000025','125020','1');
INSERT INTO InCart VALUES ('110000025','107533','3');
INSERT INTO InCart VALUES ('200000001','123271','1');
INSERT INTO InCart VALUES ('200000001','105121','3');
INSERT INTO InCart VALUES ('200000003','123271','1');
INSERT INTO InCart VALUES ('200000005','123271','1');
INSERT INTO InCart VALUES ('200000005','105121','2');
INSERT INTO InCart VALUES ('200000005','101253','2');
INSERT INTO InCart VALUES ('200000005','125020','1');
INSERT INTO InCart VALUES ('200000005','107533','1');
INSERT INTO InCart VALUES ('200000006','123271','3');
INSERT INTO InCart VALUES ('200000006','105121','1');
INSERT INTO InCart VALUES ('200000006','101253','3');
INSERT INTO InCart VALUES ('200000006','125020','1');
INSERT INTO InCart VALUES ('200000006','107533','2');
INSERT INTO InCart VALUES ('200000007','123271','3');
INSERT INTO InCart VALUES ('200000007','105121','2');
INSERT INTO InCart VALUES ('200000007','101253','1');
INSERT INTO InCart VALUES ('200000007','125020','1');
INSERT INTO InCart VALUES ('200000007','107533','2');
INSERT INTO InCart VALUES ('200000008','123271','2');
INSERT INTO InCart VALUES ('200000008','105121','3');
INSERT INTO InCart VALUES ('200000008','101253','3');
INSERT INTO InCart VALUES ('200000008','125020','2');
INSERT INTO InCart VALUES ('200000008','107533','2');
INSERT INTO InCart VALUES ('200000009','123271','3');
INSERT INTO InCart VALUES ('200000009','105121','1');
INSERT INTO InCart VALUES ('200000009','101253','1');
INSERT INTO InCart VALUES ('200000010','123271','2');
INSERT INTO InCart VALUES ('200000010','105121','3');
INSERT INTO InCart VALUES ('200000010','101253','3');
INSERT INTO InCart VALUES ('200000011','123271','1');
INSERT INTO InCart VALUES ('200000011','105121','2');
INSERT INTO InCart VALUES ('200000011','101253','3');
INSERT INTO InCart VALUES ('200000011','125020','1');
INSERT INTO InCart VALUES ('200000011','107533','2');
INSERT INTO InCart VALUES ('200000012','123271','1');
INSERT INTO InCart VALUES ('200000013','123271','1');
INSERT INTO InCart VALUES ('200000013','105121','3');
INSERT INTO InCart VALUES ('200000013','101253','1');
INSERT INTO InCart VALUES ('200000013','125020','3');
INSERT INTO InCart VALUES ('200000013','107533','2');
INSERT INTO InCart VALUES ('200000014','123271','3');
INSERT INTO InCart VALUES ('200000014','105121','2');
INSERT INTO InCart VALUES ('200000015','123271','2');
INSERT INTO InCart VALUES ('200000017','123271','2');
INSERT INTO InCart VALUES ('200000018','123271','1');
INSERT INTO InCart VALUES ('200000018','105121','2');
INSERT INTO InCart VALUES ('200000018','101253','1');
INSERT INTO InCart VALUES ('200000018','125020','3');
INSERT INTO InCart VALUES ('200000018','107533','3');
INSERT INTO InCart VALUES ('200000019','123271','3');
INSERT INTO InCart VALUES ('200000019','105121','1');
INSERT INTO InCart VALUES ('200000020','123271','2');
INSERT INTO InCart VALUES ('200000021','123271','3');
INSERT INTO InCart VALUES ('200000023','123271','2');
INSERT INTO InCart VALUES ('200000023','105121','1');
INSERT INTO InCart VALUES ('200000023','101253','3');
INSERT INTO InCart VALUES ('200000023','125020','1');
INSERT INTO InCart VALUES ('200000024','123271','2');
INSERT INTO InCart VALUES ('200000025','123271','2');
INSERT INTO InCart VALUES ('200000025','105121','2');
INSERT INTO InCart VALUES ('300000001','123271','2');
INSERT INTO InCart VALUES ('300000001','105121','3');
INSERT INTO InCart VALUES ('300000001','101253','1');
INSERT INTO InCart VALUES ('300000002','123271','3');
INSERT INTO InCart VALUES ('300000002','105121','2');
INSERT INTO InCart VALUES ('300000003','123271','3');
INSERT INTO InCart VALUES ('300000003','105121','3');
INSERT INTO InCart VALUES ('300000003','101253','1');
INSERT INTO InCart VALUES ('300000003','125020','1');
INSERT INTO InCart VALUES ('300000004','123271','3');
INSERT INTO InCart VALUES ('300000005','123271','3');
INSERT INTO InCart VALUES ('300000005','105121','2');
INSERT INTO InCart VALUES ('300000005','101253','2');
INSERT INTO InCart VALUES ('300000005','125020','2');
INSERT INTO InCart VALUES ('300000005','107533','2');
INSERT INTO InCart VALUES ('300000006','123271','3');
INSERT INTO InCart VALUES ('300000006','105121','2');
INSERT INTO InCart VALUES ('300000007','123271','1');
INSERT INTO InCart VALUES ('300000007','105121','3');
INSERT INTO InCart VALUES ('300000007','101253','2');
INSERT INTO InCart VALUES ('300000007','125020','1');
INSERT INTO InCart VALUES ('300000009','123271','1');
INSERT INTO InCart VALUES ('300000009','105121','3');
INSERT INTO InCart VALUES ('300000009','101253','2');
INSERT INTO InCart VALUES ('300000009','125020','2');
INSERT INTO InCart VALUES ('300000010','123271','2');
INSERT INTO InCart VALUES ('300000010','105121','1');
INSERT INTO InCart VALUES ('300000011','123271','3');
INSERT INTO InCart VALUES ('300000011','105121','2');
INSERT INTO InCart VALUES ('300000011','101253','2');
INSERT INTO InCart VALUES ('300000011','125020','3');
INSERT INTO InCart VALUES ('300000012','123271','2');
INSERT INTO InCart VALUES ('300000012','105121','2');
INSERT INTO InCart VALUES ('300000012','101253','1');
INSERT INTO InCart VALUES ('300000013','123271','2');
INSERT INTO InCart VALUES ('300000013','105121','1');
INSERT INTO InCart VALUES ('300000013','101253','3');
INSERT INTO InCart VALUES ('300000013','125020','2');
INSERT INTO InCart VALUES ('300000014','123271','1');
INSERT INTO InCart VALUES ('300000014','105121','1');
INSERT INTO InCart VALUES ('300000017','123271','3');
INSERT INTO InCart VALUES ('300000017','105121','1');
INSERT INTO InCart VALUES ('300000017','101253','2');
INSERT INTO InCart VALUES ('300000017','125020','3');
INSERT INTO InCart VALUES ('300000019','123271','1');
INSERT INTO InCart VALUES ('300000019','105121','3');
INSERT INTO InCart VALUES ('300000020','123271','2');
INSERT INTO InCart VALUES ('300000020','105121','2');
INSERT INTO InCart VALUES ('300000020','101253','3');
INSERT INTO InCart VALUES ('300000020','125020','1');
INSERT INTO InCart VALUES ('300000022','123271','1');
INSERT INTO InCart VALUES ('300000022','105121','2');
INSERT INTO InCart VALUES ('300000023','123271','3');
INSERT INTO InCart VALUES ('300000025','123271','2');
INSERT INTO InCart VALUES ('300000025','105121','2');
INSERT INTO InCart VALUES ('300000025','101253','3');
INSERT INTO Member VALUES ('110000001','2022-12-31','100');
INSERT INTO Member VALUES ('110000002','2022-12-31','100');
INSERT INTO Member VALUES ('110000003','2022-12-31','100');
INSERT INTO Member VALUES ('110000004','2022-12-31','100');
INSERT INTO Member VALUES ('110000005','2022-12-31','100');
INSERT INTO Member VALUES ('110000006','2022-12-31','100');
INSERT INTO Member VALUES ('110000007','2022-12-31','100');
INSERT INTO Member VALUES ('110000008','2022-12-31','100');
INSERT INTO Member VALUES ('110000009','2022-12-31','100');
INSERT INTO Member VALUES ('110000010','2022-12-31','100');
INSERT INTO Member VALUES ('110000011','2022-12-31','100');
INSERT INTO Member VALUES ('110000012','2022-12-31','100');
INSERT INTO Member VALUES ('110000013','2022-12-31','100');
INSERT INTO Member VALUES ('110000014','2022-12-31','100');
INSERT INTO Member VALUES ('110000015','2022-12-31','100');
INSERT INTO Member VALUES ('110000016','2022-12-31','100');
INSERT INTO Member VALUES ('110000017','2022-12-31','100');
INSERT INTO Member VALUES ('110000018','2022-12-31','100');
INSERT INTO Member VALUES ('110000019','2022-12-31','100');
INSERT INTO Member VALUES ('110000020','2022-12-31','100');
INSERT INTO Member VALUES ('110000021','2022-12-31','100');
INSERT INTO Member VALUES ('110000022','2022-12-31','100');
INSERT INTO Member VALUES ('110000023','2022-12-31','100');
INSERT INTO Member VALUES ('110000024','2022-12-31','100');
INSERT INTO Member VALUES ('110000025','2022-12-31','100');
INSERT INTO Coupon VALUES ('110000001','120220','0.39','81','2026-02-26');
INSERT INTO Coupon VALUES ('110000001','130558','0.0','14','2024-11-05');
INSERT INTO Coupon VALUES ('110000001','103289','0.50','54','2026-08-27');
INSERT INTO Coupon VALUES ('110000001','116925','0.17','47','2023-08-20');
INSERT INTO Coupon VALUES ('110000002','117410','0.8','32','2025-05-20');
INSERT INTO Coupon VALUES ('110000002','107945','0.40','92','2023-12-18');
INSERT INTO Coupon VALUES ('110000004','102984','0.73','6','2026-03-23');
INSERT INTO Coupon VALUES ('110000004','117535','0.45','63','2024-07-23');
INSERT INTO Coupon VALUES ('110000004','120220','0.22','37','2024-10-10');
INSERT INTO Coupon VALUES ('110000004','116086','0.91','95','2024-02-11');
INSERT INTO Coupon VALUES ('110000004','130005','0.5','22','2025-03-16');
INSERT INTO Coupon VALUES ('110000005','115250','0.16','13','2026-05-10');
INSERT INTO Coupon VALUES ('110000005','102984','0.78','7','2026-09-13');
INSERT INTO Coupon VALUES ('110000005','130558','0.22','55','2022-06-09');
INSERT INTO Coupon VALUES ('110000005','125020','0.8','64','2025-06-24');
INSERT INTO Coupon VALUES ('110000005','107945','0.74','83','2022-09-17');
INSERT INTO Coupon VALUES ('110000006','130005','0.16','79','2022-05-05');
INSERT INTO Coupon VALUES ('110000006','107533','0.97','59','2025-11-09');
INSERT INTO Coupon VALUES ('110000006','120220','0.67','89','2024-01-05');
INSERT INTO Coupon VALUES ('110000006','113370','0.48','85','2025-12-24');
INSERT INTO Coupon VALUES ('110000008','120310','0.95','82','2026-01-06');
INSERT INTO Coupon VALUES ('110000008','102984','0.8','72','2025-03-04');
INSERT INTO Coupon VALUES ('110000009','115250','0.46','20','2026-06-08');
INSERT INTO Coupon VALUES ('110000010','121415','0.95','10','2022-08-20');
INSERT INTO Coupon VALUES ('110000010','101253','0.0','88','2026-08-28');
INSERT INTO Coupon VALUES ('110000010','109392','0.69','37','2023-12-26');
INSERT INTO Coupon VALUES ('110000011','125020','0.44','73','2026-05-13');
INSERT INTO Coupon VALUES ('110000011','101253','0.52','27','2023-01-20');
INSERT INTO Coupon VALUES ('110000011','130005','0.19','94','2022-10-25');
INSERT INTO Coupon VALUES ('110000011','115250','0.17','12','2024-01-24');
INSERT INTO Coupon VALUES ('110000012','110992','0.26','33','2023-01-16');
INSERT INTO Coupon VALUES ('110000014','132135','0.22','31','2026-12-23');
INSERT INTO Coupon VALUES ('110000014','131203','0.16','12','2022-10-11');
INSERT INTO Coupon VALUES ('110000014','120310','0.72','70','2022-09-09');
INSERT INTO Coupon VALUES ('110000015','132135','0.52','23','2024-03-18');
INSERT INTO Coupon VALUES ('110000015','130357','0.39','56','2024-01-01');
INSERT INTO Coupon VALUES ('110000017','120220','0.36','55','2024-04-01');
INSERT INTO Coupon VALUES ('110000017','132135','0.9','39','2026-02-28');
INSERT INTO Coupon VALUES ('110000017','103289','0.42','96','2023-05-23');
INSERT INTO Coupon VALUES ('110000017','117410','0.97','89','2023-04-20');
INSERT INTO Coupon VALUES ('110000017','121415','0.36','75','2025-04-06');
INSERT INTO Coupon VALUES ('110000018','107854','0.90','25','2023-03-07');
INSERT INTO Coupon VALUES ('110000019','117535','0.57','59','2023-12-13');
INSERT INTO Coupon VALUES ('110000019','117677','0.51','70','2022-06-23');
INSERT INTO Coupon VALUES ('110000020','110992','0.31','91','2024-05-06');
INSERT INTO Coupon VALUES ('110000020','130558','0.56','0','2023-12-09');
INSERT INTO Coupon VALUES ('110000020','116925','0.81','25','2023-07-08');
INSERT INTO Coupon VALUES ('110000020','100125','0.18','90','2024-02-11');
INSERT INTO Coupon VALUES ('110000020','130357','0.71','91','2025-04-26');
INSERT INTO Coupon VALUES ('110000021','131203','0.44','72','2024-07-27');
INSERT INTO Coupon VALUES ('110000022','117410','0.0','83','2025-10-18');
INSERT INTO Coupon VALUES ('110000022','117535','0.10','24','2023-04-05');
INSERT INTO Coupon VALUES ('110000022','120310','0.72','6','2022-01-05');
INSERT INTO Coupon VALUES ('110000022','120637','0.73','91','2025-12-15');
INSERT INTO Coupon VALUES ('110000023','120637','0.45','23','2024-08-22');
INSERT INTO Coupon VALUES ('110000023','120630','0.62','77','2024-06-03');
INSERT INTO Coupon VALUES ('110000023','107533','0.74','73','2022-02-05');
INSERT INTO Coupon VALUES ('110000024','103289','0.50','51','2025-08-26');
INSERT INTO Coupon VALUES ('110000024','121415','0.94','98','2023-01-10');
INSERT INTO Coupon VALUES ('110000024','107854','0.16','8','2022-10-10');
INSERT INTO Coupon VALUES ('110000024','120310','0.16','61','2025-09-26');
INSERT INTO Coupon VALUES ('110000025','117410','0.58','70','2022-12-14');
INSERT INTO Coupon VALUES ('110000025','105121','0.67','21','2025-04-25');
INSERT INTO Coupon VALUES ('110000025','123271','0.9','80','2026-03-21');
INSERT INTO Coupon VALUES ('110000025','103289','0.9','18','2026-05-03');
INSERT INTO Coupon VALUES ('110000025','132135','0.34','19','2026-11-10');
INSERT INTO Admin VALUES ('200000001');
INSERT INTO Admin VALUES ('200000002');
INSERT INTO Admin VALUES ('200000003');
INSERT INTO Admin VALUES ('200000004');
INSERT INTO Admin VALUES ('200000005');
INSERT INTO Admin VALUES ('200000006');
INSERT INTO Admin VALUES ('200000007');
INSERT INTO Admin VALUES ('200000008');
INSERT INTO Admin VALUES ('200000009');
INSERT INTO Admin VALUES ('200000010');
INSERT INTO Admin VALUES ('200000011');
INSERT INTO Admin VALUES ('200000012');
INSERT INTO Admin VALUES ('200000013');
INSERT INTO Admin VALUES ('200000014');
INSERT INTO Admin VALUES ('200000015');
INSERT INTO Admin VALUES ('200000016');
INSERT INTO Admin VALUES ('200000017');
INSERT INTO Admin VALUES ('200000018');
INSERT INTO Admin VALUES ('200000019');
INSERT INTO Admin VALUES ('200000020');
INSERT INTO Admin VALUES ('200000021');
INSERT INTO Admin VALUES ('200000022');
INSERT INTO Admin VALUES ('200000023');
INSERT INTO Admin VALUES ('200000024');
INSERT INTO Admin VALUES ('200000025');
INSERT INTO Manages VALUES ('200000023','www.421market.com/brand18','2018-06-22','5');
INSERT INTO Manages VALUES ('200000006','www.421market.com/brand5','2021-11-07','5');
INSERT INTO Manages VALUES ('200000021','www.421market.com/brand7','2022-08-26','5');
INSERT INTO Manages VALUES ('200000016','www.421market.com/brand13','2021-12-18','5');
INSERT INTO Manages VALUES ('200000022','www.421market.com/brand1','2019-08-29','5');
INSERT INTO Manages VALUES ('200000015','www.421market.com/brand16','2021-02-08','5');
INSERT INTO Manages VALUES ('200000002','www.421market.com/brand8','2022-05-09','5');
INSERT INTO Manages VALUES ('200000011','www.421market.com/brand9','2015-05-07','5');
INSERT INTO Manages VALUES ('200000019','www.421market.com/brand10','2022-04-02','5');
INSERT INTO Manages VALUES ('200000012','www.421market.com/brand11','2018-01-19','5');
INSERT INTO Manages VALUES ('200000005','www.421market.com/brand4','2022-01-21','5');
INSERT INTO Manages VALUES ('200000024','www.421market.com/brand14','2017-07-17','5');
INSERT INTO Manages VALUES ('200000014','www.421market.com/brand3','2020-12-03','5');
INSERT INTO Manages VALUES ('200000010','www.421market.com/brand6','2015-07-31','5');
INSERT INTO Manages VALUES ('200000008','www.421market.com/brand20','2021-12-03','5');
INSERT INTO Manages VALUES ('200000017','www.421market.com/brand17','2021-06-15','5');
INSERT INTO Manages VALUES ('200000001','www.421market.com/brand19','2019-11-22','5');
INSERT INTO Manages VALUES ('200000004','www.421market.com/brand2','2023-07-10','5');
INSERT INTO Manages VALUES ('200000013','www.421market.com/brand15','2015-07-02','5');
INSERT INTO Manages VALUES ('200000003','www.421market.com/brand12','2020-09-16','5');
INSERT INTO Manages VALUES ('200000001','www.421market.com/brand20','2017-03-23','1');
INSERT INTO Manages VALUES ('200000003','www.421market.com/brand5','2019-08-18','3');
INSERT INTO Manages VALUES ('200000004','www.421market.com/brand1','2016-09-21','1');
INSERT INTO Manages VALUES ('200000004','www.421market.com/brand20','2017-02-08','2');
INSERT INTO Manages VALUES ('200000005','www.421market.com/brand7','2015-01-07','1');
INSERT INTO Manages VALUES ('200000007','www.421market.com/brand19','2022-11-01','1');
INSERT INTO Manages VALUES ('200000007','www.421market.com/brand14','2020-02-28','4');
INSERT INTO Manages VALUES ('200000007','www.421market.com/brand16','2014-11-09','1');
INSERT INTO Manages VALUES ('200000008','www.421market.com/brand18','2021-12-20','1');
INSERT INTO Manages VALUES ('200000009','www.421market.com/brand5','2016-01-28','5');
INSERT INTO Manages VALUES ('200000010','www.421market.com/brand12','2016-11-26','4');
INSERT INTO Manages VALUES ('200000011','www.421market.com/brand5','2018-02-11','2');
INSERT INTO Manages VALUES ('200000011','www.421market.com/brand1','2015-06-22','4');
INSERT INTO Manages VALUES ('200000011','www.421market.com/brand18','2016-06-27','2');
INSERT INTO Manages VALUES ('200000012','www.421market.com/brand14','2021-07-04','5');
INSERT INTO Manages VALUES ('200000014','www.421market.com/brand15','2016-10-31','3');
INSERT INTO Manages VALUES ('200000014','www.421market.com/brand16','2014-07-22','4');
INSERT INTO Manages VALUES ('200000016','www.421market.com/brand10','2021-04-04','3');
INSERT INTO Manages VALUES ('200000016','www.421market.com/brand18','2017-09-25','5');
INSERT INTO Manages VALUES ('200000019','www.421market.com/brand16','2017-06-15','4');
INSERT INTO Manages VALUES ('200000019','www.421market.com/brand15','2023-02-16','4');
INSERT INTO Manages VALUES ('200000020','www.421market.com/brand9','2014-02-27','5');
INSERT INTO Manages VALUES ('200000020','www.421market.com/brand20','2015-08-29','2');
INSERT INTO Manages VALUES ('200000020','www.421market.com/brand7','2021-07-14','3');
INSERT INTO Manages VALUES ('200000021','www.421market.com/brand20','2022-06-12','5');
INSERT INTO Manages VALUES ('200000021','www.421market.com/brand19','2023-11-12','4');
INSERT INTO Manages VALUES ('200000021','www.421market.com/brand3','2017-07-23','5');
INSERT INTO Manages VALUES ('200000022','www.421market.com/brand18','2017-04-27','1');
INSERT INTO Manages VALUES ('200000023','www.421market.com/brand6','2019-12-03','2');
INSERT INTO Manages VALUES ('200000023','www.421market.com/brand14','2019-01-08','1');
INSERT INTO Manages VALUES ('200000025','www.421market.com/brand7','2021-08-24','3');
INSERT INTO Manages VALUES ('200000025','www.421market.com/brand12','2020-05-01','5');
INSERT INTO Manages VALUES ('200000025','www.421market.com/brand10','2017-02-11','5');
INSERT INTO Card VALUES ('1000000000025828','2024-05-19','100000001');
INSERT INTO Card VALUES ('1000000000013827','2026-10-21','100000001');
INSERT INTO Card VALUES ('1000000000016015','2025-09-15','100000002');
INSERT INTO Card VALUES ('1000000000021441','2026-12-17','100000002');
INSERT INTO Card VALUES ('1000000000021303','2025-09-06','100000002');
INSERT INTO Card VALUES ('1000000000012346','2027-12-31','100000003');
INSERT INTO Card VALUES ('1000000000029924','2025-03-18','100000003');
INSERT INTO Card VALUES ('1000000000021666','2025-02-17','100000003');
INSERT INTO Card VALUES ('1000000000026357','2028-11-09','100000004');
INSERT INTO Card VALUES ('1000000000020378','2024-08-28','100000004');
INSERT INTO Card VALUES ('1000000000027696','2026-12-03','100000004');
INSERT INTO Card VALUES ('1000000000016140','2024-07-14','100000005');
INSERT INTO Card VALUES ('1000000000018410','2025-01-15','100000005');
INSERT INTO Card VALUES ('1000000000020127','2028-04-20','100000006');
INSERT INTO Card VALUES ('1000000000029340','2028-06-26','100000007');
INSERT INTO Card VALUES ('1000000000009578','2027-05-01','100000007');
INSERT INTO Card VALUES ('1000000000013198','2027-11-15','100000008');
INSERT INTO Card VALUES ('1000000000008806','2024-02-27','100000010');
INSERT INTO Card VALUES ('1000000000021643','2024-04-11','100000010');
INSERT INTO Card VALUES ('1000000000025073','2026-08-28','100000010');
INSERT INTO Card VALUES ('1000000000001302','2026-09-02','100000010');
INSERT INTO Card VALUES ('1000000000003630','2029-02-07','100000011');
INSERT INTO Card VALUES ('1000000000009494','2027-09-09','100000011');
INSERT INTO Card VALUES ('1000000000004777','2026-06-26','100000011');
INSERT INTO Card VALUES ('1000000000026731','2025-01-14','100000013');
INSERT INTO Card VALUES ('1000000000019219','2024-05-12','100000013');
INSERT INTO Card VALUES ('1000000000011360','2027-10-07','100000013');
INSERT INTO Card VALUES ('1000000000011170','2026-02-16','100000013');
INSERT INTO Card VALUES ('1000000000018819','2026-02-25','100000014');
INSERT INTO Card VALUES ('1000000000030413','2027-09-18','100000015');
INSERT INTO Card VALUES ('1000000000021662','2026-01-25','100000015');
INSERT INTO Card VALUES ('1000000000025402','2025-03-05','100000015');
INSERT INTO Card VALUES ('1000000000015789','2025-08-12','100000015');
INSERT INTO Card VALUES ('1000000000016625','2027-07-22','100000016');
INSERT INTO Card VALUES ('1000000000005989','2024-10-03','100000016');
INSERT INTO Card VALUES ('1000000000025030','2027-01-19','100000016');
INSERT INTO Card VALUES ('1000000000031014','2028-08-17','100000016');
INSERT INTO Card VALUES ('1000000000011858','2027-11-10','100000017');
INSERT INTO Card VALUES ('1000000000005826','2026-04-13','100000017');
INSERT INTO Card VALUES ('1000000000006070','2025-11-20','100000017');
INSERT INTO Card VALUES ('1000000000011323','2026-10-18','100000018');
INSERT INTO Card VALUES ('1000000000031708','2025-08-02','100000018');
INSERT INTO Card VALUES ('1000000000024019','2029-01-30','100000019');
INSERT INTO Card VALUES ('1000000000021795','2028-10-16','100000019');
INSERT INTO Card VALUES ('1000000000029727','2026-03-22','100000019');
INSERT INTO Card VALUES ('1000000000004754','2024-03-29','100000019');
INSERT INTO Card VALUES ('1000000000029631','2028-07-18','100000020');
INSERT INTO Card VALUES ('1000000000004838','2027-10-21','100000021');
INSERT INTO Card VALUES ('1000000000003602','2028-08-28','100000022');
INSERT INTO Card VALUES ('1000000000004938','2028-02-13','100000022');
INSERT INTO Card VALUES ('1000000000007797','2026-11-30','100000022');
INSERT INTO Card VALUES ('1000000000001691','2026-12-02','100000022');
INSERT INTO Card VALUES ('1000000000012324','2025-07-21','100000023');
INSERT INTO Card VALUES ('1000000000007736','2025-05-07','100000023');
INSERT INTO Card VALUES ('1000000000009664','2025-07-28','100000024');
INSERT INTO Card VALUES ('1000000000022070','2026-12-11','100000024');
INSERT INTO Card VALUES ('1000000000007663','2025-04-03','100000024');
INSERT INTO Card VALUES ('1000000000025373','2026-10-09','100000024');
INSERT INTO Card VALUES ('1000000000018032','2026-01-01','100000025');
INSERT INTO Card VALUES ('1000000000031350','2029-01-28','100000025');
INSERT INTO Card VALUES ('1000000000027158','2026-10-05','100000025');
INSERT INTO Card VALUES ('1000000000000201','2026-07-08','110000002');
INSERT INTO Card VALUES ('1000000000005532','2027-12-09','110000002');
INSERT INTO Card VALUES ('1000000000019657','2028-12-25','110000002');
INSERT INTO Card VALUES ('1000000000031142','2027-05-02','110000002');
INSERT INTO Card VALUES ('1000000000029734','2025-03-08','110000003');
INSERT INTO Card VALUES ('1000000000001175','2026-05-13','110000003');
INSERT INTO Card VALUES ('1000000000005676','2028-12-24','110000003');
INSERT INTO Card VALUES ('1000000000018171','2027-04-22','110000005');
INSERT INTO Card VALUES ('1000000000018223','2025-09-08','110000006');
INSERT INTO Card VALUES ('1000000000019101','2024-06-07','110000006');
INSERT INTO Card VALUES ('1000000000018310','2027-05-17','110000006');
INSERT INTO Card VALUES ('1000000000005779','2025-08-20','110000006');
INSERT INTO Card VALUES ('1000000000016350','2024-06-30','110000007');
INSERT INTO Card VALUES ('1000000000013357','2027-07-02','110000007');
INSERT INTO Card VALUES ('1000000000032492','2025-04-08','110000007');
INSERT INTO Card VALUES ('1000000000003719','2027-04-07','110000007');
INSERT INTO Card VALUES ('1000000000007907','2024-10-24','110000008');
INSERT INTO Card VALUES ('1000000000011409','2028-09-29','110000008');
INSERT INTO Card VALUES ('1000000000011842','2025-03-01','110000008');
INSERT INTO Card VALUES ('1000000000024165','2024-02-26','110000009');
INSERT INTO Card VALUES ('1000000000002611','2028-04-11','110000009');
INSERT INTO Card VALUES ('1000000000031545','2025-09-05','110000010');
INSERT INTO Card VALUES ('1000000000012694','2028-04-14','110000011');
INSERT INTO Card VALUES ('1000000000026187','2029-01-14','110000011');
INSERT INTO Card VALUES ('1000000000000958','2027-02-28','110000014');
INSERT INTO Card VALUES ('1000000000023931','2027-02-11','110000015');
INSERT INTO Card VALUES ('1000000000014866','2024-03-27','110000017');
INSERT INTO Card VALUES ('1000000000014799','2025-12-17','110000019');
INSERT INTO Card VALUES ('1000000000001937','2026-02-05','110000019');
INSERT INTO Card VALUES ('1000000000001325','2028-05-09','110000020');
INSERT INTO Card VALUES ('1000000000025724','2027-11-18','110000020');
INSERT INTO Card VALUES ('1000000000016188','2025-11-20','110000020');
INSERT INTO Card VALUES ('1000000000003923','2026-09-12','110000020');
INSERT INTO Card VALUES ('1000000000005516','2025-12-17','110000021');
INSERT INTO Card VALUES ('1000000000021208','2028-11-17','110000021');
INSERT INTO Card VALUES ('1000000000013057','2027-07-02','110000021');
INSERT INTO Card VALUES ('1000000000025394','2026-03-04','110000021');
INSERT INTO Card VALUES ('1000000000014502','2026-01-30','110000022');
INSERT INTO Card VALUES ('1000000000012612','2025-12-24','110000022');
INSERT INTO Card VALUES ('1000000000011554','2024-04-02','110000023');
INSERT INTO Card VALUES ('1000000000023127','2024-03-12','110000023');
INSERT INTO Card VALUES ('1000000000031759','2026-03-29','110000023');
INSERT INTO Card VALUES ('1000000000016633','2028-06-09','110000023');
INSERT INTO Card VALUES ('1000000000027010','2024-08-31','110000025');
INSERT INTO Card VALUES ('1000000000028727','2028-09-12',NULL);
INSERT INTO Card VALUES ('1000000000003155','2028-09-08',NULL);
INSERT INTO Card VALUES ('1000000000014509','2028-04-10',NULL);
INSERT INTO Card VALUES ('1000000000002994','2027-01-07',NULL);
INSERT INTO Card VALUES ('1000000000010496','2028-09-21',NULL);
INSERT INTO Card VALUES ('1000000000007171','2025-02-19',NULL);
INSERT INTO Card VALUES ('1000000000009195','2026-01-01',NULL);
INSERT INTO Card VALUES ('1000000000024406','2025-03-05',NULL);
INSERT INTO Card VALUES ('1000000000031938','2028-03-15',NULL);
INSERT INTO Card VALUES ('1000000000014480','2025-06-09',NULL);
INSERT INTO Card VALUES ('1000000000030589','2024-11-28',NULL);
INSERT INTO Card VALUES ('1000000000016594','2024-08-26',NULL);
INSERT INTO Card VALUES ('1000000000006674','2024-11-26',NULL);
INSERT INTO Card VALUES ('1000000000031321','2024-07-17',NULL);
INSERT INTO Card VALUES ('1000000000032092','2024-06-21',NULL);
INSERT INTO Card VALUES ('1000000000026101','2026-11-25',NULL);
INSERT INTO Card VALUES ('1000000000007168','2027-07-26',NULL);
INSERT INTO Card VALUES ('1000000000004226','2025-06-30',NULL);
INSERT INTO Card VALUES ('1000000000011225','2027-01-09',NULL);
INSERT INTO Card VALUES ('1000000000025304','2027-09-13',NULL);
INSERT INTO Card VALUES ('1000000000028228','2024-06-23',NULL);
INSERT INTO Card VALUES ('1000000000007374','2027-11-19',NULL);
INSERT INTO Card VALUES ('1000000000030035','2028-06-06',NULL);
INSERT INTO Card VALUES ('1000000000022376','2024-11-11',NULL);
INSERT INTO Card VALUES ('1000000000010786','2025-04-28',NULL);
INSERT INTO Card VALUES ('1000000000001966','2026-03-31',NULL);
INSERT INTO Card VALUES ('1000000000022411','2026-10-31',NULL);
INSERT INTO Card VALUES ('1000000000026963','2028-06-09',NULL);
INSERT INTO Card VALUES ('1000000000027585','2026-10-09',NULL);
INSERT INTO Card VALUES ('1000000000030834','2028-12-09',NULL);
INSERT INTO Restock VALUES ('Supplier5','1','Location5','2024-02-06');
INSERT INTO Restock VALUES ('Supplier4','1','Location6','2023-10-07');
INSERT INTO Restock VALUES ('Supplier8','1','Location7','2023-09-06');
INSERT INTO Restock VALUES ('Supplier1','1','Location6','2024-02-02');
INSERT INTO Restock VALUES ('Supplier6','1','Location6','2023-10-05');
INSERT INTO Restock VALUES ('Supplier2','1','Location7','2023-08-12');
INSERT INTO Restock VALUES ('Supplier1','2','Location1','2023-07-23');
INSERT INTO Restock VALUES ('Supplier8','2','Location5','2023-05-03');
INSERT INTO Restock VALUES ('Supplier1','3','Location8','2023-12-06');
INSERT INTO Restock VALUES ('Supplier10','1','Location10','2023-11-21');
INSERT INTO Restock VALUES ('Supplier2','2','Location8','2023-11-28');
INSERT INTO Restock VALUES ('Supplier8','3','Location9','2023-07-15');
INSERT INTO Restock VALUES ('Supplier7','1','Location10','2023-05-25');
INSERT INTO Restock VALUES ('Supplier4','2','Location9','2023-10-18');
INSERT INTO Restock VALUES ('Supplier6','2','Location10','2023-07-13');
INSERT INTO Restock VALUES ('Supplier1','4','Location5','2023-06-12');
INSERT INTO Restock VALUES ('Supplier7','2','Location6','2023-03-21');
INSERT INTO Restock VALUES ('Supplier7','3','Location7','2023-12-23');
INSERT INTO Restock VALUES ('Supplier3','1','Location9','2023-09-03');
INSERT INTO Restock VALUES ('Supplier1','5','Location3','2023-11-26');
INSERT INTO Restock VALUES ('Supplier10','2','Location8','2023-08-31');
INSERT INTO Restock VALUES ('Supplier7','4','Location8','2023-06-23');
INSERT INTO Restock VALUES ('Supplier10','3','Location8','2023-03-18');
INSERT INTO Restock VALUES ('Supplier2','3','Location2','2024-01-29');
INSERT INTO Restock VALUES ('Supplier5','2','Location8','2023-09-04');
INSERT INTO Restock VALUES ('Supplier3','2','Location7','2023-04-28');
INSERT INTO Restock VALUES ('Supplier7','5','Location5','2023-10-24');
INSERT INTO Restock VALUES ('Supplier6','3','Location5','2023-09-16');
INSERT INTO Restock VALUES ('Supplier6','4','Location3','2023-07-07');
INSERT INTO Restock VALUES ('Supplier1','6','Location1','2023-10-03');
INSERT INTO Order VALUES ('100000001','Address 1','0','2023-09-25','Email1@example.com','1000000000021662');
INSERT INTO Order VALUES ('100000002','Address 2','0','2023-08-17','Email2@example.com','1000000000026101');
INSERT INTO Order VALUES ('100000003','Address 3','0','2023-05-18','Email3@example.com','1000000000010786');
INSERT INTO Order VALUES ('100000004','Address 4','0','2024-01-12','Email4@example.com','1000000000031321');
INSERT INTO Order VALUES ('100000005','Address 5','0','2024-01-01','Email5@example.com','1000000000014509');
INSERT INTO Order VALUES ('100000006','Address 6','0','2023-08-17','Email6@example.com','1000000000032492');
INSERT INTO Order VALUES ('100000007','Address 7','0','2023-05-23','Email7@example.com','1000000000011858');
INSERT INTO Order VALUES ('100000008','Address 8','0','2023-11-15','Email8@example.com','1000000000003602');
INSERT INTO Order VALUES ('100000009','Address 9','0','2023-05-31','Email9@example.com','1000000000004777');
INSERT INTO Order VALUES ('100000010','Address 10','0','2023-09-08','Email10@example.com','1000000000003155');
INSERT INTO Product VALUES ('131203','100000001',NULL,NULL,'Supplier8','1');
INSERT INTO Product VALUES ('131203','100000002',NULL,NULL,'Supplier1','2');
INSERT INTO Product VALUES ('117535','100000001',NULL,NULL,'Supplier7','1');
INSERT INTO Product VALUES ('117535','100000002',NULL,NULL,'Supplier7','1');
INSERT INTO Product VALUES ('117535','100000003',NULL,NULL,'Supplier7','3');
INSERT INTO Product VALUES ('117535','100000004',NULL,NULL,'Supplier7','4');
INSERT INTO Product VALUES ('117535','100000005',NULL,NULL,'Supplier1','2');
INSERT INTO Product VALUES ('117535','100000006',NULL,NULL,'Supplier5','1');
INSERT INTO Product VALUES ('117535','100000007',NULL,NULL,'Supplier2','2');
INSERT INTO Product VALUES ('117535','100000008',NULL,NULL,'Supplier6','2');
INSERT INTO Product VALUES ('117535','100000009',NULL,NULL,'Supplier7','4');
INSERT INTO Product VALUES ('117535','100000010',NULL,NULL,'Supplier1','3');
INSERT INTO Product VALUES ('132135','100000001',NULL,NULL,'Supplier4','1');
INSERT INTO Product VALUES ('132135','100000002',NULL,NULL,'Supplier6','2');
INSERT INTO Product VALUES ('132135','100000003',NULL,NULL,'Supplier10','3');
INSERT INTO Product VALUES ('132135','100000004',NULL,NULL,'Supplier6','4');
INSERT INTO Product VALUES ('123271','100000001',NULL,NULL,'Supplier2','2');
INSERT INTO Product VALUES ('123271','100000002',NULL,NULL,'Supplier10','2');
INSERT INTO Product VALUES ('123271','100000003',NULL,NULL,'Supplier7','5');
INSERT INTO Product VALUES ('123271','100000004',NULL,NULL,'Supplier6','1');
INSERT INTO Product VALUES ('123271','100000005',NULL,NULL,'Supplier6','4');
INSERT INTO Product VALUES ('123271','100000006',NULL,NULL,'Supplier4','2');
INSERT INTO Product VALUES ('123271','100000007',NULL,NULL,'Supplier4','1');
INSERT INTO Product VALUES ('123271','100000008',NULL,NULL,'Supplier10','1');
INSERT INTO Product VALUES ('120310','100000001',NULL,NULL,'Supplier10','1');
INSERT INTO Product VALUES ('120310','100000002',NULL,NULL,'Supplier8','3');
INSERT INTO Product VALUES ('120310','100000003',NULL,NULL,'Supplier7','4');
INSERT INTO Product VALUES ('120310','100000004',NULL,NULL,'Supplier10','1');
INSERT INTO Product VALUES ('120310','100000005',NULL,NULL,'Supplier2','2');
INSERT INTO Product VALUES ('120310','100000006',NULL,NULL,'Supplier1','6');
INSERT INTO Product VALUES ('121415','100000001',NULL,NULL,'Supplier7','1');
INSERT INTO Product VALUES ('121415','100000002',NULL,NULL,'Supplier7','4');
INSERT INTO Product VALUES ('121415','100000003',NULL,NULL,'Supplier8','3');
INSERT INTO Product VALUES ('121415','100000004',NULL,NULL,'Supplier1','1');
INSERT INTO Product VALUES ('121415','100000005',NULL,NULL,'Supplier6','4');
INSERT INTO Product VALUES ('121415','100000006',NULL,NULL,'Supplier6','2');
INSERT INTO Product VALUES ('116925','100000001',NULL,NULL,'Supplier7','3');
INSERT INTO Product VALUES ('116925','100000002',NULL,NULL,'Supplier6','4');
INSERT INTO Product VALUES ('116925','100000003',NULL,NULL,'Supplier8','2');
INSERT INTO Product VALUES ('116925','100000004',NULL,NULL,'Supplier8','3');
INSERT INTO Product VALUES ('116925','100000005',NULL,NULL,'Supplier7','3');
INSERT INTO Product VALUES ('116925','100000006',NULL,NULL,'Supplier7','5');
INSERT INTO Product VALUES ('116925','100000007',NULL,NULL,'Supplier3','2');
INSERT INTO Product VALUES ('116925','100000008',NULL,NULL,'Supplier8','2');
INSERT INTO Product VALUES ('116925','100000009',NULL,NULL,'Supplier7','4');
INSERT INTO Product VALUES ('116925','100000010',NULL,NULL,'Supplier6','3');
INSERT INTO Product VALUES ('116925','100000011',NULL,NULL,'Supplier6','2');
INSERT INTO Product VALUES ('116925','100000012',NULL,NULL,'Supplier5','1');
INSERT INTO Product VALUES ('125020','100000001',NULL,NULL,'Supplier7','5');
INSERT INTO Product VALUES ('125020','100000002',NULL,NULL,'Supplier8','1');
INSERT INTO Product VALUES ('125020','100000003',NULL,NULL,'Supplier7','5');
INSERT INTO Product VALUES ('125020','100000004',NULL,NULL,'Supplier7','3');
INSERT INTO Product VALUES ('125020','100000005',NULL,NULL,'Supplier1','5');
INSERT INTO Product VALUES ('117410','100000001',NULL,NULL,'Supplier1','5');
INSERT INTO Product VALUES ('117410','100000002',NULL,NULL,'Supplier7','4');
INSERT INTO Product VALUES ('117410','100000003',NULL,NULL,'Supplier6','3');
INSERT INTO Product VALUES ('117410','100000004',NULL,NULL,'Supplier6','1');
INSERT INTO Product VALUES ('102984','100000001',NULL,NULL,'Supplier7','5');
INSERT INTO Product VALUES ('109392','100000001',NULL,NULL,'Supplier1','4');
INSERT INTO Product VALUES ('109392','100000002',NULL,NULL,'Supplier5','2');
INSERT INTO Product VALUES ('109392','100000003',NULL,NULL,'Supplier1','1');
INSERT INTO Product VALUES ('109392','100000004',NULL,NULL,'Supplier2','3');
INSERT INTO Product VALUES ('109392','100000005',NULL,NULL,'Supplier10','1');
INSERT INTO Product VALUES ('109392','100000006',NULL,NULL,'Supplier1','3');
INSERT INTO Product VALUES ('109392','100000007',NULL,NULL,'Supplier6','3');
INSERT INTO Product VALUES ('109392','100000008',NULL,NULL,'Supplier3','2');
INSERT INTO Product VALUES ('109392','100000009',NULL,NULL,'Supplier10','1');
INSERT INTO Product VALUES ('109392','100000010',NULL,NULL,'Supplier5','2');
INSERT INTO Product VALUES ('109392','100000011',NULL,NULL,'Supplier1','6');
INSERT INTO Product VALUES ('100125','100000001',NULL,NULL,'Supplier1','4');
INSERT INTO Product VALUES ('100125','100000002',NULL,NULL,'Supplier5','1');
INSERT INTO Product VALUES ('100125','100000003',NULL,NULL,'Supplier4','1');
INSERT INTO Product VALUES ('100125','100000004',NULL,NULL,'Supplier6','4');
INSERT INTO Product VALUES ('100125','100000005',NULL,NULL,'Supplier7','2');
INSERT INTO Product VALUES ('100125','100000006',NULL,NULL,'Supplier3','1');
INSERT INTO Product VALUES ('100125','100000007',NULL,NULL,'Supplier1','4');
INSERT INTO Product VALUES ('100125','100000008',NULL,NULL,'Supplier10','3');
INSERT INTO Product VALUES ('100125','100000009',NULL,NULL,'Supplier4','2');
INSERT INTO Product VALUES ('101253','100000001',NULL,NULL,'Supplier10','3');
INSERT INTO Product VALUES ('101253','100000002',NULL,NULL,'Supplier4','1');
INSERT INTO Product VALUES ('101253','100000003',NULL,NULL,'Supplier8','2');
INSERT INTO Product VALUES ('101253','100000004',NULL,NULL,'Supplier7','2');
INSERT INTO Product VALUES ('101253','100000005',NULL,NULL,'Supplier10','2');
INSERT INTO Product VALUES ('101253','100000006',NULL,NULL,'Supplier7','5');
INSERT INTO Product VALUES ('101253','100000007',NULL,NULL,'Supplier8','1');
INSERT INTO Product VALUES ('101253','100000008',NULL,NULL,'Supplier5','1');
INSERT INTO Product VALUES ('101253','100000009',NULL,NULL,'Supplier8','2');
INSERT INTO Product VALUES ('101253','100000010',NULL,NULL,'Supplier6','1');
INSERT INTO Product VALUES ('101253','100000011',NULL,NULL,'Supplier7','3');
INSERT INTO Product VALUES ('101253','100000012',NULL,NULL,'Supplier10','1');
INSERT INTO Product VALUES ('101253','100000013',NULL,NULL,'Supplier1','6');
INSERT INTO Product VALUES ('107945','100000001',NULL,NULL,'Supplier1','2');
INSERT INTO Product VALUES ('107945','100000002',NULL,NULL,'Supplier8','2');
INSERT INTO Product VALUES ('107945','100000003',NULL,NULL,'Supplier8','3');
INSERT INTO Product VALUES ('107945','100000004',NULL,NULL,'Supplier2','1');
INSERT INTO Product VALUES ('107945','100000005',NULL,NULL,'Supplier1','1');
INSERT INTO Product VALUES ('107945','100000006',NULL,NULL,'Supplier6','2');
INSERT INTO Product VALUES ('107945','100000007',NULL,NULL,'Supplier7','1');
INSERT INTO Product VALUES ('107533','100000001',NULL,NULL,'Supplier1','5');
INSERT INTO Product VALUES ('107533','100000002',NULL,NULL,'Supplier4','2');
INSERT INTO Product VALUES ('107533','100000003',NULL,NULL,'Supplier2','3');
INSERT INTO Product VALUES ('107533','100000004',NULL,NULL,'Supplier1','4');
INSERT INTO Product VALUES ('107533','100000005',NULL,NULL,'Supplier2','1');
INSERT INTO Product VALUES ('107533','100000006',NULL,NULL,'Supplier10','3');
INSERT INTO Product VALUES ('107533','100000007',NULL,NULL,'Supplier1','5');
INSERT INTO Product VALUES ('107533','100000008',NULL,NULL,'Supplier5','2');
INSERT INTO Product VALUES ('107533','100000009',NULL,NULL,'Supplier7','1');
INSERT INTO Product VALUES ('107533','100000010',NULL,NULL,'Supplier1','2');
INSERT INTO Product VALUES ('105121','100000001',NULL,NULL,'Supplier2','3');
INSERT INTO Product VALUES ('105121','100000002',NULL,NULL,'Supplier1','2');
INSERT INTO Product VALUES ('105121','100000003',NULL,NULL,'Supplier5','1');
INSERT INTO Product VALUES ('105121','100000004',NULL,NULL,'Supplier4','2');
INSERT INTO Product VALUES ('105121','100000005',NULL,NULL,'Supplier6','2');
INSERT INTO Product VALUES ('105121','100000006',NULL,NULL,'Supplier5','1');
INSERT INTO Product VALUES ('130357','100000001',NULL,NULL,'Supplier8','1');
INSERT INTO Product VALUES ('107854','100000001',NULL,NULL,'Supplier7','1');
INSERT INTO Product VALUES ('107854','100000002',NULL,NULL,'Supplier6','3');
INSERT INTO Product VALUES ('107854','100000003',NULL,NULL,'Supplier2','1');
INSERT INTO Product VALUES ('107854','100000004',NULL,NULL,'Supplier2','1');
INSERT INTO Product VALUES ('107854','100000005',NULL,NULL,'Supplier7','1');
INSERT INTO Product VALUES ('107854','100000006',NULL,NULL,'Supplier7','3');
INSERT INTO Product VALUES ('103289','100000001',NULL,NULL,'Supplier3','1');
INSERT INTO Product VALUES ('103289','100000002',NULL,NULL,'Supplier7','4');
INSERT INTO Product VALUES ('103289','100000003',NULL,NULL,'Supplier2','1');
INSERT INTO Product VALUES ('103289','100000004',NULL,NULL,'Supplier2','3');
INSERT INTO Product VALUES ('103289','100000005',NULL,NULL,'Supplier8','1');
INSERT INTO Product VALUES ('103289','100000006',NULL,NULL,'Supplier1','3');
INSERT INTO Product VALUES ('103289','100000007',NULL,NULL,'Supplier7','5');
INSERT INTO Product VALUES ('103289','100000008',NULL,NULL,'Supplier5','2');
INSERT INTO Product VALUES ('103289','100000009',NULL,NULL,'Supplier4','2');
INSERT INTO Product VALUES ('103289','100000010',NULL,NULL,'Supplier2','2');
INSERT INTO Product VALUES ('103289','100000011',NULL,NULL,'Supplier7','5');
INSERT INTO Product VALUES ('120637','100000001',NULL,NULL,'Supplier3','1');
INSERT INTO Product VALUES ('120637','100000002',NULL,NULL,'Supplier1','5');
INSERT INTO Product VALUES ('120637','100000003',NULL,NULL,'Supplier7','5');
INSERT INTO Product VALUES ('120637','100000004',NULL,NULL,'Supplier3','1');
INSERT INTO Product VALUES ('117677','100000001',NULL,NULL,'Supplier3','1');
INSERT INTO Product VALUES ('117677','100000002',NULL,NULL,'Supplier2','2');
INSERT INTO Product VALUES ('117677','100000003',NULL,NULL,'Supplier10','2');
INSERT INTO Product VALUES ('117677','100000004',NULL,NULL,'Supplier2','3');
INSERT INTO Product VALUES ('117677','100000005',NULL,NULL,'Supplier10','2');
INSERT INTO Product VALUES ('117677','100000006',NULL,NULL,'Supplier7','3');
INSERT INTO Product VALUES ('117677','100000007',NULL,NULL,'Supplier6','1');
INSERT INTO Product VALUES ('117677','100000008',NULL,NULL,'Supplier2','3');
INSERT INTO Product VALUES ('117677','100000009',NULL,NULL,'Supplier1','4');
INSERT INTO Product VALUES ('117677','100000010',NULL,NULL,'Supplier10','2');
INSERT INTO Product VALUES ('117677','100000011',NULL,NULL,'Supplier7','5');
INSERT INTO Product VALUES ('117677','100000012',NULL,NULL,'Supplier7','2');
INSERT INTO Product VALUES ('117677','100000013',NULL,NULL,'Supplier2','1');
INSERT INTO Product VALUES ('117677','100000014',NULL,NULL,'Supplier1','4');
INSERT INTO Product VALUES ('120220','100000001',NULL,NULL,'Supplier1','3');
INSERT INTO Product VALUES ('120220','100000002',NULL,NULL,'Supplier1','6');
INSERT INTO Product VALUES ('120220','100000003',NULL,NULL,'Supplier10','2');
INSERT INTO Product VALUES ('120220','100000004',NULL,NULL,'Supplier2','1');
INSERT INTO Product VALUES ('120220','100000005',NULL,NULL,'Supplier1','1');
INSERT INTO Product VALUES ('120220','100000006',NULL,NULL,'Supplier8','2');
INSERT INTO Product VALUES ('120220','100000007',NULL,NULL,'Supplier2','1');
INSERT INTO Product VALUES ('120630','100000001',NULL,NULL,'Supplier1','5');
INSERT INTO Product VALUES ('130558','100000001',NULL,NULL,'Supplier1','1');
INSERT INTO Product VALUES ('130558','100000002',NULL,NULL,'Supplier7','2');
INSERT INTO Product VALUES ('130558','100000003',NULL,NULL,'Supplier1','1');
INSERT INTO Product VALUES ('130558','100000004',NULL,NULL,'Supplier6','1');
INSERT INTO Product VALUES ('130558','100000005',NULL,NULL,'Supplier4','2');
INSERT INTO Product VALUES ('115250','100000001',NULL,NULL,'Supplier4','2');
INSERT INTO Product VALUES ('115250','100000002',NULL,NULL,'Supplier5','1');
INSERT INTO Product VALUES ('115250','100000003',NULL,NULL,'Supplier3','1');
INSERT INTO Product VALUES ('115250','100000004',NULL,NULL,'Supplier10','1');
INSERT INTO Product VALUES ('115250','100000005',NULL,NULL,'Supplier3','1');
INSERT INTO Product VALUES ('115250','100000006',NULL,NULL,'Supplier1','2');
INSERT INTO Product VALUES ('110992','100000001',NULL,NULL,'Supplier4','2');
INSERT INTO Product VALUES ('110992','100000002',NULL,NULL,'Supplier5','1');
INSERT INTO Product VALUES ('113370','100000001',NULL,NULL,'Supplier5','1');
INSERT INTO Product VALUES ('113370','100000002',NULL,NULL,'Supplier7','2');
INSERT INTO Product VALUES ('113370','100000003',NULL,NULL,'Supplier7','4');
INSERT INTO Product VALUES ('113370','100000004',NULL,NULL,'Supplier10','3');
