-- Generated by script
INSERT INTO Admin VALUES ('200000001');
INSERT INTO Admin VALUES ('200000002');
INSERT INTO Admin VALUES ('200000003');
INSERT INTO Belongs VALUES ('Furniture','118164');
INSERT INTO Belongs VALUES ('Groceries','118164');
INSERT INTO Belongs VALUES ('Fashion','118164');
INSERT INTO Belongs VALUES ('Pet Supplies','118164');
INSERT INTO Belongs VALUES ('Toys','127349');
INSERT INTO Belongs VALUES ('Home Appliances','127349');
INSERT INTO Belongs VALUES ('Sports','127722');
INSERT INTO Belongs VALUES ('Fashion','127722');
INSERT INTO Belongs VALUES ('Home Appliances','127722');
INSERT INTO Belongs VALUES ('Art Supplies','112065');
INSERT INTO Belongs VALUES ('Music','112065');
INSERT INTO Belongs VALUES ('Music','112065');
INSERT INTO Belongs VALUES ('Automotive','112065');
INSERT INTO Belongs VALUES ('Books','126494');
INSERT INTO Belongs VALUES ('Home Appliances','126494');
INSERT INTO Belongs VALUES ('Gaming','100057');
INSERT INTO Belongs VALUES ('Groceries','121644');
INSERT INTO Belongs VALUES ('Books','121644');
INSERT INTO Belongs VALUES ('Gaming','121644');
INSERT INTO Belongs VALUES ('Home Appliances','121644');
INSERT INTO BrandPage VALUES ('www.421market.com/brand1','Brand 1','This is the description for Brand 1.');
INSERT INTO BrandPage VALUES ('www.421market.com/brand2','Brand 2','This is the description for Brand 2.');
INSERT INTO BrandPage VALUES ('www.421market.com/brand3','Brand 3','This is the description for Brand 3.');
INSERT INTO Card VALUES ('1000000000028584','2028-04-04','100000001');
INSERT INTO Card VALUES ('1000000000030255','2028-06-29','100000001');
INSERT INTO Card VALUES ('1000000000000829','2028-12-20','100000001');
INSERT INTO Card VALUES ('1000000000026384','2026-05-20','100000001');
INSERT INTO Card VALUES ('1000000000031287','2026-10-25','100000003');
INSERT INTO Card VALUES ('1000000000002624','2028-01-10','100000003');
INSERT INTO Card VALUES ('1000000000005083','2026-12-06','100000003');
INSERT INTO Card VALUES ('1000000000012131','2024-04-11','100000003');
INSERT INTO Card VALUES ('1000000000006368','2028-12-20','110000001');
INSERT INTO Card VALUES ('1000000000027520','2026-12-16','110000001');
INSERT INTO Card VALUES ('1000000000006694','2025-08-25','110000002');
INSERT INTO Card VALUES ('1000000000025746','2028-02-14','110000002');
INSERT INTO Card VALUES ('1000000000009766','2026-10-03','110000002');
INSERT INTO Card VALUES ('1000000000021238','2027-08-26','110000003');
INSERT INTO Card VALUES ('1000000000017157','2028-09-18','NULL');
INSERT INTO Card VALUES ('1000000000030322','2027-07-30','NULL');
INSERT INTO Card VALUES ('1000000000000165','2025-01-07','NULL');
INSERT INTO Card VALUES ('1000000000010264','2026-09-27','NULL');
INSERT INTO Category VALUES ('Electronics');
INSERT INTO Category VALUES ('Fashion');
INSERT INTO Category VALUES ('Home Appliances');
INSERT INTO Category VALUES ('Books');
INSERT INTO Category VALUES ('Sports');
INSERT INTO Category VALUES ('Groceries');
INSERT INTO Category VALUES ('Toys');
INSERT INTO Category VALUES ('Furniture');
INSERT INTO Category VALUES ('Automotive');
INSERT INTO Category VALUES ('Health and Beauty');
INSERT INTO Category VALUES ('Gaming');
INSERT INTO Category VALUES ('Gardening');
INSERT INTO Category VALUES ('Music');
INSERT INTO Category VALUES ('Art Supplies');
INSERT INTO Category VALUES ('Pet Supplies');
INSERT INTO Coupon VALUES ('110000002','108116','0.55','50','2023-05-06');
INSERT INTO Coupon VALUES ('110000002','129216','0.40','59','2025-08-22');
INSERT INTO Coupon VALUES ('110000002','127862','0.14','76','2026-09-11');
INSERT INTO Coupon VALUES ('110000003','129979','0.93','94','2024-10-02');
INSERT INTO Coupon VALUES ('110000003','110571','0.13','16','2022-02-14');
INSERT INTO Coupon VALUES ('110000003','132464','0.33','47','2025-08-14');
INSERT INTO Coupon VALUES ('110000003','126759','0.42','19','2024-07-28');
INSERT INTO Customer VALUES ('100000001');
INSERT INTO Customer VALUES ('100000002');
INSERT INTO Customer VALUES ('100000003');
INSERT INTO Customer VALUES ('110000001');
INSERT INTO Customer VALUES ('110000002');
INSERT INTO Customer VALUES ('110000003');
INSERT INTO Guest VALUES ('300000001');
INSERT INTO Guest VALUES ('300000002');
INSERT INTO Guest VALUES ('300000003');
INSERT INTO InCart VALUES ('100000001','127349','3');
INSERT INTO InCart VALUES ('100000002','118164','1');
INSERT INTO InCart VALUES ('100000002','127722','2');
INSERT INTO InCart VALUES ('100000002','121644','1');
INSERT INTO InCart VALUES ('100000002','118164','3');
INSERT INTO InCart VALUES ('100000003','127349','2');
INSERT INTO InCart VALUES ('100000003','125588','2');
INSERT INTO InCart VALUES ('100000003','126494','2');
INSERT INTO InCart VALUES ('100000003','125588','3');
INSERT INTO InCart VALUES ('110000002','112167','3');
INSERT INTO InCart VALUES ('110000002','100057','3');
INSERT INTO InCart VALUES ('110000002','121644','3');
INSERT INTO InCart VALUES ('110000003','127349','1');
INSERT INTO InCart VALUES ('200000002','127981','1');
INSERT INTO InCart VALUES ('200000002','121644','3');
INSERT INTO InCart VALUES ('200000002','127349','1');
INSERT INTO InCart VALUES ('200000003','127722','1');
INSERT INTO InCart VALUES ('200000003','127349','2');
INSERT INTO InCart VALUES ('200000003','126494','2');
INSERT INTO InCart VALUES ('200000003','126494','1');
INSERT INTO InCart VALUES ('300000001','112167','1');
INSERT INTO InCart VALUES ('300000001','100057','2');
INSERT INTO InCart VALUES ('300000001','126494','1');
INSERT INTO InCart VALUES ('300000003','118164','1');
INSERT INTO InCart VALUES ('300000003','100057','3');
INSERT INTO InCart VALUES ('300000003','127349','3');
INSERT INTO InCart VALUES ('300000003','125588','1');
INSERT INTO Manages VALUES ('200000003','www.421market.com/brand2','5');
INSERT INTO Manages VALUES ('200000001','www.421market.com/brand1','5');
INSERT INTO Manages VALUES ('200000002','www.421market.com/brand3','5');
INSERT INTO Manages VALUES ('200000001','www.421market.com/brand3','5');
INSERT INTO Manages VALUES ('200000002','www.421market.com/brand1','1');
INSERT INTO Manages VALUES ('200000002','www.421market.com/brand2','5');
INSERT INTO Member VALUES ('110000001');
INSERT INTO Member VALUES ('110000002');
INSERT INTO Member VALUES ('110000003');
INSERT INTO Model VALUES ('118164','314.70','www.421market.com/brand1','7');
INSERT INTO Model VALUES ('127349','167.30','www.421market.com/brand3','4');
INSERT INTO Model VALUES ('127722','488.36','www.421market.com/brand1','3');
INSERT INTO Model VALUES ('125588','498.31','www.421market.com/brand2','3');
INSERT INTO Model VALUES ('112065','112.61','www.421market.com/brand3','9');
INSERT INTO Model VALUES ('126494','295.60','www.421market.com/brand3','6');
INSERT INTO Model VALUES ('100057','110.12','www.421market.com/brand2','1');
INSERT INTO Model VALUES ('112167','430.15','www.421market.com/brand3','5');
INSERT INTO Model VALUES ('127981','229.24','www.421market.com/brand3','4');
INSERT INTO Model VALUES ('121644','228.27','www.421market.com/brand2','3');
INSERT INTO Product VALUES ('118164','100000001','NULL','NULL','Supplier3','1');
INSERT INTO Product VALUES ('118164','100000002','NULL','NULL','Supplier4','1');
INSERT INTO Product VALUES ('118164','100000003','NULL','NULL','Supplier4','1');
INSERT INTO Product VALUES ('118164','100000004','NULL','NULL','Supplier4','2');
INSERT INTO Product VALUES ('118164','100000005','NULL','NULL','Supplier3','1');
INSERT INTO Product VALUES ('118164','100000006','NULL','NULL','Supplier2','1');
INSERT INTO Product VALUES ('118164','100000007','NULL','NULL','Supplier2','1');
INSERT INTO Product VALUES ('118164','100000008','NULL','NULL','Supplier4','1');
INSERT INTO Product VALUES ('127349','100000001','NULL','NULL','Supplier3','1');
INSERT INTO Product VALUES ('127349','100000002','NULL','NULL','Supplier3','1');
INSERT INTO Product VALUES ('127349','100000003','NULL','NULL','Supplier3','1');
INSERT INTO Product VALUES ('127349','100000004','NULL','NULL','Supplier3','1');
INSERT INTO Product VALUES ('127349','100000005','NULL','NULL','Supplier3','1');
INSERT INTO Product VALUES ('127349','100000006','NULL','NULL','Supplier3','1');
INSERT INTO Product VALUES ('127349','100000007','NULL','NULL','Supplier4','2');
INSERT INTO Product VALUES ('127349','100000008','NULL','NULL','Supplier4','1');
INSERT INTO Product VALUES ('112065','100000001','NULL','NULL','Supplier2','1');
INSERT INTO Product VALUES ('112065','100000002','NULL','NULL','Supplier2','1');
INSERT INTO Product VALUES ('112065','100000003','NULL','NULL','Supplier3','1');
INSERT INTO Product VALUES ('112065','100000004','NULL','NULL','Supplier3','1');
INSERT INTO Product VALUES ('112065','100000005','NULL','NULL','Supplier2','1');
INSERT INTO Product VALUES ('112065','100000006','NULL','NULL','Supplier4','1');
INSERT INTO Product VALUES ('126494','100000001','NULL','NULL','Supplier3','1');
INSERT INTO Product VALUES ('100057','100000001','NULL','NULL','Supplier3','1');
INSERT INTO Product VALUES ('100057','100000002','NULL','NULL','Supplier3','1');
INSERT INTO Product VALUES ('100057','100000003','NULL','NULL','Supplier2','1');
INSERT INTO Product VALUES ('100057','100000004','NULL','NULL','Supplier4','1');
INSERT INTO Product VALUES ('100057','100000005','NULL','NULL','Supplier3','1');
INSERT INTO Product VALUES ('112167','100000001','NULL','NULL','Supplier4','2');
INSERT INTO Product VALUES ('112167','100000002','NULL','NULL','Supplier3','1');
INSERT INTO Product VALUES ('112167','100000003','NULL','NULL','Supplier3','1');
INSERT INTO Product VALUES ('112167','100000004','NULL','NULL','Supplier2','1');
INSERT INTO Product VALUES ('121644','100000001','NULL','NULL','Supplier2','1');
INSERT INTO Product VALUES ('121644','100000002','NULL','NULL','Supplier2','1');
INSERT INTO Product VALUES ('121644','100000003','NULL','NULL','Supplier4','2');
INSERT INTO Product VALUES ('121644','100000004','NULL','NULL','Supplier4','2');
INSERT INTO Product VALUES ('121644','100000005','NULL','NULL','Supplier3','1');
INSERT INTO Product VALUES ('121644','100000006','NULL','NULL','Supplier4','1');
INSERT INTO Product VALUES ('121644','100000007','NULL','NULL','Supplier4','1');
INSERT INTO Product VALUES ('121644','100000008','NULL','NULL','Supplier4','2');
INSERT INTO Restock VALUES ('Supplier3','1','Location2','2023-05-14');
INSERT INTO Restock VALUES ('Supplier2','1','Location6','2023-05-07');
INSERT INTO Restock VALUES ('Supplier4','1','Location1','2023-02-16');
INSERT INTO Restock VALUES ('Supplier4','2','Location4','2023-08-12');
INSERT INTO User VALUES ('100000001');
INSERT INTO User VALUES ('100000002');
INSERT INTO User VALUES ('100000003');
INSERT INTO User VALUES ('110000001');
INSERT INTO User VALUES ('110000002');
INSERT INTO User VALUES ('110000003');
INSERT INTO User VALUES ('200000001');
INSERT INTO User VALUES ('200000002');
INSERT INTO User VALUES ('200000003');
INSERT INTO User VALUES ('300000001');
INSERT INTO User VALUES ('300000002');
INSERT INTO User VALUES ('300000003');
