CONNECT TO COMP421;
-- Generated by script
INSERT INTO Category VALUES ('categoryA');
INSERT INTO Category VALUES ('categoryB');
INSERT INTO Category VALUES ('categoryC');
INSERT INTO Category VALUES ('categoryD');
INSERT INTO Category VALUES ('categoryE');
INSERT INTO Category VALUES ('categoryF');
INSERT INTO Category VALUES ('categoryG');
INSERT INTO Category VALUES ('categoryH');
INSERT INTO Category VALUES ('categoryI');
INSERT INTO Category VALUES ('categoryJ');
INSERT INTO Category VALUES ('categoryK');
INSERT INTO Category VALUES ('categoryL');
INSERT INTO Category VALUES ('categoryM');
INSERT INTO Category VALUES ('categoryN');
INSERT INTO Category VALUES ('categoryO');
INSERT INTO Category VALUES ('categoryP');
INSERT INTO Category VALUES ('categoryQ');
INSERT INTO Category VALUES ('categoryR');
INSERT INTO Category VALUES ('categoryS');
INSERT INTO Category VALUES ('categoryT');
INSERT INTO BrandPage VALUES ('www.421market.com/brand1','Brand 1','This is the description for Brand 1.');
INSERT INTO BrandPage VALUES ('www.421market.com/brand2','Brand 2',NULL);
INSERT INTO BrandPage VALUES ('www.421market.com/brand3','Brand 3','This is the description for Brand 3.');
INSERT INTO BrandPage VALUES ('www.421market.com/brand4','Brand 4','This is the description for Brand 4.');
INSERT INTO BrandPage VALUES ('www.421market.com/brand5','Brand 5','This is the description for Brand 5.');
INSERT INTO BrandPage VALUES ('www.421market.com/brand6','Brand 6',NULL);
INSERT INTO BrandPage VALUES ('www.421market.com/brand7','Brand 7','This is the description for Brand 7.');
INSERT INTO BrandPage VALUES ('www.421market.com/brand8','Brand 8',NULL);
INSERT INTO BrandPage VALUES ('www.421market.com/brand9','Brand 9','This is the description for Brand 9.');
INSERT INTO BrandPage VALUES ('www.421market.com/brand10','Brand 10','This is the description for Brand 10.');
INSERT INTO BrandPage VALUES ('www.421market.com/brand11','Brand 11','This is the description for Brand 11.');
INSERT INTO BrandPage VALUES ('www.421market.com/brand12','Brand 12','This is the description for Brand 12.');
INSERT INTO BrandPage VALUES ('www.421market.com/brand13','Brand 13','This is the description for Brand 13.');
INSERT INTO BrandPage VALUES ('www.421market.com/brand14','Brand 14','This is the description for Brand 14.');
INSERT INTO BrandPage VALUES ('www.421market.com/brand15','Brand 15','This is the description for Brand 15.');
INSERT INTO BrandPage VALUES ('www.421market.com/brand16','Brand 16','This is the description for Brand 16.');
INSERT INTO BrandPage VALUES ('www.421market.com/brand17','Brand 17','This is the description for Brand 17.');
INSERT INTO BrandPage VALUES ('www.421market.com/brand18','Brand 18',NULL);
INSERT INTO BrandPage VALUES ('www.421market.com/brand19','Brand 19','This is the description for Brand 19.');
INSERT INTO BrandPage VALUES ('www.421market.com/brand20','Brand 20','This is the description for Brand 20.');
INSERT INTO Model VALUES ('121060','315.87','www.421market.com/brand4','0');
INSERT INTO Model VALUES ('116511','267.62','www.421market.com/brand1','8');
INSERT INTO Model VALUES ('132512','319.00','www.421market.com/brand2','4');
INSERT INTO Model VALUES ('113158','44.53','www.421market.com/brand3','0');
INSERT INTO Model VALUES ('109890','454.01','www.421market.com/brand3','3');
INSERT INTO Model VALUES ('132674','429.34','www.421market.com/brand3','4');
INSERT INTO Model VALUES ('101185','75.09','www.421market.com/brand12','8');
INSERT INTO Model VALUES ('129878','92.30','www.421market.com/brand8','6');
INSERT INTO Model VALUES ('100798','425.20','www.421market.com/brand4','6');
INSERT INTO Model VALUES ('112506','465.40','www.421market.com/brand4','4');
INSERT INTO Model VALUES ('104163','472.53','www.421market.com/brand10','4');
INSERT INTO Model VALUES ('122476','273.20','www.421market.com/brand10','2');
INSERT INTO Model VALUES ('131127','423.38','www.421market.com/brand2','6');
INSERT INTO Model VALUES ('102580','314.04','www.421market.com/brand17','1');
INSERT INTO Model VALUES ('120872','370.82','www.421market.com/brand11','6');
INSERT INTO Model VALUES ('120726','343.59','www.421market.com/brand5','4');
INSERT INTO Model VALUES ('118127','472.81','www.421market.com/brand5','7');
INSERT INTO Model VALUES ('110960','487.84','www.421market.com/brand16','0');
INSERT INTO Model VALUES ('132135','202.90','www.421market.com/brand4','5');
INSERT INTO Model VALUES ('132550','17.97','www.421market.com/brand14','0');
INSERT INTO Model VALUES ('131629','394.45','www.421market.com/brand9','10');
INSERT INTO Model VALUES ('106706','45.44','www.421market.com/brand14','7');
INSERT INTO Model VALUES ('119573','483.66','www.421market.com/brand6','6');
INSERT INTO Model VALUES ('103244','100.37','www.421market.com/brand6','0');
INSERT INTO Model VALUES ('126690','470.54','www.421market.com/brand11','10');
INSERT INTO Model VALUES ('127764','8.26','www.421market.com/brand15','8');
INSERT INTO Model VALUES ('113973','104.42','www.421market.com/brand15','9');
INSERT INTO Model VALUES ('102180','402.29','www.421market.com/brand12','0');
INSERT INTO Model VALUES ('126949','480.98','www.421market.com/brand6','8');
INSERT INTO Model VALUES ('109616','307.70','www.421market.com/brand13','2');
INSERT INTO Belongs VALUES ('categoryG','121060');
INSERT INTO Belongs VALUES ('categoryF','121060');
INSERT INTO Belongs VALUES ('categoryO','116511');
INSERT INTO Belongs VALUES ('categoryE','132512');
INSERT INTO Belongs VALUES ('categoryG','109890');
INSERT INTO Belongs VALUES ('categoryS','109890');
INSERT INTO Belongs VALUES ('categoryG','132674');
INSERT INTO Belongs VALUES ('categoryD','101185');
INSERT INTO Belongs VALUES ('categoryH','129878');
INSERT INTO Belongs VALUES ('categoryC','112506');
INSERT INTO Belongs VALUES ('categoryT','112506');
INSERT INTO Belongs VALUES ('categoryL','112506');
INSERT INTO Belongs VALUES ('categoryO','104163');
INSERT INTO Belongs VALUES ('categoryD','104163');
INSERT INTO Belongs VALUES ('categoryT','131127');
INSERT INTO Belongs VALUES ('categoryQ','131127');
INSERT INTO Belongs VALUES ('categoryM','120872');
INSERT INTO Belongs VALUES ('categoryC','120872');
INSERT INTO Belongs VALUES ('categoryS','120872');
INSERT INTO Belongs VALUES ('categoryC','120726');
INSERT INTO Belongs VALUES ('categoryJ','118127');
INSERT INTO Belongs VALUES ('categoryG','118127');
INSERT INTO Belongs VALUES ('categoryT','132135');
INSERT INTO Belongs VALUES ('categoryF','132135');
INSERT INTO Belongs VALUES ('categoryN','132135');
INSERT INTO Belongs VALUES ('categoryQ','106706');
INSERT INTO Belongs VALUES ('categoryO','119573');
INSERT INTO Belongs VALUES ('categoryK','119573');
INSERT INTO Belongs VALUES ('categoryB','126690');
INSERT INTO Belongs VALUES ('categoryD','126690');
INSERT INTO Belongs VALUES ('categoryI','126690');
INSERT INTO Belongs VALUES ('categoryT','102180');
INSERT INTO Belongs VALUES ('categoryE','102180');
INSERT INTO Belongs VALUES ('categoryL','126949');
INSERT INTO Belongs VALUES ('categoryA','109616');
INSERT INTO Belongs VALUES ('categoryP','109616');
INSERT INTO User VALUES ('100000001');
INSERT INTO User VALUES ('100000002');
INSERT INTO User VALUES ('100000003');
INSERT INTO User VALUES ('100000004');
INSERT INTO User VALUES ('100000005');
INSERT INTO User VALUES ('100000006');
INSERT INTO User VALUES ('100000007');
INSERT INTO User VALUES ('100000008');
INSERT INTO User VALUES ('100000009');
INSERT INTO User VALUES ('100000010');
INSERT INTO User VALUES ('100000011');
INSERT INTO User VALUES ('100000012');
INSERT INTO User VALUES ('100000013');
INSERT INTO User VALUES ('100000014');
INSERT INTO User VALUES ('100000015');
INSERT INTO User VALUES ('100000016');
INSERT INTO User VALUES ('100000017');
INSERT INTO User VALUES ('100000018');
INSERT INTO User VALUES ('100000019');
INSERT INTO User VALUES ('100000020');
INSERT INTO User VALUES ('100000021');
INSERT INTO User VALUES ('100000022');
INSERT INTO User VALUES ('100000023');
INSERT INTO User VALUES ('100000024');
INSERT INTO User VALUES ('100000025');
INSERT INTO User VALUES ('110000001');
INSERT INTO User VALUES ('110000002');
INSERT INTO User VALUES ('110000003');
INSERT INTO User VALUES ('110000004');
INSERT INTO User VALUES ('110000005');
INSERT INTO User VALUES ('110000006');
INSERT INTO User VALUES ('110000007');
INSERT INTO User VALUES ('110000008');
INSERT INTO User VALUES ('110000009');
INSERT INTO User VALUES ('110000010');
INSERT INTO User VALUES ('110000011');
INSERT INTO User VALUES ('110000012');
INSERT INTO User VALUES ('110000013');
INSERT INTO User VALUES ('110000014');
INSERT INTO User VALUES ('110000015');
INSERT INTO User VALUES ('110000016');
INSERT INTO User VALUES ('110000017');
INSERT INTO User VALUES ('110000018');
INSERT INTO User VALUES ('110000019');
INSERT INTO User VALUES ('110000020');
INSERT INTO User VALUES ('110000021');
INSERT INTO User VALUES ('110000022');
INSERT INTO User VALUES ('110000023');
INSERT INTO User VALUES ('110000024');
INSERT INTO User VALUES ('110000025');
INSERT INTO User VALUES ('200000001');
INSERT INTO User VALUES ('200000002');
INSERT INTO User VALUES ('200000003');
INSERT INTO User VALUES ('200000004');
INSERT INTO User VALUES ('200000005');
INSERT INTO User VALUES ('200000006');
INSERT INTO User VALUES ('200000007');
INSERT INTO User VALUES ('200000008');
INSERT INTO User VALUES ('200000009');
INSERT INTO User VALUES ('200000010');
INSERT INTO User VALUES ('200000011');
INSERT INTO User VALUES ('200000012');
INSERT INTO User VALUES ('200000013');
INSERT INTO User VALUES ('200000014');
INSERT INTO User VALUES ('200000015');
INSERT INTO User VALUES ('200000016');
INSERT INTO User VALUES ('200000017');
INSERT INTO User VALUES ('200000018');
INSERT INTO User VALUES ('200000019');
INSERT INTO User VALUES ('200000020');
INSERT INTO User VALUES ('200000021');
INSERT INTO User VALUES ('200000022');
INSERT INTO User VALUES ('200000023');
INSERT INTO User VALUES ('200000024');
INSERT INTO User VALUES ('200000025');
INSERT INTO User VALUES ('300000001');
INSERT INTO User VALUES ('300000002');
INSERT INTO User VALUES ('300000003');
INSERT INTO User VALUES ('300000004');
INSERT INTO User VALUES ('300000005');
INSERT INTO User VALUES ('300000006');
INSERT INTO User VALUES ('300000007');
INSERT INTO User VALUES ('300000008');
INSERT INTO User VALUES ('300000009');
INSERT INTO User VALUES ('300000010');
INSERT INTO User VALUES ('300000011');
INSERT INTO User VALUES ('300000012');
INSERT INTO User VALUES ('300000013');
INSERT INTO User VALUES ('300000014');
INSERT INTO User VALUES ('300000015');
INSERT INTO User VALUES ('300000016');
INSERT INTO User VALUES ('300000017');
INSERT INTO User VALUES ('300000018');
INSERT INTO User VALUES ('300000019');
INSERT INTO User VALUES ('300000020');
INSERT INTO User VALUES ('300000021');
INSERT INTO User VALUES ('300000022');
INSERT INTO User VALUES ('300000023');
INSERT INTO User VALUES ('300000024');
INSERT INTO User VALUES ('300000025');
INSERT INTO Customer VALUES ('100000001','2000-01-01','password','user100000001@example.com','User 100000001');
INSERT INTO Customer VALUES ('100000002','2000-01-01','password','user100000002@example.com','User 100000002');
INSERT INTO Customer VALUES ('100000003','2000-01-01','password','user100000003@example.com','User 100000003');
INSERT INTO Customer VALUES ('100000004','2000-01-01','password','user100000004@example.com','User 100000004');
INSERT INTO Customer VALUES ('100000005','2000-01-01','password','user100000005@example.com','User 100000005');
INSERT INTO Customer VALUES ('100000006','2000-01-01','password','user100000006@example.com','User 100000006');
INSERT INTO Customer VALUES ('100000007','2000-01-01','password','user100000007@example.com','User 100000007');
INSERT INTO Customer VALUES ('100000008','2000-01-01','password','user100000008@example.com','User 100000008');
INSERT INTO Customer VALUES ('100000009','2000-01-01','password','user100000009@example.com','User 100000009');
INSERT INTO Customer VALUES ('100000010','2000-01-01','password','user100000010@example.com','User 100000010');
INSERT INTO Customer VALUES ('100000011','2000-01-01','password','user100000011@example.com','User 100000011');
INSERT INTO Customer VALUES ('100000012','2000-01-01','password','user100000012@example.com','User 100000012');
INSERT INTO Customer VALUES ('100000013','2000-01-01','password','user100000013@example.com','User 100000013');
INSERT INTO Customer VALUES ('100000014','2000-01-01','password','user100000014@example.com','User 100000014');
INSERT INTO Customer VALUES ('100000015','2000-01-01','password','user100000015@example.com','User 100000015');
INSERT INTO Customer VALUES ('100000016','2000-01-01','password','user100000016@example.com','User 100000016');
INSERT INTO Customer VALUES ('100000017','2000-01-01','password','user100000017@example.com','User 100000017');
INSERT INTO Customer VALUES ('100000018','2000-01-01','password','user100000018@example.com','User 100000018');
INSERT INTO Customer VALUES ('100000019','2000-01-01','password','user100000019@example.com','User 100000019');
INSERT INTO Customer VALUES ('100000020','2000-01-01','password','user100000020@example.com','User 100000020');
INSERT INTO Customer VALUES ('100000021','2000-01-01','password','user100000021@example.com','User 100000021');
INSERT INTO Customer VALUES ('100000022','2000-01-01','password','user100000022@example.com','User 100000022');
INSERT INTO Customer VALUES ('100000023','2000-01-01','password','user100000023@example.com','User 100000023');
INSERT INTO Customer VALUES ('100000024','2000-01-01','password','user100000024@example.com','User 100000024');
INSERT INTO Customer VALUES ('100000025','2000-01-01','password','user100000025@example.com','User 100000025');
INSERT INTO Customer VALUES ('110000001','2000-01-01','password','user110000001@example.com','User 110000001');
INSERT INTO Customer VALUES ('110000002','2000-01-01','password','user110000002@example.com','User 110000002');
INSERT INTO Customer VALUES ('110000003','2000-01-01','password','user110000003@example.com','User 110000003');
INSERT INTO Customer VALUES ('110000004','2000-01-01','password','user110000004@example.com','User 110000004');
INSERT INTO Customer VALUES ('110000005','2000-01-01','password','user110000005@example.com','User 110000005');
INSERT INTO Customer VALUES ('110000006','2000-01-01','password','user110000006@example.com','User 110000006');
INSERT INTO Customer VALUES ('110000007','2000-01-01','password','user110000007@example.com','User 110000007');
INSERT INTO Customer VALUES ('110000008','2000-01-01','password','user110000008@example.com','User 110000008');
INSERT INTO Customer VALUES ('110000009','2000-01-01','password','user110000009@example.com','User 110000009');
INSERT INTO Customer VALUES ('110000010','2000-01-01','password','user110000010@example.com','User 110000010');
INSERT INTO Customer VALUES ('110000011','2000-01-01','password','user110000011@example.com','User 110000011');
INSERT INTO Customer VALUES ('110000012','2000-01-01','password','user110000012@example.com','User 110000012');
INSERT INTO Customer VALUES ('110000013','2000-01-01','password','user110000013@example.com','User 110000013');
INSERT INTO Customer VALUES ('110000014','2000-01-01','password','user110000014@example.com','User 110000014');
INSERT INTO Customer VALUES ('110000015','2000-01-01','password','user110000015@example.com','User 110000015');
INSERT INTO Customer VALUES ('110000016','2000-01-01','password','user110000016@example.com','User 110000016');
INSERT INTO Customer VALUES ('110000017','2000-01-01','password','user110000017@example.com','User 110000017');
INSERT INTO Customer VALUES ('110000018','2000-01-01','password','user110000018@example.com','User 110000018');
INSERT INTO Customer VALUES ('110000019','2000-01-01','password','user110000019@example.com','User 110000019');
INSERT INTO Customer VALUES ('110000020','2000-01-01','password','user110000020@example.com','User 110000020');
INSERT INTO Customer VALUES ('110000021','2000-01-01','password','user110000021@example.com','User 110000021');
INSERT INTO Customer VALUES ('110000022','2000-01-01','password','user110000022@example.com','User 110000022');
INSERT INTO Customer VALUES ('110000023','2000-01-01','password','user110000023@example.com','User 110000023');
INSERT INTO Customer VALUES ('110000024','2000-01-01','password','user110000024@example.com','User 110000024');
INSERT INTO Customer VALUES ('110000025','2000-01-01','password','user110000025@example.com','User 110000025');
INSERT INTO InCart VALUES ('100000001','120872','1');
INSERT INTO InCart VALUES ('100000001','118127','1');
INSERT INTO InCart VALUES ('100000004','120872','2');
INSERT INTO InCart VALUES ('100000004','118127','1');
INSERT INTO InCart VALUES ('100000004','132674','1');
INSERT INTO InCart VALUES ('100000005','120872','1');
INSERT INTO InCart VALUES ('100000010','120872','1');
INSERT INTO InCart VALUES ('100000010','118127','1');
INSERT INTO InCart VALUES ('100000011','120872','3');
INSERT INTO InCart VALUES ('100000011','118127','3');
INSERT INTO InCart VALUES ('100000011','132674','3');
INSERT INTO InCart VALUES ('100000011','102580','3');
INSERT INTO InCart VALUES ('100000012','120872','2');
INSERT INTO InCart VALUES ('100000012','118127','3');
INSERT INTO InCart VALUES ('100000012','132674','2');
INSERT INTO InCart VALUES ('100000012','102580','1');
INSERT INTO InCart VALUES ('100000014','120872','2');
INSERT INTO InCart VALUES ('100000014','118127','3');
INSERT INTO InCart VALUES ('100000014','132674','2');
INSERT INTO InCart VALUES ('100000014','102580','1');
INSERT INTO InCart VALUES ('100000015','120872','2');
INSERT INTO InCart VALUES ('100000016','120872','2');
INSERT INTO InCart VALUES ('100000016','118127','3');
INSERT INTO InCart VALUES ('100000017','120872','1');
INSERT INTO InCart VALUES ('100000017','118127','3');
INSERT INTO InCart VALUES ('100000017','132674','1');
INSERT INTO InCart VALUES ('100000017','102580','2');
INSERT INTO InCart VALUES ('100000018','120872','1');
INSERT INTO InCart VALUES ('100000019','120872','2');
INSERT INTO InCart VALUES ('100000019','118127','2');
INSERT INTO InCart VALUES ('100000019','132674','2');
INSERT INTO InCart VALUES ('100000019','102580','2');
INSERT INTO InCart VALUES ('100000021','120872','2');
INSERT INTO InCart VALUES ('100000021','118127','1');
INSERT INTO InCart VALUES ('100000021','132674','2');
INSERT INTO InCart VALUES ('100000021','102580','3');
INSERT INTO InCart VALUES ('100000022','120872','3');
INSERT INTO InCart VALUES ('100000023','120872','1');
INSERT INTO InCart VALUES ('100000024','120872','2');
INSERT INTO InCart VALUES ('100000024','118127','2');
INSERT INTO InCart VALUES ('100000024','132674','3');
INSERT INTO InCart VALUES ('100000024','102580','3');
INSERT INTO InCart VALUES ('100000025','120872','1');
INSERT INTO InCart VALUES ('100000025','118127','2');
INSERT INTO InCart VALUES ('110000001','120872','2');
INSERT INTO InCart VALUES ('110000001','118127','1');
INSERT INTO InCart VALUES ('110000001','132674','3');
INSERT INTO InCart VALUES ('110000001','102580','1');
INSERT INTO InCart VALUES ('110000002','120872','3');
INSERT INTO InCart VALUES ('110000003','120872','2');
INSERT INTO InCart VALUES ('110000003','118127','3');
INSERT INTO InCart VALUES ('110000003','132674','2');
INSERT INTO InCart VALUES ('110000004','120872','2');
INSERT INTO InCart VALUES ('110000004','118127','3');
INSERT INTO InCart VALUES ('110000005','120872','3');
INSERT INTO InCart VALUES ('110000005','118127','2');
INSERT INTO InCart VALUES ('110000005','132674','1');
INSERT INTO InCart VALUES ('110000006','120872','2');
INSERT INTO InCart VALUES ('110000006','118127','2');
INSERT INTO InCart VALUES ('110000006','132674','1');
INSERT INTO InCart VALUES ('110000007','120872','2');
INSERT INTO InCart VALUES ('110000007','118127','2');
INSERT INTO InCart VALUES ('110000007','132674','2');
INSERT INTO InCart VALUES ('110000007','102580','2');
INSERT INTO InCart VALUES ('110000008','120872','3');
INSERT INTO InCart VALUES ('110000009','120872','3');
INSERT INTO InCart VALUES ('110000009','118127','3');
INSERT INTO InCart VALUES ('110000009','132674','3');
INSERT INTO InCart VALUES ('110000012','120872','3');
INSERT INTO InCart VALUES ('110000012','118127','2');
INSERT INTO InCart VALUES ('110000012','132674','1');
INSERT INTO InCart VALUES ('110000013','120872','1');
INSERT INTO InCart VALUES ('110000013','118127','3');
INSERT INTO InCart VALUES ('110000013','132674','2');
INSERT INTO InCart VALUES ('110000015','120872','3');
INSERT INTO InCart VALUES ('110000015','118127','3');
INSERT INTO InCart VALUES ('110000015','132674','1');
INSERT INTO InCart VALUES ('110000015','102580','2');
INSERT INTO InCart VALUES ('110000016','120872','3');
INSERT INTO InCart VALUES ('110000016','118127','3');
INSERT INTO InCart VALUES ('110000017','120872','2');
INSERT INTO InCart VALUES ('110000017','118127','3');
INSERT INTO InCart VALUES ('110000017','132674','1');
INSERT INTO InCart VALUES ('110000017','102580','2');
INSERT INTO InCart VALUES ('110000018','120872','2');
INSERT INTO InCart VALUES ('110000018','118127','1');
INSERT INTO InCart VALUES ('110000022','120872','1');
INSERT INTO InCart VALUES ('110000023','120872','1');
INSERT INTO InCart VALUES ('110000024','120872','2');
INSERT INTO InCart VALUES ('110000024','118127','2');
INSERT INTO InCart VALUES ('110000024','132674','2');
INSERT INTO InCart VALUES ('200000002','120872','2');
INSERT INTO InCart VALUES ('200000002','118127','1');
INSERT INTO InCart VALUES ('200000002','132674','3');
INSERT INTO InCart VALUES ('200000002','102580','1');
INSERT INTO InCart VALUES ('200000003','120872','2');
INSERT INTO InCart VALUES ('200000004','120872','3');
INSERT INTO InCart VALUES ('200000004','118127','2');
INSERT INTO InCart VALUES ('200000007','120872','2');
INSERT INTO InCart VALUES ('200000007','118127','3');
INSERT INTO InCart VALUES ('200000007','132674','1');
INSERT INTO InCart VALUES ('200000007','102580','3');
INSERT INTO InCart VALUES ('200000009','120872','2');
INSERT INTO InCart VALUES ('200000009','118127','2');
INSERT INTO InCart VALUES ('200000009','132674','1');
INSERT INTO InCart VALUES ('200000009','102580','2');
INSERT INTO InCart VALUES ('200000010','120872','1');
INSERT INTO InCart VALUES ('200000010','118127','2');
INSERT INTO InCart VALUES ('200000010','132674','2');
INSERT INTO InCart VALUES ('200000010','102580','2');
INSERT INTO InCart VALUES ('200000011','120872','1');
INSERT INTO InCart VALUES ('200000013','120872','3');
INSERT INTO InCart VALUES ('200000013','118127','3');
INSERT INTO InCart VALUES ('200000013','132674','3');
INSERT INTO InCart VALUES ('200000013','102580','3');
INSERT INTO InCart VALUES ('200000014','120872','2');
INSERT INTO InCart VALUES ('200000014','118127','3');
INSERT INTO InCart VALUES ('200000014','132674','2');
INSERT INTO InCart VALUES ('200000015','120872','3');
INSERT INTO InCart VALUES ('200000015','118127','3');
INSERT INTO InCart VALUES ('200000015','132674','1');
INSERT INTO InCart VALUES ('200000015','102580','2');
INSERT INTO InCart VALUES ('200000016','120872','1');
INSERT INTO InCart VALUES ('200000016','118127','3');
INSERT INTO InCart VALUES ('200000016','132674','2');
INSERT INTO InCart VALUES ('200000016','102580','3');
INSERT INTO InCart VALUES ('200000017','120872','1');
INSERT INTO InCart VALUES ('200000017','118127','1');
INSERT INTO InCart VALUES ('200000017','132674','2');
INSERT INTO InCart VALUES ('200000017','102580','2');
INSERT INTO InCart VALUES ('200000018','120872','2');
INSERT INTO InCart VALUES ('200000018','118127','2');
INSERT INTO InCart VALUES ('200000019','120872','3');
INSERT INTO InCart VALUES ('200000020','120872','1');
INSERT INTO InCart VALUES ('200000021','120872','3');
INSERT INTO InCart VALUES ('200000022','120872','1');
INSERT INTO InCart VALUES ('200000022','118127','3');
INSERT INTO InCart VALUES ('200000022','132674','2');
INSERT INTO InCart VALUES ('200000023','120872','1');
INSERT INTO InCart VALUES ('200000023','118127','2');
INSERT INTO InCart VALUES ('200000024','120872','3');
INSERT INTO InCart VALUES ('200000024','118127','1');
INSERT INTO InCart VALUES ('200000025','120872','2');
INSERT INTO InCart VALUES ('200000025','118127','1');
INSERT INTO InCart VALUES ('300000001','120872','1');
INSERT INTO InCart VALUES ('300000001','118127','2');
INSERT INTO InCart VALUES ('300000001','132674','3');
INSERT INTO InCart VALUES ('300000002','120872','1');
INSERT INTO InCart VALUES ('300000002','118127','2');
INSERT INTO InCart VALUES ('300000004','120872','3');
INSERT INTO InCart VALUES ('300000004','118127','1');
INSERT INTO InCart VALUES ('300000004','132674','1');
INSERT INTO InCart VALUES ('300000005','120872','3');
INSERT INTO InCart VALUES ('300000005','118127','1');
INSERT INTO InCart VALUES ('300000005','132674','2');
INSERT INTO InCart VALUES ('300000005','102580','3');
INSERT INTO InCart VALUES ('300000006','120872','2');
INSERT INTO InCart VALUES ('300000006','118127','2');
INSERT INTO InCart VALUES ('300000006','132674','1');
INSERT INTO InCart VALUES ('300000007','120872','3');
INSERT INTO InCart VALUES ('300000007','118127','2');
INSERT INTO InCart VALUES ('300000008','120872','3');
INSERT INTO InCart VALUES ('300000008','118127','3');
INSERT INTO InCart VALUES ('300000009','120872','3');
INSERT INTO InCart VALUES ('300000009','118127','1');
INSERT INTO InCart VALUES ('300000009','132674','2');
INSERT INTO InCart VALUES ('300000010','120872','3');
INSERT INTO InCart VALUES ('300000011','120872','1');
INSERT INTO InCart VALUES ('300000012','120872','2');
INSERT INTO InCart VALUES ('300000013','120872','2');
INSERT INTO InCart VALUES ('300000013','118127','3');
INSERT INTO InCart VALUES ('300000014','120872','2');
INSERT INTO InCart VALUES ('300000014','118127','2');
INSERT INTO InCart VALUES ('300000014','132674','2');
INSERT INTO InCart VALUES ('300000014','102580','2');
INSERT INTO InCart VALUES ('300000015','120872','2');
INSERT INTO InCart VALUES ('300000015','118127','1');
INSERT INTO InCart VALUES ('300000016','120872','3');
INSERT INTO InCart VALUES ('300000017','120872','2');
INSERT INTO InCart VALUES ('300000018','120872','2');
INSERT INTO InCart VALUES ('300000018','118127','2');
INSERT INTO InCart VALUES ('300000019','120872','2');
INSERT INTO InCart VALUES ('300000019','118127','1');
INSERT INTO InCart VALUES ('300000019','132674','2');
INSERT INTO InCart VALUES ('300000019','102580','3');
INSERT INTO InCart VALUES ('300000020','120872','2');
INSERT INTO InCart VALUES ('300000021','120872','3');
INSERT INTO InCart VALUES ('300000021','118127','3');
INSERT INTO InCart VALUES ('300000021','132674','1');
INSERT INTO InCart VALUES ('300000021','102580','1');
INSERT INTO InCart VALUES ('300000022','120872','2');
INSERT INTO InCart VALUES ('300000023','120872','1');
INSERT INTO InCart VALUES ('300000023','118127','3');
INSERT INTO InCart VALUES ('300000023','132674','1');
INSERT INTO InCart VALUES ('300000023','102580','3');
INSERT INTO InCart VALUES ('300000024','120872','2');
INSERT INTO InCart VALUES ('300000024','118127','3');
INSERT INTO InCart VALUES ('300000024','132674','1');
INSERT INTO InCart VALUES ('300000025','120872','2');
INSERT INTO Member VALUES ('110000001','2022-12-31','100');
INSERT INTO Member VALUES ('110000002','2022-12-31','100');
INSERT INTO Member VALUES ('110000003','2022-12-31','100');
INSERT INTO Member VALUES ('110000004','2022-12-31','100');
INSERT INTO Member VALUES ('110000005','2022-12-31','100');
INSERT INTO Member VALUES ('110000006','2022-12-31','100');
INSERT INTO Member VALUES ('110000007','2022-12-31','100');
INSERT INTO Member VALUES ('110000008','2022-12-31','100');
INSERT INTO Member VALUES ('110000009','2022-12-31','100');
INSERT INTO Member VALUES ('110000010','2022-12-31','100');
INSERT INTO Member VALUES ('110000011','2022-12-31','100');
INSERT INTO Member VALUES ('110000012','2022-12-31','100');
INSERT INTO Member VALUES ('110000013','2022-12-31','100');
INSERT INTO Member VALUES ('110000014','2022-12-31','100');
INSERT INTO Member VALUES ('110000015','2022-12-31','100');
INSERT INTO Member VALUES ('110000016','2022-12-31','100');
INSERT INTO Member VALUES ('110000017','2022-12-31','100');
INSERT INTO Member VALUES ('110000018','2022-12-31','100');
INSERT INTO Member VALUES ('110000019','2022-12-31','100');
INSERT INTO Member VALUES ('110000020','2022-12-31','100');
INSERT INTO Member VALUES ('110000021','2022-12-31','100');
INSERT INTO Member VALUES ('110000022','2022-12-31','100');
INSERT INTO Member VALUES ('110000023','2022-12-31','100');
INSERT INTO Member VALUES ('110000024','2022-12-31','100');
INSERT INTO Member VALUES ('110000025','2022-12-31','100');
INSERT INTO Coupon VALUES ('110000001','104163','0.41','66','2026-11-09');
INSERT INTO Coupon VALUES ('110000001','101185','0.64','54','2023-11-08');
INSERT INTO Coupon VALUES ('110000001','102580','0.99','52','2023-05-11');
INSERT INTO Coupon VALUES ('110000001','120726','0.1','97','2024-05-27');
INSERT INTO Coupon VALUES ('110000002','116511','0.59','84','2025-10-15');
INSERT INTO Coupon VALUES ('110000002','106706','0.37','79','2026-12-27');
INSERT INTO Coupon VALUES ('110000002','113158','0.73','99','2023-12-17');
INSERT INTO Coupon VALUES ('110000003','129878','0.92','36','2026-03-11');
INSERT INTO Coupon VALUES ('110000003','113973','0.22','5','2025-11-28');
INSERT INTO Coupon VALUES ('110000003','118127','0.74','19','2024-12-26');
INSERT INTO Coupon VALUES ('110000004','120726','0.2','66','2024-01-03');
INSERT INTO Coupon VALUES ('110000004','110960','0.7','19','2022-12-10');
INSERT INTO Coupon VALUES ('110000004','132512','0.42','16','2022-03-17');
INSERT INTO Coupon VALUES ('110000006','129878','0.52','44','2024-02-20');
INSERT INTO Coupon VALUES ('110000006','132674','0.16','42','2025-06-17');
INSERT INTO Coupon VALUES ('110000006','120726','0.59','59','2024-09-14');
INSERT INTO Coupon VALUES ('110000006','102580','0.37','86','2024-10-18');
INSERT INTO Coupon VALUES ('110000007','132512','0.97','74','2022-08-01');
INSERT INTO Coupon VALUES ('110000007','106706','0.41','25','2023-10-23');
INSERT INTO Coupon VALUES ('110000007','109616','0.69','66','2022-06-28');
INSERT INTO Coupon VALUES ('110000007','127764','0.66','95','2023-03-06');
INSERT INTO Coupon VALUES ('110000007','126949','0.30','31','2023-12-27');
INSERT INTO Coupon VALUES ('110000008','119573','0.28','52','2024-10-26');
INSERT INTO Coupon VALUES ('110000009','106706','0.47','96','2025-06-17');
INSERT INTO Coupon VALUES ('110000009','120726','0.74','9','2024-05-28');
INSERT INTO Coupon VALUES ('110000009','122476','0.48','18','2024-01-22');
INSERT INTO Coupon VALUES ('110000010','109616','0.73','97','2024-06-08');
INSERT INTO Coupon VALUES ('110000010','131629','0.86','94','2022-02-17');
INSERT INTO Coupon VALUES ('110000010','112506','0.3','88','2024-02-20');
INSERT INTO Coupon VALUES ('110000010','132135','0.26','50','2023-01-27');
INSERT INTO Coupon VALUES ('110000011','109616','0.37','10','2023-08-12');
INSERT INTO Coupon VALUES ('110000011','110960','0.92','16','2023-08-04');
INSERT INTO Coupon VALUES ('110000011','127764','0.35','28','2026-11-27');
INSERT INTO Coupon VALUES ('110000011','132135','0.87','37','2026-09-24');
INSERT INTO Coupon VALUES ('110000011','129878','0.91','24','2026-10-20');
INSERT INTO Coupon VALUES ('110000012','102580','0.43','76','2024-04-06');
INSERT INTO Coupon VALUES ('110000012','132550','0.47','48','2026-12-25');
INSERT INTO Coupon VALUES ('110000012','106706','0.29','40','2023-11-20');
INSERT INTO Coupon VALUES ('110000012','132674','0.91','49','2022-07-28');
INSERT INTO Coupon VALUES ('110000012','119573','0.68','84','2023-11-11');
INSERT INTO Coupon VALUES ('110000013','132674','0.48','79','2025-10-08');
INSERT INTO Coupon VALUES ('110000014','112506','0.29','99','2025-08-15');
INSERT INTO Coupon VALUES ('110000014','109616','0.24','71','2024-05-10');
INSERT INTO Coupon VALUES ('110000014','116511','0.20','100','2025-03-28');
INSERT INTO Coupon VALUES ('110000018','102180','0.94','50','2023-01-09');
INSERT INTO Coupon VALUES ('110000018','100798','0.84','36','2022-11-07');
INSERT INTO Coupon VALUES ('110000018','131127','0.4','3','2026-06-19');
INSERT INTO Coupon VALUES ('110000018','120726','0.65','73','2026-08-01');
INSERT INTO Coupon VALUES ('110000018','132135','0.23','1','2025-07-23');
INSERT INTO Coupon VALUES ('110000019','120872','0.8','54','2025-05-19');
INSERT INTO Coupon VALUES ('110000020','109890','0.40','76','2023-06-08');
INSERT INTO Coupon VALUES ('110000021','102180','0.22','52','2025-10-22');
INSERT INTO Coupon VALUES ('110000021','100798','0.95','9','2023-05-21');
INSERT INTO Coupon VALUES ('110000021','131629','0.25','85','2024-10-22');
INSERT INTO Coupon VALUES ('110000021','104163','0.53','42','2022-10-26');
INSERT INTO Coupon VALUES ('110000023','132550','0.24','69','2023-12-15');
INSERT INTO Coupon VALUES ('110000023','102180','0.49','84','2026-09-25');
INSERT INTO Coupon VALUES ('110000023','102580','0.90','20','2025-09-24');
INSERT INTO Coupon VALUES ('110000024','131127','0.42','88','2025-07-20');
INSERT INTO Coupon VALUES ('110000024','103244','0.91','64','2023-01-20');
INSERT INTO Coupon VALUES ('110000024','120726','0.33','32','2024-02-28');
INSERT INTO Coupon VALUES ('110000025','103244','0.29','96','2022-02-24');
INSERT INTO Coupon VALUES ('110000025','120726','0.91','65','2025-03-06');
INSERT INTO Coupon VALUES ('110000025','132550','0.73','56','2025-02-12');
INSERT INTO Coupon VALUES ('110000025','101185','0.22','26','2023-04-26');
INSERT INTO Coupon VALUES ('110000025','131629','0.48','58','2022-09-14');
INSERT INTO Admin VALUES ('200000001');
INSERT INTO Admin VALUES ('200000002');
INSERT INTO Admin VALUES ('200000003');
INSERT INTO Admin VALUES ('200000004');
INSERT INTO Admin VALUES ('200000005');
INSERT INTO Admin VALUES ('200000006');
INSERT INTO Admin VALUES ('200000007');
INSERT INTO Admin VALUES ('200000008');
INSERT INTO Admin VALUES ('200000009');
INSERT INTO Admin VALUES ('200000010');
INSERT INTO Admin VALUES ('200000011');
INSERT INTO Admin VALUES ('200000012');
INSERT INTO Admin VALUES ('200000013');
INSERT INTO Admin VALUES ('200000014');
INSERT INTO Admin VALUES ('200000015');
INSERT INTO Admin VALUES ('200000016');
INSERT INTO Admin VALUES ('200000017');
INSERT INTO Admin VALUES ('200000018');
INSERT INTO Admin VALUES ('200000019');
INSERT INTO Admin VALUES ('200000020');
INSERT INTO Admin VALUES ('200000021');
INSERT INTO Admin VALUES ('200000022');
INSERT INTO Admin VALUES ('200000023');
INSERT INTO Admin VALUES ('200000024');
INSERT INTO Admin VALUES ('200000025');
INSERT INTO Manages VALUES ('200000022','www.421market.com/brand1','2015-04-04','5');
INSERT INTO Manages VALUES ('200000011','www.421market.com/brand12','2024-01-08','5');
INSERT INTO Manages VALUES ('200000010','www.421market.com/brand18','2023-09-14','5');
INSERT INTO Manages VALUES ('200000007','www.421market.com/brand13','2019-03-16','5');
INSERT INTO Manages VALUES ('200000025','www.421market.com/brand10','2021-04-30','5');
INSERT INTO Manages VALUES ('200000001','www.421market.com/brand16','2021-07-23','5');
INSERT INTO Manages VALUES ('200000021','www.421market.com/brand17','2022-09-14','5');
INSERT INTO Manages VALUES ('200000019','www.421market.com/brand7','2016-03-12','5');
INSERT INTO Manages VALUES ('200000024','www.421market.com/brand5','2021-08-12','5');
INSERT INTO Manages VALUES ('200000009','www.421market.com/brand15','2018-07-28','5');
INSERT INTO Manages VALUES ('200000012','www.421market.com/brand8','2021-01-17','5');
INSERT INTO Manages VALUES ('200000023','www.421market.com/brand11','2022-05-30','5');
INSERT INTO Manages VALUES ('200000004','www.421market.com/brand20','2023-01-09','5');
INSERT INTO Manages VALUES ('200000013','www.421market.com/brand14','2020-10-16','5');
INSERT INTO Manages VALUES ('200000008','www.421market.com/brand6','2019-11-19','5');
INSERT INTO Manages VALUES ('200000003','www.421market.com/brand19','2015-04-10','5');
INSERT INTO Manages VALUES ('200000016','www.421market.com/brand2','2020-10-29','5');
INSERT INTO Manages VALUES ('200000005','www.421market.com/brand3','2015-06-26','5');
INSERT INTO Manages VALUES ('200000017','www.421market.com/brand4','2019-06-02','5');
INSERT INTO Manages VALUES ('200000014','www.421market.com/brand9','2022-06-27','5');
INSERT INTO Manages VALUES ('200000001','www.421market.com/brand15','2020-11-22','5');
INSERT INTO Manages VALUES ('200000001','www.421market.com/brand11','2023-03-17','3');
INSERT INTO Manages VALUES ('200000002','www.421market.com/brand2','2021-08-09','1');
INSERT INTO Manages VALUES ('200000002','www.421market.com/brand6','2019-08-31','1');
INSERT INTO Manages VALUES ('200000003','www.421market.com/brand1','2019-09-05','5');
INSERT INTO Manages VALUES ('200000004','www.421market.com/brand2','2021-12-11','3');
INSERT INTO Manages VALUES ('200000004','www.421market.com/brand20','2020-03-31','1');
INSERT INTO Manages VALUES ('200000004','www.421market.com/brand15','2023-03-29','2');
INSERT INTO Manages VALUES ('200000006','www.421market.com/brand19','2017-11-17','5');
INSERT INTO Manages VALUES ('200000006','www.421market.com/brand8','2018-02-10','4');
INSERT INTO Manages VALUES ('200000006','www.421market.com/brand5','2019-10-21','5');
INSERT INTO Manages VALUES ('200000007','www.421market.com/brand5','2017-07-04','1');
INSERT INTO Manages VALUES ('200000007','www.421market.com/brand20','2014-11-05','1');
INSERT INTO Manages VALUES ('200000008','www.421market.com/brand15','2019-06-05','1');
INSERT INTO Manages VALUES ('200000008','www.421market.com/brand11','2022-02-02','5');
INSERT INTO Manages VALUES ('200000008','www.421market.com/brand17','2019-10-21','2');
INSERT INTO Manages VALUES ('200000009','www.421market.com/brand16','2016-02-06','2');
INSERT INTO Manages VALUES ('200000010','www.421market.com/brand14','2022-09-11','4');
INSERT INTO Manages VALUES ('200000010','www.421market.com/brand18','2016-02-04','5');
INSERT INTO Manages VALUES ('200000012','www.421market.com/brand4','2023-02-26','5');
INSERT INTO Manages VALUES ('200000012','www.421market.com/brand3','2021-01-11','1');
INSERT INTO Manages VALUES ('200000013','www.421market.com/brand19','2023-10-18','4');
INSERT INTO Manages VALUES ('200000014','www.421market.com/brand9','2023-02-12','5');
INSERT INTO Manages VALUES ('200000014','www.421market.com/brand19','2022-02-25','4');
INSERT INTO Manages VALUES ('200000014','www.421market.com/brand5','2020-07-22','5');
INSERT INTO Manages VALUES ('200000016','www.421market.com/brand14','2015-10-03','1');
INSERT INTO Manages VALUES ('200000017','www.421market.com/brand1','2014-11-17','1');
INSERT INTO Manages VALUES ('200000017','www.421market.com/brand2','2017-02-03','5');
INSERT INTO Manages VALUES ('200000019','www.421market.com/brand7','2021-02-22','4');
INSERT INTO Manages VALUES ('200000019','www.421market.com/brand8','2022-12-28','4');
INSERT INTO Manages VALUES ('200000021','www.421market.com/brand5','2017-06-27','1');
INSERT INTO Manages VALUES ('200000021','www.421market.com/brand17','2017-02-12','2');
INSERT INTO Manages VALUES ('200000022','www.421market.com/brand15','2022-06-08','5');
INSERT INTO Manages VALUES ('200000022','www.421market.com/brand13','2023-05-23','4');
INSERT INTO Manages VALUES ('200000023','www.421market.com/brand18','2016-04-07','1');
INSERT INTO Manages VALUES ('200000023','www.421market.com/brand5','2014-08-01','4');
INSERT INTO Manages VALUES ('200000023','www.421market.com/brand10','2020-07-19','3');
INSERT INTO Manages VALUES ('200000024','www.421market.com/brand6','2019-04-14','4');
INSERT INTO Manages VALUES ('200000025','www.421market.com/brand16','2021-08-02','5');
INSERT INTO Manages VALUES ('200000025','www.421market.com/brand15','2015-08-08','1');
INSERT INTO Card VALUES ('1000000000011775','2025-05-05','100000002');
INSERT INTO Card VALUES ('1000000000002583','2025-11-03','100000003');
INSERT INTO Card VALUES ('1000000000021506','2027-08-15','100000003');
INSERT INTO Card VALUES ('1000000000001969','2026-02-07','100000003');
INSERT INTO Card VALUES ('1000000000029376','2028-11-19','100000003');
INSERT INTO Card VALUES ('1000000000032761','2025-10-15','100000004');
INSERT INTO Card VALUES ('1000000000021778','2026-02-11','100000004');
INSERT INTO Card VALUES ('1000000000013644','2024-05-08','100000005');
INSERT INTO Card VALUES ('1000000000013341','2028-08-16','100000005');
INSERT INTO Card VALUES ('1000000000010169','2024-07-24','100000006');
INSERT INTO Card VALUES ('1000000000017645','2025-08-06','100000006');
INSERT INTO Card VALUES ('1000000000006542','2025-10-27','100000006');
INSERT INTO Card VALUES ('1000000000017573','2025-08-10','100000007');
INSERT INTO Card VALUES ('1000000000002668','2028-01-27','100000007');
INSERT INTO Card VALUES ('1000000000030792','2028-11-24','100000007');
INSERT INTO Card VALUES ('1000000000002972','2027-03-07','100000007');
INSERT INTO Card VALUES ('1000000000019052','2024-12-01','100000008');
INSERT INTO Card VALUES ('1000000000009346','2026-08-26','100000008');
INSERT INTO Card VALUES ('1000000000024516','2028-06-13','100000008');
INSERT INTO Card VALUES ('1000000000023622','2028-11-08','100000010');
INSERT INTO Card VALUES ('1000000000018244','2028-01-27','100000011');
INSERT INTO Card VALUES ('1000000000024330','2027-03-18','100000011');
INSERT INTO Card VALUES ('1000000000010803','2027-08-30','100000011');
INSERT INTO Card VALUES ('1000000000010089','2027-04-14','100000011');
INSERT INTO Card VALUES ('1000000000023329','2027-08-10','100000012');
INSERT INTO Card VALUES ('1000000000008358','2027-10-21','100000012');
INSERT INTO Card VALUES ('1000000000031248','2025-02-09','100000012');
INSERT INTO Card VALUES ('1000000000024054','2024-09-12','100000012');
INSERT INTO Card VALUES ('1000000000022416','2024-04-13','100000013');
INSERT INTO Card VALUES ('1000000000024409','2028-04-22','100000013');
INSERT INTO Card VALUES ('1000000000002099','2025-08-13','100000013');
INSERT INTO Card VALUES ('1000000000022220','2028-07-14','100000013');
INSERT INTO Card VALUES ('1000000000012800','2027-03-25','100000014');
INSERT INTO Card VALUES ('1000000000003278','2026-11-21','100000015');
INSERT INTO Card VALUES ('1000000000011384','2027-08-23','100000015');
INSERT INTO Card VALUES ('1000000000014997','2027-01-04','100000015');
INSERT INTO Card VALUES ('1000000000008559','2026-08-24','100000015');
INSERT INTO Card VALUES ('1000000000009752','2024-07-31','100000016');
INSERT INTO Card VALUES ('1000000000021391','2024-10-15','100000017');
INSERT INTO Card VALUES ('1000000000024301','2025-09-13','100000018');
INSERT INTO Card VALUES ('1000000000009658','2024-06-22','100000018');
INSERT INTO Card VALUES ('1000000000015666','2026-07-02','100000019');
INSERT INTO Card VALUES ('1000000000028233','2028-08-20','100000019');
INSERT INTO Card VALUES ('1000000000003089','2026-03-05','100000019');
INSERT INTO Card VALUES ('1000000000018088','2026-03-16','100000020');
INSERT INTO Card VALUES ('1000000000000369','2026-12-01','100000021');
INSERT INTO Card VALUES ('1000000000023594','2026-04-21','100000021');
INSERT INTO Card VALUES ('1000000000013888','2028-08-25','100000021');
INSERT INTO Card VALUES ('1000000000020141','2028-06-02','100000022');
INSERT INTO Card VALUES ('1000000000010704','2025-01-01','100000022');
INSERT INTO Card VALUES ('1000000000003055','2025-05-10','100000022');
INSERT INTO Card VALUES ('1000000000011907','2025-08-20','100000022');
INSERT INTO Card VALUES ('1000000000005185','2028-09-10','100000023');
INSERT INTO Card VALUES ('1000000000014088','2024-05-07','100000024');
INSERT INTO Card VALUES ('1000000000003682','2028-02-29','100000024');
INSERT INTO Card VALUES ('1000000000013838','2028-01-20','100000025');
INSERT INTO Card VALUES ('1000000000021122','2025-04-20','100000025');
INSERT INTO Card VALUES ('1000000000012389','2024-03-16','110000001');
INSERT INTO Card VALUES ('1000000000026710','2028-07-30','110000001');
INSERT INTO Card VALUES ('1000000000003511','2028-04-19','110000001');
INSERT INTO Card VALUES ('1000000000020416','2028-08-06','110000001');
INSERT INTO Card VALUES ('1000000000008046','2028-01-22','110000002');
INSERT INTO Card VALUES ('1000000000027089','2027-08-14','110000002');
INSERT INTO Card VALUES ('1000000000020139','2024-10-11','110000002');
INSERT INTO Card VALUES ('1000000000030992','2026-09-04','110000002');
INSERT INTO Card VALUES ('1000000000014587','2025-02-19','110000003');
INSERT INTO Card VALUES ('1000000000001869','2024-11-01','110000003');
INSERT INTO Card VALUES ('1000000000016663','2025-10-22','110000003');
INSERT INTO Card VALUES ('1000000000013281','2027-06-26','110000004');
INSERT INTO Card VALUES ('1000000000027622','2024-12-15','110000004');
INSERT INTO Card VALUES ('1000000000030741','2027-09-09','110000004');
INSERT INTO Card VALUES ('1000000000001174','2026-03-28','110000004');
INSERT INTO Card VALUES ('1000000000021251','2024-06-11','110000005');
INSERT INTO Card VALUES ('1000000000030861','2026-05-07','110000005');
INSERT INTO Card VALUES ('1000000000002464','2025-11-23','110000005');
INSERT INTO Card VALUES ('1000000000022992','2026-06-24','110000005');
INSERT INTO Card VALUES ('1000000000001096','2027-05-02','110000006');
INSERT INTO Card VALUES ('1000000000027847','2027-05-19','110000006');
INSERT INTO Card VALUES ('1000000000015416','2026-01-31','110000006');
INSERT INTO Card VALUES ('1000000000001293','2026-11-14','110000006');
INSERT INTO Card VALUES ('1000000000019541','2028-04-12','110000007');
INSERT INTO Card VALUES ('1000000000011299','2025-04-17','110000007');
INSERT INTO Card VALUES ('1000000000028609','2028-10-01','110000008');
INSERT INTO Card VALUES ('1000000000030842','2024-03-06','110000009');
INSERT INTO Card VALUES ('1000000000015378','2024-04-27','110000009');
INSERT INTO Card VALUES ('1000000000016502','2024-10-21','110000010');
INSERT INTO Card VALUES ('1000000000000755','2025-10-26','110000010');
INSERT INTO Card VALUES ('1000000000005275','2025-08-18','110000011');
INSERT INTO Card VALUES ('1000000000031277','2024-07-03','110000011');
INSERT INTO Card VALUES ('1000000000010573','2024-05-11','110000011');
INSERT INTO Card VALUES ('1000000000017106','2027-11-27','110000012');
INSERT INTO Card VALUES ('1000000000007714','2027-10-15','110000012');
INSERT INTO Card VALUES ('1000000000026547','2025-05-10','110000012');
INSERT INTO Card VALUES ('1000000000017916','2029-02-09','110000013');
INSERT INTO Card VALUES ('1000000000015034','2024-07-17','110000015');
INSERT INTO Card VALUES ('1000000000026012','2025-04-13','110000015');
INSERT INTO Card VALUES ('1000000000024347','2027-06-10','110000016');
INSERT INTO Card VALUES ('1000000000028091','2025-04-29','110000016');
INSERT INTO Card VALUES ('1000000000001431','2027-08-28','110000016');
INSERT INTO Card VALUES ('1000000000011012','2028-09-05','110000017');
INSERT INTO Card VALUES ('1000000000021585','2027-04-16','110000018');
INSERT INTO Card VALUES ('1000000000030458','2028-12-27','110000018');
INSERT INTO Card VALUES ('1000000000004700','2024-02-18','110000018');
INSERT INTO Card VALUES ('1000000000025423','2028-02-03','110000018');
INSERT INTO Card VALUES ('1000000000028533','2028-02-01','110000019');
INSERT INTO Card VALUES ('1000000000002878','2025-08-18','110000019');
INSERT INTO Card VALUES ('1000000000010700','2026-01-04','110000019');
INSERT INTO Card VALUES ('1000000000011978','2027-08-19','110000021');
INSERT INTO Card VALUES ('1000000000012808','2026-06-19','110000021');
INSERT INTO Card VALUES ('1000000000027793','2027-06-17','110000021');
INSERT INTO Card VALUES ('1000000000015675','2026-03-20','110000022');
INSERT INTO Card VALUES ('1000000000000613','2027-06-10','110000022');
INSERT INTO Card VALUES ('1000000000027025','2025-07-16','110000023');
INSERT INTO Card VALUES ('1000000000009479','2027-06-25','110000023');
INSERT INTO Card VALUES ('1000000000008098','2028-04-02','110000023');
INSERT INTO Card VALUES ('1000000000008747','2026-12-17','110000024');
INSERT INTO Card VALUES ('1000000000006464','2028-01-26','110000024');
INSERT INTO Card VALUES ('1000000000016042','2025-11-24',NULL);
INSERT INTO Card VALUES ('1000000000002569','2026-02-11',NULL);
INSERT INTO Card VALUES ('1000000000024602','2025-10-12',NULL);
INSERT INTO Card VALUES ('1000000000025841','2025-03-05',NULL);
INSERT INTO Card VALUES ('1000000000019091','2027-07-24',NULL);
INSERT INTO Card VALUES ('1000000000032491','2024-05-17',NULL);
INSERT INTO Card VALUES ('1000000000009791','2025-08-18',NULL);
INSERT INTO Card VALUES ('1000000000024719','2024-04-14',NULL);
INSERT INTO Card VALUES ('1000000000031679','2026-03-01',NULL);
INSERT INTO Card VALUES ('1000000000020437','2028-09-18',NULL);
INSERT INTO Card VALUES ('1000000000020779','2026-01-02',NULL);
INSERT INTO Card VALUES ('1000000000021151','2028-01-01',NULL);
INSERT INTO Card VALUES ('1000000000015624','2026-04-22',NULL);
INSERT INTO Card VALUES ('1000000000014616','2027-02-04',NULL);
INSERT INTO Card VALUES ('1000000000015575','2027-08-05',NULL);
INSERT INTO Card VALUES ('1000000000025264','2026-01-22',NULL);
INSERT INTO Card VALUES ('1000000000014172','2026-05-01',NULL);
INSERT INTO Card VALUES ('1000000000023468','2028-10-23',NULL);
INSERT INTO Card VALUES ('1000000000018344','2028-08-29',NULL);
INSERT INTO Card VALUES ('1000000000005954','2024-11-10',NULL);
INSERT INTO Card VALUES ('1000000000013978','2026-05-18',NULL);
INSERT INTO Card VALUES ('1000000000019653','2028-09-15',NULL);
INSERT INTO Card VALUES ('1000000000009628','2026-09-15',NULL);
INSERT INTO Card VALUES ('1000000000003653','2027-05-30',NULL);
INSERT INTO Card VALUES ('1000000000012244','2025-06-25',NULL);
INSERT INTO Card VALUES ('1000000000012666','2026-09-27',NULL);
INSERT INTO Card VALUES ('1000000000000859','2028-05-23',NULL);
INSERT INTO Card VALUES ('1000000000002448','2024-08-04',NULL);
INSERT INTO Card VALUES ('1000000000024855','2025-03-05',NULL);
INSERT INTO Card VALUES ('1000000000007426','2025-03-21',NULL);
INSERT INTO Restock VALUES ('Supplier1','1','Location2','2023-03-01');
INSERT INTO Restock VALUES ('Supplier7','1','Location6','2024-02-04');
INSERT INTO Restock VALUES ('Supplier4','1','Location7','2023-05-26');
INSERT INTO Restock VALUES ('Supplier6','1','Location3','2023-12-01');
INSERT INTO Restock VALUES ('Supplier4','2','Location10','2024-01-01');
INSERT INTO Restock VALUES ('Supplier7','2','Location2','2023-11-07');
INSERT INTO Restock VALUES ('Supplier2','1','Location10','2024-01-07');
INSERT INTO Restock VALUES ('Supplier3','1','Location7','2023-05-16');
INSERT INTO Restock VALUES ('Supplier7','3','Location4','2023-03-05');
INSERT INTO Restock VALUES ('Supplier5','1','Location5','2023-12-05');
INSERT INTO Restock VALUES ('Supplier9','1','Location8','2023-12-31');
INSERT INTO Restock VALUES ('Supplier10','1','Location8','2023-05-18');
INSERT INTO Restock VALUES ('Supplier10','2','Location3','2023-03-03');
INSERT INTO Restock VALUES ('Supplier4','3','Location5','2023-04-29');
INSERT INTO Restock VALUES ('Supplier9','2','Location4','2023-04-03');
INSERT INTO Restock VALUES ('Supplier1','2','Location10','2023-10-07');
INSERT INTO Restock VALUES ('Supplier3','2','Location2','2023-04-07');
INSERT INTO Restock VALUES ('Supplier9','3','Location10','2023-04-21');
INSERT INTO Restock VALUES ('Supplier1','3','Location6','2023-04-29');
INSERT INTO Restock VALUES ('Supplier1','4','Location6','2023-05-31');
INSERT INTO Restock VALUES ('Supplier10','3','Location1','2023-08-05');
INSERT INTO Restock VALUES ('Supplier1','5','Location1','2023-07-01');
INSERT INTO Restock VALUES ('Supplier3','3','Location6','2023-11-13');
INSERT INTO Restock VALUES ('Supplier3','4','Location1','2023-04-10');
INSERT INTO Restock VALUES ('Supplier3','5','Location4','2023-04-19');
INSERT INTO Restock VALUES ('Supplier6','2','Location10','2023-12-05');
INSERT INTO Restock VALUES ('Supplier8','1','Location6','2023-08-12');
INSERT INTO Restock VALUES ('Supplier5','2','Location5','2023-08-31');
INSERT INTO Restock VALUES ('Supplier1','6','Location7','2023-09-20');
INSERT INTO Restock VALUES ('Supplier5','3','Location1','2023-09-28');
INSERT INTO Order VALUES ('','Address 1','0','2024-02-16','guest1@example.com','1000000000015575');
INSERT INTO Order VALUES ('100000001','Address 2','429.34','2024-02-16','user100000002@example.com','1000000000011775');
INSERT INTO Order VALUES ('100000002','Address 3','319','2024-02-16','guest3@example.com','1000000000003653');
INSERT INTO Order VALUES ('100000003','Address 4','1202.35','2024-02-16','user100000015@example.com','1000000000008559');
INSERT INTO Order VALUES ('100000004','Address 5','454.01','2024-02-16','user110000013@example.com','1000000000017916');
INSERT INTO Order VALUES ('100000005','Address 6','315.87','2024-02-16','user100000008@example.com','1000000000024516');
INSERT INTO Order VALUES ('100000006','Address 7','721.63','2024-02-16','user110000004@example.com','1000000000013281');
INSERT INTO Order VALUES ('100000007','Address 8','319','2024-02-16','user110000004@example.com','1000000000001174');
INSERT INTO Order VALUES ('100000008','Address 9','454.01','2024-02-16','guest9@example.com','1000000000025264');
INSERT INTO Order VALUES ('100000009','Address 10','745.21','2024-02-16','guest10@example.com','1000000000013978');
INSERT INTO Order VALUES ('100000011','Address 11','454.01','2024-02-16','user100000004@example.com','1000000000032761');
INSERT INTO Order VALUES ('100000013','Address 12','429.34','2024-02-16','guest12@example.com','1000000000002569');
INSERT INTO Order VALUES ('100000015','Address 13','319','2024-02-16','user110000024@example.com','1000000000006464');
INSERT INTO Order VALUES ('100000016','Address 14','773.01','2024-02-16','user110000004@example.com','1000000000027622');
INSERT INTO Order VALUES ('100000017','Address 15','634.87','2024-02-16','guest15@example.com','1000000000009791');
INSERT INTO Order VALUES ('100000018','Address 16','1064.21','2024-02-16','user110000018@example.com','1000000000025423');
INSERT INTO Order VALUES ('100000019','Address 17','1037.5','2024-02-16','user100000016@example.com','1000000000009752');
INSERT INTO Order VALUES ('100000023','Address 18','748.34','2024-02-16','user100000008@example.com','1000000000019052');
INSERT INTO Order VALUES ('100000025','Address 19','429.34','2024-02-16','user110000003@example.com','1000000000001869');
INSERT INTO Order VALUES ('100000026','Address 20','315.87','2024-02-16','user100000012@example.com','1000000000024054');
INSERT INTO Order VALUES ('100000027','Address 21','1202.35','2024-02-16','user100000012@example.com','1000000000008358');
INSERT INTO Order VALUES ('100000029','Address 22','267.62','2024-02-16','user100000011@example.com','1000000000010803');
INSERT INTO Order VALUES ('100000030','Address 23','319','2024-02-16','guest23@example.com','1000000000023468');
INSERT INTO Order VALUES ('100000032','Address 24','267.62','2024-02-16','user100000019@example.com','1000000000003089');
INSERT INTO Order VALUES ('100000034','Address 25','454.01','2024-02-16','user110000016@example.com','1000000000001431');
INSERT INTO Order VALUES ('100000035','Address 26','844.97','2024-02-16','user100000003@example.com','1000000000029376');
INSERT INTO Order VALUES ('100000036','Address 27','696.96','2024-02-16','user110000012@example.com','1000000000007714');
INSERT INTO Order VALUES ('100000037','Address 28','429.34','2024-02-16','user100000018@example.com','1000000000009658');
INSERT INTO Order VALUES ('100000038','Address 29','858.68','2024-02-16','user110000011@example.com','1000000000031277');
INSERT INTO Order VALUES ('100000039','Address 30','529.1','2024-02-16','guest30@example.com','1000000000014616');
INSERT INTO Order VALUES ('100000040','Address 31','1312.69','2024-02-16','user100000006@example.com','1000000000006542');
INSERT INTO Product VALUES ('121060','100000001',NULL,'100000019','Supplier3','3');
INSERT INTO Product VALUES ('121060','100000002',NULL,'100000018','Supplier3','5');
INSERT INTO Product VALUES ('121060','100000003',NULL,'100000017','Supplier5','2');
INSERT INTO Product VALUES ('121060','100000004',NULL,'100000005','Supplier1','5');
INSERT INTO Product VALUES ('121060','100000005',NULL,'100000026','Supplier7','3');
INSERT INTO Product VALUES ('121060','100000006',NULL,'100000009','Supplier10','1');
INSERT INTO Product VALUES ('121060','100000007',NULL,'100000035','Supplier10','3');
INSERT INTO Product VALUES ('116511','100000001',NULL,'100000006','Supplier4','2');
INSERT INTO Product VALUES ('116511','100000002',NULL,'100000029','Supplier1','6');
INSERT INTO Product VALUES ('116511','100000003',NULL,'100000036','Supplier5','1');
INSERT INTO Product VALUES ('116511','100000004',NULL,'100000032','Supplier10','1');
INSERT INTO Product VALUES ('116511','100000005',NULL,'100000019','Supplier3','4');
INSERT INTO Product VALUES ('132512','100000001',NULL,'100000002','Supplier3','2');
INSERT INTO Product VALUES ('132512','100000002',NULL,'100000003','Supplier4','2');
INSERT INTO Product VALUES ('132512','100000003',NULL,'100000015','Supplier3','1');
INSERT INTO Product VALUES ('132512','100000004',NULL,'100000007','Supplier5','2');
INSERT INTO Product VALUES ('132512','100000005',NULL,'100000018','Supplier8','1');
INSERT INTO Product VALUES ('132512','100000006',NULL,'100000017','Supplier10','1');
INSERT INTO Product VALUES ('132512','100000007',NULL,'100000023','Supplier1','4');
INSERT INTO Product VALUES ('132512','100000008',NULL,'100000027','Supplier9','3');
INSERT INTO Product VALUES ('132512','100000009',NULL,'100000030','Supplier4','3');
INSERT INTO Product VALUES ('132512','100000010',NULL,'100000016','Supplier7','1');
INSERT INTO Product VALUES ('109890','100000001',NULL,'100000034','Supplier4','1');
INSERT INTO Product VALUES ('109890','100000002',NULL,'100000035','Supplier7','2');
INSERT INTO Product VALUES ('109890','100000003',NULL,'100000004','Supplier1','5');
INSERT INTO Product VALUES ('109890','100000004',NULL,'100000008','Supplier1','5');
INSERT INTO Product VALUES ('109890','100000005',NULL,'100000011','Supplier4','2');
INSERT INTO Product VALUES ('109890','100000006',NULL,'100000006','Supplier3','2');
INSERT INTO Product VALUES ('109890','100000007',NULL,'100000016','Supplier4','1');
INSERT INTO Product VALUES ('109890','100000008',NULL,'100000003','Supplier3','4');
INSERT INTO Product VALUES ('109890','100000009',NULL,'100000039','Supplier8','1');
INSERT INTO Product VALUES ('109890','100000010',NULL,'100000040','Supplier3','5');
INSERT INTO Product VALUES ('109890','100000011',NULL,'100000019','Supplier7','1');
INSERT INTO Product VALUES ('109890','100000012',NULL,'100000027','Supplier3','5');
INSERT INTO Product VALUES ('132674','100000001',NULL,'100000027','Supplier6','1');
INSERT INTO Product VALUES ('132674','100000002',NULL,'100000038','Supplier9','2');
INSERT INTO Product VALUES ('132674','100000003',NULL,'100000040','Supplier9','3');
INSERT INTO Product VALUES ('132674','100000004',NULL,'100000025','Supplier1','2');
INSERT INTO Product VALUES ('132674','100000005',NULL,'100000037','Supplier3','5');
INSERT INTO Product VALUES ('132674','100000006',NULL,'100000018','Supplier4','2');
INSERT INTO Product VALUES ('132674','100000007',NULL,'100000013','Supplier7','2');
INSERT INTO Product VALUES ('132674','100000008',NULL,'100000038','Supplier2','1');
INSERT INTO Product VALUES ('132674','100000009',NULL,'100000040','Supplier10','3');
INSERT INTO Product VALUES ('132674','100000010',NULL,'100000009','Supplier1','5');
INSERT INTO Product VALUES ('132674','100000011',NULL,'100000023','Supplier7','3');
INSERT INTO Product VALUES ('132674','100000012',NULL,'100000036','Supplier6','1');
INSERT INTO Product VALUES ('132674','100000013',NULL,'100000003','Supplier7','3');
INSERT INTO Product VALUES ('132674','100000014',NULL,'100000001','Supplier4','3');
INSERT INTO Product VALUES ('101185','100000001',NULL,'100000035','Supplier1','4');
INSERT INTO Product VALUES ('101185','100000002',NULL,'100000039','Supplier9','1');
INSERT INTO Product VALUES ('101185','100000003',NULL,NULL,'Supplier9','1');
INSERT INTO Product VALUES ('101185','100000004',NULL,NULL,'Supplier3','2');
INSERT INTO Product VALUES ('101185','100000005',NULL,NULL,'Supplier3','2');
INSERT INTO Product VALUES ('101185','100000006',NULL,NULL,'Supplier3','2');
INSERT INTO Product VALUES ('101185','100000007',NULL,NULL,'Supplier5','3');
INSERT INTO Product VALUES ('101185','100000008',NULL,NULL,'Supplier6','1');
INSERT INTO Product VALUES ('101185','100000009',NULL,NULL,'Supplier9','2');
INSERT INTO Product VALUES ('101185','100000010',NULL,NULL,'Supplier1','1');
INSERT INTO Product VALUES ('101185','100000011',NULL,NULL,'Supplier9','3');
INSERT INTO Product VALUES ('101185','100000012',NULL,NULL,'Supplier3','4');
INSERT INTO Product VALUES ('101185','100000013',NULL,NULL,'Supplier4','3');
INSERT INTO Product VALUES ('129878','100000001',NULL,NULL,'Supplier6','1');
INSERT INTO Product VALUES ('129878','100000002',NULL,NULL,'Supplier10','1');
INSERT INTO Product VALUES ('129878','100000003',NULL,NULL,'Supplier7','1');
INSERT INTO Product VALUES ('129878','100000004',NULL,NULL,'Supplier4','1');
INSERT INTO Product VALUES ('129878','100000005',NULL,NULL,'Supplier2','1');
INSERT INTO Product VALUES ('129878','100000006',NULL,NULL,'Supplier1','2');
INSERT INTO Product VALUES ('129878','100000007',NULL,NULL,'Supplier5','2');
INSERT INTO Product VALUES ('129878','100000008',NULL,NULL,'Supplier5','2');
INSERT INTO Product VALUES ('129878','100000009',NULL,NULL,'Supplier3','2');
INSERT INTO Product VALUES ('129878','100000010',NULL,NULL,'Supplier4','3');
INSERT INTO Product VALUES ('129878','100000011',NULL,NULL,'Supplier8','1');
INSERT INTO Product VALUES ('129878','100000012',NULL,NULL,'Supplier4','1');
INSERT INTO Product VALUES ('129878','100000013',NULL,NULL,'Supplier1','2');
INSERT INTO Product VALUES ('100798','100000001',NULL,NULL,'Supplier5','3');
INSERT INTO Product VALUES ('100798','100000002',NULL,NULL,'Supplier5','3');
INSERT INTO Product VALUES ('100798','100000003',NULL,NULL,'Supplier6','1');
INSERT INTO Product VALUES ('100798','100000004',NULL,NULL,'Supplier1','6');
INSERT INTO Product VALUES ('100798','100000005',NULL,NULL,'Supplier4','2');
INSERT INTO Product VALUES ('100798','100000006',NULL,NULL,'Supplier10','3');
INSERT INTO Product VALUES ('100798','100000007',NULL,NULL,'Supplier2','1');
INSERT INTO Product VALUES ('100798','100000008',NULL,NULL,'Supplier9','3');
INSERT INTO Product VALUES ('100798','100000009',NULL,NULL,'Supplier10','3');
INSERT INTO Product VALUES ('100798','100000010',NULL,NULL,'Supplier1','4');
INSERT INTO Product VALUES ('100798','100000011',NULL,NULL,'Supplier6','2');
INSERT INTO Product VALUES ('100798','100000012',NULL,NULL,'Supplier9','2');
INSERT INTO Product VALUES ('112506','100000001',NULL,NULL,'Supplier1','2');
INSERT INTO Product VALUES ('112506','100000002',NULL,NULL,'Supplier1','3');
INSERT INTO Product VALUES ('112506','100000003',NULL,NULL,'Supplier1','2');
INSERT INTO Product VALUES ('112506','100000004',NULL,NULL,'Supplier9','3');
INSERT INTO Product VALUES ('112506','100000005',NULL,NULL,'Supplier3','1');
INSERT INTO Product VALUES ('112506','100000006',NULL,NULL,'Supplier1','5');
INSERT INTO Product VALUES ('112506','100000007',NULL,NULL,'Supplier3','1');
INSERT INTO Product VALUES ('112506','100000008',NULL,NULL,'Supplier6','1');
INSERT INTO Product VALUES ('104163','100000001',NULL,NULL,'Supplier8','1');
INSERT INTO Product VALUES ('104163','100000002',NULL,NULL,'Supplier1','6');
INSERT INTO Product VALUES ('104163','100000003',NULL,NULL,'Supplier9','3');
INSERT INTO Product VALUES ('104163','100000004',NULL,NULL,'Supplier1','1');
INSERT INTO Product VALUES ('104163','100000005',NULL,NULL,'Supplier10','1');
INSERT INTO Product VALUES ('104163','100000006',NULL,NULL,'Supplier1','4');
INSERT INTO Product VALUES ('104163','100000007',NULL,NULL,'Supplier1','5');
INSERT INTO Product VALUES ('104163','100000008',NULL,NULL,'Supplier3','4');
INSERT INTO Product VALUES ('104163','100000009',NULL,NULL,'Supplier1','2');
INSERT INTO Product VALUES ('104163','100000010',NULL,NULL,'Supplier6','1');
INSERT INTO Product VALUES ('122476','100000001',NULL,NULL,'Supplier3','4');
INSERT INTO Product VALUES ('122476','100000002',NULL,NULL,'Supplier10','1');
INSERT INTO Product VALUES ('122476','100000003',NULL,NULL,'Supplier10','1');
INSERT INTO Product VALUES ('122476','100000004',NULL,NULL,'Supplier6','1');
INSERT INTO Product VALUES ('122476','100000005',NULL,NULL,'Supplier6','2');
INSERT INTO Product VALUES ('122476','100000006',NULL,NULL,'Supplier6','1');
INSERT INTO Product VALUES ('122476','100000007',NULL,NULL,'Supplier9','1');
INSERT INTO Product VALUES ('122476','100000008',NULL,NULL,'Supplier10','3');
INSERT INTO Product VALUES ('122476','100000009',NULL,NULL,'Supplier1','4');
INSERT INTO Product VALUES ('122476','100000010',NULL,NULL,'Supplier3','3');
INSERT INTO Product VALUES ('131127','100000001',NULL,NULL,'Supplier8','1');
INSERT INTO Product VALUES ('131127','100000002',NULL,NULL,'Supplier7','2');
INSERT INTO Product VALUES ('131127','100000003',NULL,NULL,'Supplier8','1');
INSERT INTO Product VALUES ('131127','100000004',NULL,NULL,'Supplier1','1');
INSERT INTO Product VALUES ('131127','100000005',NULL,NULL,'Supplier5','1');
INSERT INTO Product VALUES ('131127','100000006',NULL,NULL,'Supplier5','1');
INSERT INTO Product VALUES ('131127','100000007',NULL,NULL,'Supplier5','2');
INSERT INTO Product VALUES ('131127','100000008',NULL,NULL,'Supplier7','3');
INSERT INTO Product VALUES ('131127','100000009',NULL,NULL,'Supplier1','5');
INSERT INTO Product VALUES ('131127','100000010',NULL,NULL,'Supplier1','5');
INSERT INTO Product VALUES ('131127','100000011',NULL,NULL,'Supplier10','1');
INSERT INTO Product VALUES ('131127','100000012',NULL,NULL,'Supplier4','3');
INSERT INTO Product VALUES ('131127','100000013',NULL,NULL,'Supplier5','1');
INSERT INTO Product VALUES ('131127','100000014',NULL,NULL,'Supplier6','2');
INSERT INTO Product VALUES ('102580','100000001',NULL,NULL,'Supplier10','2');
INSERT INTO Product VALUES ('102580','100000002',NULL,NULL,'Supplier3','5');
INSERT INTO Product VALUES ('120872','100000001',NULL,NULL,'Supplier4','2');
INSERT INTO Product VALUES ('120872','100000002',NULL,NULL,'Supplier6','1');
INSERT INTO Product VALUES ('120872','100000003',NULL,NULL,'Supplier1','2');
INSERT INTO Product VALUES ('120872','100000004',NULL,NULL,'Supplier3','1');
INSERT INTO Product VALUES ('120872','100000005',NULL,NULL,'Supplier6','1');
INSERT INTO Product VALUES ('120872','100000006',NULL,NULL,'Supplier3','3');
INSERT INTO Product VALUES ('120872','100000007',NULL,NULL,'Supplier3','5');
INSERT INTO Product VALUES ('120872','100000008',NULL,NULL,'Supplier1','1');
INSERT INTO Product VALUES ('120872','100000009',NULL,NULL,'Supplier3','5');
INSERT INTO Product VALUES ('120872','100000010',NULL,NULL,'Supplier3','1');
INSERT INTO Product VALUES ('120872','100000011',NULL,NULL,'Supplier7','2');
INSERT INTO Product VALUES ('120872','100000012',NULL,NULL,'Supplier3','2');
INSERT INTO Product VALUES ('120726','100000001',NULL,NULL,'Supplier6','1');
INSERT INTO Product VALUES ('120726','100000002',NULL,NULL,'Supplier5','1');
INSERT INTO Product VALUES ('120726','100000003',NULL,NULL,'Supplier3','5');
INSERT INTO Product VALUES ('132135','100000001',NULL,NULL,'Supplier10','3');
INSERT INTO Product VALUES ('132135','100000002',NULL,NULL,'Supplier1','5');
INSERT INTO Product VALUES ('132135','100000003',NULL,NULL,'Supplier10','3');
INSERT INTO Product VALUES ('132135','100000004',NULL,NULL,'Supplier3','5');
INSERT INTO Product VALUES ('132135','100000005',NULL,NULL,'Supplier3','2');
INSERT INTO Product VALUES ('132135','100000006',NULL,NULL,'Supplier9','1');
INSERT INTO Product VALUES ('132135','100000007',NULL,NULL,'Supplier1','2');
INSERT INTO Product VALUES ('132135','100000008',NULL,NULL,'Supplier1','2');
INSERT INTO Product VALUES ('132135','100000009',NULL,NULL,'Supplier1','2');
INSERT INTO Product VALUES ('132135','100000010',NULL,NULL,'Supplier5','3');
INSERT INTO Product VALUES ('132135','100000011',NULL,NULL,'Supplier7','1');
INSERT INTO Product VALUES ('132135','100000012',NULL,NULL,'Supplier1','2');
INSERT INTO Product VALUES ('131629','100000001',NULL,NULL,'Supplier7','1');
INSERT INTO Product VALUES ('131629','100000002',NULL,NULL,'Supplier9','1');
INSERT INTO Product VALUES ('131629','100000003',NULL,NULL,'Supplier2','1');
INSERT INTO Product VALUES ('131629','100000004',NULL,NULL,'Supplier1','3');
INSERT INTO Product VALUES ('131629','100000005',NULL,NULL,'Supplier4','3');
INSERT INTO Product VALUES ('131629','100000006',NULL,NULL,'Supplier5','3');
INSERT INTO Product VALUES ('131629','100000007',NULL,NULL,'Supplier1','3');
INSERT INTO Product VALUES ('106706','100000001',NULL,NULL,'Supplier6','2');
INSERT INTO Product VALUES ('119573','100000001',NULL,NULL,'Supplier1','6');
INSERT INTO Product VALUES ('119573','100000002',NULL,NULL,'Supplier1','3');
INSERT INTO Product VALUES ('119573','100000003',NULL,NULL,'Supplier3','3');
INSERT INTO Product VALUES ('119573','100000004',NULL,NULL,'Supplier9','3');
INSERT INTO Product VALUES ('119573','100000005',NULL,NULL,'Supplier8','1');
INSERT INTO Product VALUES ('119573','100000006',NULL,NULL,'Supplier7','1');
INSERT INTO Product VALUES ('119573','100000007',NULL,NULL,'Supplier4','2');
INSERT INTO Product VALUES ('103244','100000001',NULL,NULL,'Supplier1','4');
INSERT INTO Product VALUES ('126690','100000001',NULL,NULL,'Supplier5','3');
INSERT INTO Product VALUES ('126690','100000002',NULL,NULL,'Supplier1','6');
INSERT INTO Product VALUES ('126690','100000003',NULL,NULL,'Supplier10','1');
INSERT INTO Product VALUES ('126690','100000004',NULL,NULL,'Supplier9','1');
INSERT INTO Product VALUES ('126690','100000005',NULL,NULL,'Supplier9','1');
INSERT INTO Product VALUES ('126690','100000006',NULL,NULL,'Supplier1','2');
INSERT INTO Product VALUES ('126690','100000007',NULL,NULL,'Supplier9','1');
INSERT INTO Product VALUES ('126690','100000008',NULL,NULL,'Supplier9','2');
INSERT INTO Product VALUES ('126690','100000009',NULL,NULL,'Supplier9','3');
INSERT INTO Product VALUES ('126690','100000010',NULL,NULL,'Supplier6','1');
INSERT INTO Product VALUES ('126690','100000011',NULL,NULL,'Supplier6','1');
INSERT INTO Product VALUES ('127764','100000001',NULL,NULL,'Supplier4','3');
INSERT INTO Product VALUES ('127764','100000002',NULL,NULL,'Supplier3','3');
INSERT INTO Product VALUES ('127764','100000003',NULL,NULL,'Supplier7','3');
INSERT INTO Product VALUES ('127764','100000004',NULL,NULL,'Supplier9','3');
INSERT INTO Product VALUES ('102180','100000001',NULL,NULL,'Supplier4','2');
INSERT INTO Product VALUES ('102180','100000002',NULL,NULL,'Supplier3','4');
INSERT INTO Product VALUES ('126949','100000001',NULL,NULL,'Supplier3','5');
INSERT INTO Product VALUES ('126949','100000002',NULL,NULL,'Supplier7','3');
INSERT INTO Product VALUES ('126949','100000003',NULL,NULL,'Supplier1','5');
INSERT INTO Product VALUES ('126949','100000004',NULL,NULL,'Supplier10','1');
INSERT INTO Product VALUES ('109616','100000001',NULL,NULL,'Supplier3','4');
INSERT INTO Product VALUES ('109616','100000002',NULL,NULL,'Supplier10','1');
INSERT INTO Product VALUES ('109616','100000003',NULL,NULL,'Supplier1','5');
INSERT INTO Product VALUES ('109616','100000004',NULL,NULL,'Supplier6','2');
INSERT INTO Product VALUES ('109616','100000005',NULL,NULL,'Supplier4','3');
INSERT INTO Product VALUES ('109616','100000006',NULL,NULL,'Supplier4','2');
INSERT INTO Product VALUES ('109616','100000007',NULL,NULL,'Supplier6','1');
INSERT INTO Product VALUES ('109616','100000008',NULL,NULL,'Supplier3','3');
INSERT INTO Product VALUES ('109616','100000009',NULL,NULL,'Supplier3','4');
INSERT INTO Product VALUES ('109616','100000010',NULL,NULL,'Supplier9','2');
INSERT INTO Product VALUES ('109616','100000011',NULL,NULL,'Supplier3','5');
INSERT INTO Product VALUES ('109616','100000012',NULL,NULL,'Supplier3','1');
INSERT INTO Product VALUES ('');
INSERT INTO Shipment VALUES ('1','Shipper1','100000035','101185','100000001','2024-12-08','2024-12-05');
INSERT INTO Shipment VALUES ('1','Shipper1','100000006','109890','100000006','2023-09-06','2023-09-03');
INSERT INTO Shipment VALUES ('1','Shipper1','100000039','109890','100000009','2022-07-21','2022-07-18');
INSERT INTO Shipment VALUES ('1','Shipper2','100000026','121060','100000005','2024-05-05','2024-05-02');
INSERT INTO Shipment VALUES ('1','Shipper2','100000027','132674','100000001','2023-04-27','2023-04-24');
INSERT INTO Shipment VALUES ('1','Shipper2','100000027','109890','100000012','2023-09-16','2023-09-13');
INSERT INTO Shipment VALUES ('1','Shipper2','100000017','121060','100000003','2022-08-13','2022-08-10');
INSERT INTO Shipment VALUES ('1','Shipper2','100000003','132512','100000002','2022-06-15','2022-06-12');
INSERT INTO Shipment VALUES ('1','Shipper3','100000038','132674','100000002','2023-01-16','2023-01-13');
INSERT INTO Shipment VALUES ('1','Shipper3','100000008','109890','100000004','2022-02-07','2022-02-04');
INSERT INTO Shipment VALUES ('2','Shipper1','100000001','132674','100000014','2023-07-10','2023-07-07');
INSERT INTO Shipment VALUES ('2','Shipper1','100000040','109890','100000010','2022-09-17','2022-09-14');
INSERT INTO Shipment VALUES ('2','Shipper2','100000036','116511','100000003','2023-01-11','2023-01-08');
INSERT INTO Shipment VALUES ('2','Shipper2','100000015','132512','100000003','2024-06-27','2024-06-24');
INSERT INTO Shipment VALUES ('2','Shipper2','100000018','121060','100000002','2024-04-17','2024-04-14');
INSERT INTO Shipment VALUES ('2','Shipper2','100000019','109890','100000011','2022-03-27','2022-03-24');
INSERT INTO Shipment VALUES ('2','Shipper3','','','','2024-12-24','2024-12-21');
INSERT INTO Shipment VALUES ('2','Shipper3','100000040','132674','100000003','2024-06-24','2024-06-21');
INSERT INTO Shipment VALUES ('2','Shipper3','100000005','121060','100000004','2024-07-06','2024-07-03');
INSERT INTO Shipment VALUES ('2','Shipper3','100000030','132512','100000009','2023-01-08','2023-01-05');
INSERT INTO Shipment VALUES ('3','Shipper1','100000009','121060','100000006','2024-11-06','2024-11-03');
INSERT INTO Shipment VALUES ('3','Shipper1','100000023','132512','100000007','2023-03-14','2023-03-11');
INSERT INTO Shipment VALUES ('3','Shipper2','100000038','132674','100000008','2022-09-13','2022-09-10');
INSERT INTO Shipment VALUES ('3','Shipper2','100000035','121060','100000007','2024-06-04','2024-06-01');
INSERT INTO Shipment VALUES ('3','Shipper3','100000025','132674','100000004','2024-01-04','2024-01-01');
INSERT INTO Shipment VALUES ('3','Shipper3','100000034','109890','100000001','2024-05-08','2024-05-05');
INSERT INTO Shipment VALUES ('3','Shipper3','100000019','121060','100000001','2023-03-15','2023-03-12');
INSERT INTO Shipment VALUES ('3','Shipper3','100000009','132674','100000010','2023-06-27','2023-06-24');
INSERT INTO Shipment VALUES ('3','Shipper3','100000036','132674','100000012','2022-03-30','2022-03-27');
INSERT INTO Shipment VALUES ('4','Shipper1','100000003','109890','100000008','2023-07-20','2023-07-17');
INSERT INTO Shipment VALUES ('4','Shipper1','100000007','132512','100000004','2024-01-05','2024-01-02');
INSERT INTO Shipment VALUES ('4','Shipper2','100000019','116511','100000005','2022-12-06','2022-12-03');
INSERT INTO Shipment VALUES ('4','Shipper2','100000018','132674','100000006','2022-05-10','2022-05-07');
INSERT INTO Shipment VALUES ('4','Shipper2','100000035','109890','100000002','2022-07-30','2022-07-27');
INSERT INTO Shipment VALUES ('4','Shipper3','100000016','109890','100000007','2024-03-10','2024-03-07');
INSERT INTO Shipment VALUES ('4','Shipper3','100000032','116511','100000004','2023-03-31','2023-03-28');
INSERT INTO Shipment VALUES ('4','Shipper3','100000039','101185','100000002','2022-08-25','2022-08-22');
INSERT INTO Shipment VALUES ('4','Shipper3','100000004','109890','100000003','2023-06-30','2023-06-27');
INSERT INTO Shipment VALUES ('5','Shipper1','100000017','132512','100000006','2022-07-09','2022-07-06');
INSERT INTO Shipment VALUES ('5','Shipper1','100000040','132674','100000009','2022-05-29','2022-05-26');
INSERT INTO Shipment VALUES ('5','Shipper1','100000002','132512','100000001','2023-11-29','2023-11-26');
INSERT INTO Shipment VALUES ('5','Shipper1','100000016','132512','100000010','2024-05-14','2024-05-11');
INSERT INTO Shipment VALUES ('5','Shipper1','100000027','132512','100000008','2022-05-16','2022-05-13');
INSERT INTO Shipment VALUES ('5','Shipper2','100000006','116511','100000001','2023-11-05','2023-11-02');
INSERT INTO Shipment VALUES ('5','Shipper2','100000013','132674','100000007','2024-12-11','2024-12-08');
INSERT INTO Shipment VALUES ('5','Shipper2','100000037','132674','100000005','2023-07-14','2023-07-11');
INSERT INTO Shipment VALUES ('5','Shipper2','100000011','109890','100000005','2023-08-15','2023-08-12');
INSERT INTO Shipment VALUES ('5','Shipper2','100000029','116511','100000002','2023-03-06','2023-03-03');
INSERT INTO Shipment VALUES ('5','Shipper3','100000023','132674','100000011','2024-04-10','2024-04-07');
INSERT INTO Shipment VALUES ('5','Shipper3','100000018','132512','100000005','2023-07-22','2023-07-19');
INSERT INTO Shipment VALUES ('5','Shipper3','100000003','132674','100000013','2022-11-17','2022-11-14');
