CONNECT TO COMP421;
-- Generated by script
INSERT INTO Category VALUES ('categoryA');
INSERT INTO Category VALUES ('categoryB');
INSERT INTO Category VALUES ('categoryC');
INSERT INTO Category VALUES ('categoryD');
INSERT INTO Category VALUES ('categoryE');
INSERT INTO Category VALUES ('categoryF');
INSERT INTO Category VALUES ('categoryG');
INSERT INTO Category VALUES ('categoryH');
INSERT INTO Category VALUES ('categoryI');
INSERT INTO Category VALUES ('categoryJ');
INSERT INTO Category VALUES ('categoryK');
INSERT INTO Category VALUES ('categoryL');
INSERT INTO Category VALUES ('categoryM');
INSERT INTO Category VALUES ('categoryN');
INSERT INTO Category VALUES ('categoryO');
INSERT INTO Category VALUES ('categoryP');
INSERT INTO Category VALUES ('categoryQ');
INSERT INTO Category VALUES ('categoryR');
INSERT INTO Category VALUES ('categoryS');
INSERT INTO Category VALUES ('categoryT');
INSERT INTO BrandPage VALUES ('www.421market.com/brand1','Brand 1','This is the description for Brand 1.');
INSERT INTO BrandPage VALUES ('www.421market.com/brand2','Brand 2','This is the description for Brand 2.');
INSERT INTO BrandPage VALUES ('www.421market.com/brand3','Brand 3',NULL);
INSERT INTO BrandPage VALUES ('www.421market.com/brand4','Brand 4','This is the description for Brand 4.');
INSERT INTO BrandPage VALUES ('www.421market.com/brand5','Brand 5','This is the description for Brand 5.');
INSERT INTO BrandPage VALUES ('www.421market.com/brand6','Brand 6','This is the description for Brand 6.');
INSERT INTO BrandPage VALUES ('www.421market.com/brand7','Brand 7','This is the description for Brand 7.');
INSERT INTO BrandPage VALUES ('www.421market.com/brand8','Brand 8','This is the description for Brand 8.');
INSERT INTO BrandPage VALUES ('www.421market.com/brand9','Brand 9',NULL);
INSERT INTO BrandPage VALUES ('www.421market.com/brand10','Brand 10',NULL);
INSERT INTO BrandPage VALUES ('www.421market.com/brand11','Brand 11','This is the description for Brand 11.');
INSERT INTO BrandPage VALUES ('www.421market.com/brand12','Brand 12','This is the description for Brand 12.');
INSERT INTO BrandPage VALUES ('www.421market.com/brand13','Brand 13','This is the description for Brand 13.');
INSERT INTO BrandPage VALUES ('www.421market.com/brand14','Brand 14','This is the description for Brand 14.');
INSERT INTO BrandPage VALUES ('www.421market.com/brand15','Brand 15','This is the description for Brand 15.');
INSERT INTO BrandPage VALUES ('www.421market.com/brand16','Brand 16','This is the description for Brand 16.');
INSERT INTO BrandPage VALUES ('www.421market.com/brand17','Brand 17',NULL);
INSERT INTO BrandPage VALUES ('www.421market.com/brand18','Brand 18','This is the description for Brand 18.');
INSERT INTO BrandPage VALUES ('www.421market.com/brand19','Brand 19','This is the description for Brand 19.');
INSERT INTO BrandPage VALUES ('www.421market.com/brand20','Brand 20','This is the description for Brand 20.');
INSERT INTO Model VALUES ('108247','272.91','www.421market.com/brand15','8');
INSERT INTO Model VALUES ('112055','178.59','www.421market.com/brand10','5');
INSERT INTO Model VALUES ('126678','218.50','www.421market.com/brand2','8');
INSERT INTO Model VALUES ('112476','138.36','www.421market.com/brand17','7');
INSERT INTO Model VALUES ('110053','206.61','www.421market.com/brand5','5');
INSERT INTO Model VALUES ('102002','329.96','www.421market.com/brand10','4');
INSERT INTO Model VALUES ('109051','129.68','www.421market.com/brand11','6');
INSERT INTO Model VALUES ('105946','129.07','www.421market.com/brand11','7');
INSERT INTO Model VALUES ('114520','366.24','www.421market.com/brand19','7');
INSERT INTO Model VALUES ('118269','246.50','www.421market.com/brand11','2');
INSERT INTO Model VALUES ('131908','53.52','www.421market.com/brand6','4');
INSERT INTO Model VALUES ('118359','444.00','www.421market.com/brand14','10');
INSERT INTO Model VALUES ('109204','489.90','www.421market.com/brand20','5');
INSERT INTO Model VALUES ('109900','474.65','www.421market.com/brand14','10');
INSERT INTO Model VALUES ('100905','396.90','www.421market.com/brand1','9');
INSERT INTO Model VALUES ('109931','315.10','www.421market.com/brand3','4');
INSERT INTO Model VALUES ('107100','218.25','www.421market.com/brand19','3');
INSERT INTO Model VALUES ('122463','111.12','www.421market.com/brand6','5');
INSERT INTO Model VALUES ('102062','166.18','www.421market.com/brand1','4');
INSERT INTO Model VALUES ('116943','64.39','www.421market.com/brand9','9');
INSERT INTO Model VALUES ('115517','286.50','www.421market.com/brand5','2');
INSERT INTO Model VALUES ('114031','487.08','www.421market.com/brand9','2');
INSERT INTO Model VALUES ('103247','427.87','www.421market.com/brand10','1');
INSERT INTO Model VALUES ('103263','28.40','www.421market.com/brand5','4');
INSERT INTO Model VALUES ('115732','380.16','www.421market.com/brand19','4');
INSERT INTO Model VALUES ('105964','52.25','www.421market.com/brand14','0');
INSERT INTO Model VALUES ('117496','31.76','www.421market.com/brand10','7');
INSERT INTO Model VALUES ('111936','394.16','www.421market.com/brand20','10');
INSERT INTO Model VALUES ('116877','410.38','www.421market.com/brand8','2');
INSERT INTO Model VALUES ('102108','179.80','www.421market.com/brand17','8');
INSERT INTO Belongs VALUES ('categoryP','108247');
INSERT INTO Belongs VALUES ('categoryP','112055');
INSERT INTO Belongs VALUES ('categoryT','112055');
INSERT INTO Belongs VALUES ('categoryE','112055');
INSERT INTO Belongs VALUES ('categoryS','126678');
INSERT INTO Belongs VALUES ('categoryA','112476');
INSERT INTO Belongs VALUES ('categoryJ','110053');
INSERT INTO Belongs VALUES ('categoryO','110053');
INSERT INTO Belongs VALUES ('categoryK','102002');
INSERT INTO Belongs VALUES ('categoryJ','109051');
INSERT INTO Belongs VALUES ('categoryT','105946');
INSERT INTO Belongs VALUES ('categoryE','105946');
INSERT INTO Belongs VALUES ('categoryJ','105946');
INSERT INTO Belongs VALUES ('categoryF','114520');
INSERT INTO Belongs VALUES ('categoryB','114520');
INSERT INTO Belongs VALUES ('categoryJ','114520');
INSERT INTO Belongs VALUES ('categoryC','118269');
INSERT INTO Belongs VALUES ('categoryD','118269');
INSERT INTO Belongs VALUES ('categoryT','118269');
INSERT INTO Belongs VALUES ('categoryI','131908');
INSERT INTO Belongs VALUES ('categoryM','131908');
INSERT INTO Belongs VALUES ('categoryP','118359');
INSERT INTO Belongs VALUES ('categoryH','118359');
INSERT INTO Belongs VALUES ('categoryC','118359');
INSERT INTO Belongs VALUES ('categoryC','109900');
INSERT INTO Belongs VALUES ('categoryL','109900');
INSERT INTO Belongs VALUES ('categoryS','109900');
INSERT INTO Belongs VALUES ('categoryG','100905');
INSERT INTO Belongs VALUES ('categoryF','100905');
INSERT INTO Belongs VALUES ('categoryG','107100');
INSERT INTO Belongs VALUES ('categoryP','107100');
INSERT INTO Belongs VALUES ('categoryL','122463');
INSERT INTO Belongs VALUES ('categoryJ','102062');
INSERT INTO Belongs VALUES ('categoryT','102062');
INSERT INTO Belongs VALUES ('categoryD','116943');
INSERT INTO Belongs VALUES ('categoryQ','116943');
INSERT INTO Belongs VALUES ('categoryO','116943');
INSERT INTO Belongs VALUES ('categoryM','115517');
INSERT INTO Belongs VALUES ('categoryD','115517');
INSERT INTO Belongs VALUES ('categoryT','114031');
INSERT INTO Belongs VALUES ('categoryE','114031');
INSERT INTO Belongs VALUES ('categoryO','114031');
INSERT INTO Belongs VALUES ('categoryK','103247');
INSERT INTO Belongs VALUES ('categoryB','103263');
INSERT INTO Belongs VALUES ('categoryD','103263');
INSERT INTO Belongs VALUES ('categoryF','103263');
INSERT INTO Belongs VALUES ('categoryN','115732');
INSERT INTO Belongs VALUES ('categoryC','115732');
INSERT INTO Belongs VALUES ('categoryA','115732');
INSERT INTO Belongs VALUES ('categoryE','117496');
INSERT INTO Belongs VALUES ('categoryD','117496');
INSERT INTO Belongs VALUES ('categoryS','111936');
INSERT INTO Belongs VALUES ('categoryO','116877');
INSERT INTO Belongs VALUES ('categoryL','116877');
INSERT INTO Belongs VALUES ('categoryI','102108');
INSERT INTO User VALUES ('100000001');
INSERT INTO User VALUES ('100000002');
INSERT INTO User VALUES ('100000003');
INSERT INTO User VALUES ('100000004');
INSERT INTO User VALUES ('100000005');
INSERT INTO User VALUES ('100000006');
INSERT INTO User VALUES ('100000007');
INSERT INTO User VALUES ('100000008');
INSERT INTO User VALUES ('100000009');
INSERT INTO User VALUES ('100000010');
INSERT INTO User VALUES ('100000011');
INSERT INTO User VALUES ('100000012');
INSERT INTO User VALUES ('100000013');
INSERT INTO User VALUES ('100000014');
INSERT INTO User VALUES ('100000015');
INSERT INTO User VALUES ('100000016');
INSERT INTO User VALUES ('100000017');
INSERT INTO User VALUES ('100000018');
INSERT INTO User VALUES ('100000019');
INSERT INTO User VALUES ('100000020');
INSERT INTO User VALUES ('100000021');
INSERT INTO User VALUES ('100000022');
INSERT INTO User VALUES ('100000023');
INSERT INTO User VALUES ('100000024');
INSERT INTO User VALUES ('100000025');
INSERT INTO User VALUES ('110000001');
INSERT INTO User VALUES ('110000002');
INSERT INTO User VALUES ('110000003');
INSERT INTO User VALUES ('110000004');
INSERT INTO User VALUES ('110000005');
INSERT INTO User VALUES ('110000006');
INSERT INTO User VALUES ('110000007');
INSERT INTO User VALUES ('110000008');
INSERT INTO User VALUES ('110000009');
INSERT INTO User VALUES ('110000010');
INSERT INTO User VALUES ('110000011');
INSERT INTO User VALUES ('110000012');
INSERT INTO User VALUES ('110000013');
INSERT INTO User VALUES ('110000014');
INSERT INTO User VALUES ('110000015');
INSERT INTO User VALUES ('110000016');
INSERT INTO User VALUES ('110000017');
INSERT INTO User VALUES ('110000018');
INSERT INTO User VALUES ('110000019');
INSERT INTO User VALUES ('110000020');
INSERT INTO User VALUES ('110000021');
INSERT INTO User VALUES ('110000022');
INSERT INTO User VALUES ('110000023');
INSERT INTO User VALUES ('110000024');
INSERT INTO User VALUES ('110000025');
INSERT INTO User VALUES ('200000001');
INSERT INTO User VALUES ('200000002');
INSERT INTO User VALUES ('200000003');
INSERT INTO User VALUES ('200000004');
INSERT INTO User VALUES ('200000005');
INSERT INTO User VALUES ('200000006');
INSERT INTO User VALUES ('200000007');
INSERT INTO User VALUES ('200000008');
INSERT INTO User VALUES ('200000009');
INSERT INTO User VALUES ('200000010');
INSERT INTO User VALUES ('200000011');
INSERT INTO User VALUES ('200000012');
INSERT INTO User VALUES ('200000013');
INSERT INTO User VALUES ('200000014');
INSERT INTO User VALUES ('200000015');
INSERT INTO User VALUES ('200000016');
INSERT INTO User VALUES ('200000017');
INSERT INTO User VALUES ('200000018');
INSERT INTO User VALUES ('200000019');
INSERT INTO User VALUES ('200000020');
INSERT INTO User VALUES ('200000021');
INSERT INTO User VALUES ('200000022');
INSERT INTO User VALUES ('200000023');
INSERT INTO User VALUES ('200000024');
INSERT INTO User VALUES ('200000025');
INSERT INTO User VALUES ('300000001');
INSERT INTO User VALUES ('300000002');
INSERT INTO User VALUES ('300000003');
INSERT INTO User VALUES ('300000004');
INSERT INTO User VALUES ('300000005');
INSERT INTO User VALUES ('300000006');
INSERT INTO User VALUES ('300000007');
INSERT INTO User VALUES ('300000008');
INSERT INTO User VALUES ('300000009');
INSERT INTO User VALUES ('300000010');
INSERT INTO User VALUES ('300000011');
INSERT INTO User VALUES ('300000012');
INSERT INTO User VALUES ('300000013');
INSERT INTO User VALUES ('300000014');
INSERT INTO User VALUES ('300000015');
INSERT INTO User VALUES ('300000016');
INSERT INTO User VALUES ('300000017');
INSERT INTO User VALUES ('300000018');
INSERT INTO User VALUES ('300000019');
INSERT INTO User VALUES ('300000020');
INSERT INTO User VALUES ('300000021');
INSERT INTO User VALUES ('300000022');
INSERT INTO User VALUES ('300000023');
INSERT INTO User VALUES ('300000024');
INSERT INTO User VALUES ('300000025');
INSERT INTO Customer VALUES ('100000001','2000-01-01','password','user100000001@example.com','User 100000001');
INSERT INTO Customer VALUES ('100000002','2000-01-01','password','user100000002@example.com','User 100000002');
INSERT INTO Customer VALUES ('100000003','2000-01-01','password','user100000003@example.com','User 100000003');
INSERT INTO Customer VALUES ('100000004','2000-01-01','password','user100000004@example.com','User 100000004');
INSERT INTO Customer VALUES ('100000005','2000-01-01','password','user100000005@example.com','User 100000005');
INSERT INTO Customer VALUES ('100000006','2000-01-01','password','user100000006@example.com','User 100000006');
INSERT INTO Customer VALUES ('100000007','2000-01-01','password','user100000007@example.com','User 100000007');
INSERT INTO Customer VALUES ('100000008','2000-01-01','password','user100000008@example.com','User 100000008');
INSERT INTO Customer VALUES ('100000009','2000-01-01','password','user100000009@example.com','User 100000009');
INSERT INTO Customer VALUES ('100000010','2000-01-01','password','user100000010@example.com','User 100000010');
INSERT INTO Customer VALUES ('100000011','2000-01-01','password','user100000011@example.com','User 100000011');
INSERT INTO Customer VALUES ('100000012','2000-01-01','password','user100000012@example.com','User 100000012');
INSERT INTO Customer VALUES ('100000013','2000-01-01','password','user100000013@example.com','User 100000013');
INSERT INTO Customer VALUES ('100000014','2000-01-01','password','user100000014@example.com','User 100000014');
INSERT INTO Customer VALUES ('100000015','2000-01-01','password','user100000015@example.com','User 100000015');
INSERT INTO Customer VALUES ('100000016','2000-01-01','password','user100000016@example.com','User 100000016');
INSERT INTO Customer VALUES ('100000017','2000-01-01','password','user100000017@example.com','User 100000017');
INSERT INTO Customer VALUES ('100000018','2000-01-01','password','user100000018@example.com','User 100000018');
INSERT INTO Customer VALUES ('100000019','2000-01-01','password','user100000019@example.com','User 100000019');
INSERT INTO Customer VALUES ('100000020','2000-01-01','password','user100000020@example.com','User 100000020');
INSERT INTO Customer VALUES ('100000021','2000-01-01','password','user100000021@example.com','User 100000021');
INSERT INTO Customer VALUES ('100000022','2000-01-01','password','user100000022@example.com','User 100000022');
INSERT INTO Customer VALUES ('100000023','2000-01-01','password','user100000023@example.com','User 100000023');
INSERT INTO Customer VALUES ('100000024','2000-01-01','password','user100000024@example.com','User 100000024');
INSERT INTO Customer VALUES ('100000025','2000-01-01','password','user100000025@example.com','User 100000025');
INSERT INTO Customer VALUES ('110000001','2000-01-01','password','user110000001@example.com','User 110000001');
INSERT INTO Customer VALUES ('110000002','2000-01-01','password','user110000002@example.com','User 110000002');
INSERT INTO Customer VALUES ('110000003','2000-01-01','password','user110000003@example.com','User 110000003');
INSERT INTO Customer VALUES ('110000004','2000-01-01','password','user110000004@example.com','User 110000004');
INSERT INTO Customer VALUES ('110000005','2000-01-01','password','user110000005@example.com','User 110000005');
INSERT INTO Customer VALUES ('110000006','2000-01-01','password','user110000006@example.com','User 110000006');
INSERT INTO Customer VALUES ('110000007','2000-01-01','password','user110000007@example.com','User 110000007');
INSERT INTO Customer VALUES ('110000008','2000-01-01','password','user110000008@example.com','User 110000008');
INSERT INTO Customer VALUES ('110000009','2000-01-01','password','user110000009@example.com','User 110000009');
INSERT INTO Customer VALUES ('110000010','2000-01-01','password','user110000010@example.com','User 110000010');
INSERT INTO Customer VALUES ('110000011','2000-01-01','password','user110000011@example.com','User 110000011');
INSERT INTO Customer VALUES ('110000012','2000-01-01','password','user110000012@example.com','User 110000012');
INSERT INTO Customer VALUES ('110000013','2000-01-01','password','user110000013@example.com','User 110000013');
INSERT INTO Customer VALUES ('110000014','2000-01-01','password','user110000014@example.com','User 110000014');
INSERT INTO Customer VALUES ('110000015','2000-01-01','password','user110000015@example.com','User 110000015');
INSERT INTO Customer VALUES ('110000016','2000-01-01','password','user110000016@example.com','User 110000016');
INSERT INTO Customer VALUES ('110000017','2000-01-01','password','user110000017@example.com','User 110000017');
INSERT INTO Customer VALUES ('110000018','2000-01-01','password','user110000018@example.com','User 110000018');
INSERT INTO Customer VALUES ('110000019','2000-01-01','password','user110000019@example.com','User 110000019');
INSERT INTO Customer VALUES ('110000020','2000-01-01','password','user110000020@example.com','User 110000020');
INSERT INTO Customer VALUES ('110000021','2000-01-01','password','user110000021@example.com','User 110000021');
INSERT INTO Customer VALUES ('110000022','2000-01-01','password','user110000022@example.com','User 110000022');
INSERT INTO Customer VALUES ('110000023','2000-01-01','password','user110000023@example.com','User 110000023');
INSERT INTO Customer VALUES ('110000024','2000-01-01','password','user110000024@example.com','User 110000024');
INSERT INTO Customer VALUES ('110000025','2000-01-01','password','user110000025@example.com','User 110000025');
INSERT INTO InCart VALUES ('100000001','116877','3');
INSERT INTO InCart VALUES ('100000002','116877','2');
INSERT INTO InCart VALUES ('100000002','111936','3');
INSERT INTO InCart VALUES ('100000002','114031','3');
INSERT INTO InCart VALUES ('100000003','116877','3');
INSERT INTO InCart VALUES ('100000003','111936','3');
INSERT INTO InCart VALUES ('100000004','116877','1');
INSERT INTO InCart VALUES ('100000004','111936','3');
INSERT INTO InCart VALUES ('100000004','114031','2');
INSERT INTO InCart VALUES ('100000005','116877','2');
INSERT INTO InCart VALUES ('100000006','116877','3');
INSERT INTO InCart VALUES ('100000006','111936','2');
INSERT INTO InCart VALUES ('100000006','114031','2');
INSERT INTO InCart VALUES ('100000007','116877','3');
INSERT INTO InCart VALUES ('100000007','111936','1');
INSERT INTO InCart VALUES ('100000008','116877','3');
INSERT INTO InCart VALUES ('100000008','111936','1');
INSERT INTO InCart VALUES ('100000008','114031','2');
INSERT INTO InCart VALUES ('100000008','126678','3');
INSERT INTO InCart VALUES ('100000009','116877','1');
INSERT INTO InCart VALUES ('100000009','111936','3');
INSERT INTO InCart VALUES ('100000009','114031','3');
INSERT INTO InCart VALUES ('100000010','116877','2');
INSERT INTO InCart VALUES ('100000010','111936','1');
INSERT INTO InCart VALUES ('100000010','114031','2');
INSERT INTO InCart VALUES ('100000010','126678','1');
INSERT INTO InCart VALUES ('100000011','116877','3');
INSERT INTO InCart VALUES ('100000011','111936','2');
INSERT INTO InCart VALUES ('100000012','116877','1');
INSERT INTO InCart VALUES ('100000012','111936','3');
INSERT INTO InCart VALUES ('100000012','114031','1');
INSERT INTO InCart VALUES ('100000013','116877','3');
INSERT INTO InCart VALUES ('100000014','116877','1');
INSERT INTO InCart VALUES ('100000014','111936','3');
INSERT INTO InCart VALUES ('100000014','114031','1');
INSERT INTO InCart VALUES ('100000016','116877','2');
INSERT INTO InCart VALUES ('100000016','111936','2');
INSERT INTO InCart VALUES ('100000016','114031','1');
INSERT INTO InCart VALUES ('100000018','116877','1');
INSERT INTO InCart VALUES ('100000019','116877','2');
INSERT INTO InCart VALUES ('100000019','111936','1');
INSERT INTO InCart VALUES ('100000019','114031','1');
INSERT INTO InCart VALUES ('100000019','126678','2');
INSERT INTO InCart VALUES ('100000020','116877','3');
INSERT INTO InCart VALUES ('100000020','111936','1');
INSERT INTO InCart VALUES ('100000021','116877','1');
INSERT INTO InCart VALUES ('100000021','111936','3');
INSERT INTO InCart VALUES ('100000021','114031','1');
INSERT INTO InCart VALUES ('100000023','116877','3');
INSERT INTO InCart VALUES ('100000023','111936','1');
INSERT INTO InCart VALUES ('100000024','116877','1');
INSERT INTO InCart VALUES ('100000025','116877','2');
INSERT INTO InCart VALUES ('100000025','111936','1');
INSERT INTO InCart VALUES ('110000001','116877','2');
INSERT INTO InCart VALUES ('110000001','111936','1');
INSERT INTO InCart VALUES ('110000001','114031','1');
INSERT INTO InCart VALUES ('110000002','116877','2');
INSERT INTO InCart VALUES ('110000002','111936','1');
INSERT INTO InCart VALUES ('110000003','116877','1');
INSERT INTO InCart VALUES ('110000004','116877','1');
INSERT INTO InCart VALUES ('110000004','111936','2');
INSERT INTO InCart VALUES ('110000005','116877','3');
INSERT INTO InCart VALUES ('110000005','111936','3');
INSERT INTO InCart VALUES ('110000005','114031','2');
INSERT INTO InCart VALUES ('110000005','126678','2');
INSERT INTO InCart VALUES ('110000006','116877','1');
INSERT INTO InCart VALUES ('110000006','111936','1');
INSERT INTO InCart VALUES ('110000006','114031','3');
INSERT INTO InCart VALUES ('110000006','126678','2');
INSERT INTO InCart VALUES ('110000007','116877','3');
INSERT INTO InCart VALUES ('110000007','111936','1');
INSERT INTO InCart VALUES ('110000007','114031','3');
INSERT INTO InCart VALUES ('110000007','126678','3');
INSERT INTO InCart VALUES ('110000008','116877','3');
INSERT INTO InCart VALUES ('110000009','116877','1');
INSERT INTO InCart VALUES ('110000009','111936','3');
INSERT INTO InCart VALUES ('110000009','114031','3');
INSERT INTO InCart VALUES ('110000010','116877','2');
INSERT INTO InCart VALUES ('110000010','111936','2');
INSERT INTO InCart VALUES ('110000010','114031','1');
INSERT INTO InCart VALUES ('110000010','126678','3');
INSERT INTO InCart VALUES ('110000011','116877','1');
INSERT INTO InCart VALUES ('110000012','116877','1');
INSERT INTO InCart VALUES ('110000013','116877','2');
INSERT INTO InCart VALUES ('110000013','111936','3');
INSERT INTO InCart VALUES ('110000013','114031','1');
INSERT INTO InCart VALUES ('110000014','116877','3');
INSERT INTO InCart VALUES ('110000014','111936','3');
INSERT INTO InCart VALUES ('110000015','116877','3');
INSERT INTO InCart VALUES ('110000015','111936','1');
INSERT INTO InCart VALUES ('110000016','116877','2');
INSERT INTO InCart VALUES ('110000016','111936','3');
INSERT INTO InCart VALUES ('110000016','114031','1');
INSERT INTO InCart VALUES ('110000017','116877','1');
INSERT INTO InCart VALUES ('110000017','111936','1');
INSERT INTO InCart VALUES ('110000018','116877','2');
INSERT INTO InCart VALUES ('110000019','116877','3');
INSERT INTO InCart VALUES ('110000019','111936','3');
INSERT INTO InCart VALUES ('110000019','114031','2');
INSERT INTO InCart VALUES ('110000020','116877','1');
INSERT INTO InCart VALUES ('110000020','111936','1');
INSERT INTO InCart VALUES ('110000020','114031','3');
INSERT INTO InCart VALUES ('110000020','126678','1');
INSERT INTO InCart VALUES ('110000021','116877','2');
INSERT INTO InCart VALUES ('110000021','111936','2');
INSERT INTO InCart VALUES ('110000021','114031','1');
INSERT INTO InCart VALUES ('110000023','116877','1');
INSERT INTO InCart VALUES ('110000023','111936','1');
INSERT INTO InCart VALUES ('110000024','116877','1');
INSERT INTO InCart VALUES ('110000024','111936','1');
INSERT INTO InCart VALUES ('110000024','114031','2');
INSERT INTO InCart VALUES ('110000024','126678','2');
INSERT INTO InCart VALUES ('110000025','116877','1');
INSERT INTO InCart VALUES ('200000001','116877','1');
INSERT INTO InCart VALUES ('200000002','116877','2');
INSERT INTO InCart VALUES ('200000003','116877','3');
INSERT INTO InCart VALUES ('200000003','111936','3');
INSERT INTO InCart VALUES ('200000003','114031','3');
INSERT INTO InCart VALUES ('200000004','116877','2');
INSERT INTO InCart VALUES ('200000004','111936','1');
INSERT INTO InCart VALUES ('200000004','114031','2');
INSERT INTO InCart VALUES ('200000005','116877','3');
INSERT INTO InCart VALUES ('200000005','111936','2');
INSERT INTO InCart VALUES ('200000006','116877','1');
INSERT INTO InCart VALUES ('200000006','111936','1');
INSERT INTO InCart VALUES ('200000007','116877','1');
INSERT INTO InCart VALUES ('200000008','116877','3');
INSERT INTO InCart VALUES ('200000008','111936','2');
INSERT INTO InCart VALUES ('200000008','114031','3');
INSERT INTO InCart VALUES ('200000009','116877','2');
INSERT INTO InCart VALUES ('200000009','111936','3');
INSERT INTO InCart VALUES ('200000009','114031','2');
INSERT INTO InCart VALUES ('200000010','116877','1');
INSERT INTO InCart VALUES ('200000011','116877','1');
INSERT INTO InCart VALUES ('200000012','116877','3');
INSERT INTO InCart VALUES ('200000012','111936','3');
INSERT INTO InCart VALUES ('200000012','114031','1');
INSERT INTO InCart VALUES ('200000012','126678','3');
INSERT INTO InCart VALUES ('200000014','116877','1');
INSERT INTO InCart VALUES ('200000014','111936','3');
INSERT INTO InCart VALUES ('200000015','116877','2');
INSERT INTO InCart VALUES ('200000016','116877','1');
INSERT INTO InCart VALUES ('200000017','116877','2');
INSERT INTO InCart VALUES ('200000017','111936','1');
INSERT INTO InCart VALUES ('200000017','114031','1');
INSERT INTO InCart VALUES ('200000017','126678','1');
INSERT INTO InCart VALUES ('200000019','116877','1');
INSERT INTO InCart VALUES ('200000020','116877','2');
INSERT INTO InCart VALUES ('200000021','116877','3');
INSERT INTO InCart VALUES ('200000021','111936','3');
INSERT INTO InCart VALUES ('200000021','114031','1');
INSERT INTO InCart VALUES ('200000022','116877','2');
INSERT INTO InCart VALUES ('200000022','111936','2');
INSERT INTO InCart VALUES ('200000022','114031','2');
INSERT INTO InCart VALUES ('200000022','126678','3');
INSERT INTO InCart VALUES ('200000024','116877','3');
INSERT INTO InCart VALUES ('200000025','116877','2');
INSERT INTO InCart VALUES ('300000001','116877','1');
INSERT INTO InCart VALUES ('300000001','111936','2');
INSERT INTO InCart VALUES ('300000001','114031','3');
INSERT INTO InCart VALUES ('300000002','116877','2');
INSERT INTO InCart VALUES ('300000003','116877','2');
INSERT INTO InCart VALUES ('300000003','111936','3');
INSERT INTO InCart VALUES ('300000004','116877','2');
INSERT INTO InCart VALUES ('300000005','116877','3');
INSERT INTO InCart VALUES ('300000005','111936','3');
INSERT INTO InCart VALUES ('300000005','114031','1');
INSERT INTO InCart VALUES ('300000005','126678','2');
INSERT INTO InCart VALUES ('300000006','116877','3');
INSERT INTO InCart VALUES ('300000007','116877','1');
INSERT INTO InCart VALUES ('300000007','111936','1');
INSERT INTO InCart VALUES ('300000008','116877','1');
INSERT INTO InCart VALUES ('300000009','116877','1');
INSERT INTO InCart VALUES ('300000009','111936','3');
INSERT INTO InCart VALUES ('300000009','114031','2');
INSERT INTO InCart VALUES ('300000009','126678','1');
INSERT INTO InCart VALUES ('300000011','116877','2');
INSERT INTO InCart VALUES ('300000012','116877','1');
INSERT INTO InCart VALUES ('300000012','111936','2');
INSERT INTO InCart VALUES ('300000013','116877','2');
INSERT INTO InCart VALUES ('300000014','116877','3');
INSERT INTO InCart VALUES ('300000015','116877','2');
INSERT INTO InCart VALUES ('300000015','111936','3');
INSERT INTO InCart VALUES ('300000016','116877','3');
INSERT INTO InCart VALUES ('300000016','111936','3');
INSERT INTO InCart VALUES ('300000016','114031','3');
INSERT INTO InCart VALUES ('300000017','116877','1');
INSERT INTO InCart VALUES ('300000017','111936','2');
INSERT INTO InCart VALUES ('300000018','116877','3');
INSERT INTO InCart VALUES ('300000018','111936','1');
INSERT INTO InCart VALUES ('300000018','114031','1');
INSERT INTO InCart VALUES ('300000018','126678','3');
INSERT INTO InCart VALUES ('300000019','116877','2');
INSERT INTO InCart VALUES ('300000019','111936','2');
INSERT INTO InCart VALUES ('300000020','116877','3');
INSERT INTO InCart VALUES ('300000020','111936','2');
INSERT INTO InCart VALUES ('300000020','114031','3');
INSERT INTO InCart VALUES ('300000020','126678','3');
INSERT INTO InCart VALUES ('300000021','116877','2');
INSERT INTO InCart VALUES ('300000021','111936','2');
INSERT INTO InCart VALUES ('300000021','114031','3');
INSERT INTO InCart VALUES ('300000022','116877','2');
INSERT INTO InCart VALUES ('300000022','111936','3');
INSERT INTO InCart VALUES ('300000022','114031','2');
INSERT INTO InCart VALUES ('300000022','126678','2');
INSERT INTO InCart VALUES ('300000023','116877','3');
INSERT INTO InCart VALUES ('300000025','116877','3');
INSERT INTO InCart VALUES ('300000025','111936','3');
INSERT INTO InCart VALUES ('300000025','114031','1');
INSERT INTO InCart VALUES ('300000025','126678','3');
INSERT INTO Member VALUES ('110000001','2022-12-31','100');
INSERT INTO Member VALUES ('110000002','2022-12-31','100');
INSERT INTO Member VALUES ('110000003','2022-12-31','100');
INSERT INTO Member VALUES ('110000004','2022-12-31','100');
INSERT INTO Member VALUES ('110000005','2022-12-31','100');
INSERT INTO Member VALUES ('110000006','2022-12-31','100');
INSERT INTO Member VALUES ('110000007','2022-12-31','100');
INSERT INTO Member VALUES ('110000008','2022-12-31','100');
INSERT INTO Member VALUES ('110000009','2022-12-31','100');
INSERT INTO Member VALUES ('110000010','2022-12-31','100');
INSERT INTO Member VALUES ('110000011','2022-12-31','100');
INSERT INTO Member VALUES ('110000012','2022-12-31','100');
INSERT INTO Member VALUES ('110000013','2022-12-31','100');
INSERT INTO Member VALUES ('110000014','2022-12-31','100');
INSERT INTO Member VALUES ('110000015','2022-12-31','100');
INSERT INTO Member VALUES ('110000016','2022-12-31','100');
INSERT INTO Member VALUES ('110000017','2022-12-31','100');
INSERT INTO Member VALUES ('110000018','2022-12-31','100');
INSERT INTO Member VALUES ('110000019','2022-12-31','100');
INSERT INTO Member VALUES ('110000020','2022-12-31','100');
INSERT INTO Member VALUES ('110000021','2022-12-31','100');
INSERT INTO Member VALUES ('110000022','2022-12-31','100');
INSERT INTO Member VALUES ('110000023','2022-12-31','100');
INSERT INTO Member VALUES ('110000024','2022-12-31','100');
INSERT INTO Member VALUES ('110000025','2022-12-31','100');
INSERT INTO Coupon VALUES ('110000001','103247','0.63','52','2025-06-22');
INSERT INTO Coupon VALUES ('110000001','131908','0.96','46','2026-08-27');
INSERT INTO Coupon VALUES ('110000003','109931','0.58','43','2025-08-13');
INSERT INTO Coupon VALUES ('110000004','112476','0.60','1','2026-06-04');
INSERT INTO Coupon VALUES ('110000004','105946','0.21','17','2023-05-08');
INSERT INTO Coupon VALUES ('110000004','131908','0.76','23','2026-11-05');
INSERT INTO Coupon VALUES ('110000004','111936','0.66','63','2023-04-27');
INSERT INTO Coupon VALUES ('110000005','122463','0.6','78','2023-11-20');
INSERT INTO Coupon VALUES ('110000005','115517','0.90','61','2025-08-27');
INSERT INTO Coupon VALUES ('110000007','115517','0.28','94','2024-06-16');
INSERT INTO Coupon VALUES ('110000007','126678','0.50','76','2025-07-08');
INSERT INTO Coupon VALUES ('110000007','112055','0.4','5','2022-11-22');
INSERT INTO Coupon VALUES ('110000007','114520','0.59','57','2024-04-13');
INSERT INTO Coupon VALUES ('110000007','108247','0.62','5','2024-12-04');
INSERT INTO Coupon VALUES ('110000009','102108','0.61','33','2023-08-01');
INSERT INTO Coupon VALUES ('110000009','103247','0.84','81','2026-05-07');
INSERT INTO Coupon VALUES ('110000009','105964','0.0','20','2026-09-03');
INSERT INTO Coupon VALUES ('110000010','115517','0.12','28','2023-05-27');
INSERT INTO Coupon VALUES ('110000010','116943','0.38','19','2024-07-20');
INSERT INTO Coupon VALUES ('110000010','105946','0.24','46','2024-11-24');
INSERT INTO Coupon VALUES ('110000010','126678','0.88','69','2022-06-09');
INSERT INTO Coupon VALUES ('110000011','109051','0.52','42','2026-08-28');
INSERT INTO Coupon VALUES ('110000011','100905','0.63','74','2022-04-27');
INSERT INTO Coupon VALUES ('110000011','109204','0.81','13','2025-10-17');
INSERT INTO Coupon VALUES ('110000012','112476','0.31','31','2022-03-28');
INSERT INTO Coupon VALUES ('110000012','103263','0.99','69','2024-12-24');
INSERT INTO Coupon VALUES ('110000012','115732','0.7','88','2025-12-06');
INSERT INTO Coupon VALUES ('110000012','112055','0.81','91','2026-05-22');
INSERT INTO Coupon VALUES ('110000013','122463','0.96','48','2025-02-04');
INSERT INTO Coupon VALUES ('110000013','108247','0.54','26','2026-07-04');
INSERT INTO Coupon VALUES ('110000013','110053','0.39','43','2024-03-20');
INSERT INTO Coupon VALUES ('110000013','109204','0.88','5','2024-04-19');
INSERT INTO Coupon VALUES ('110000013','109051','0.31','39','2022-11-05');
INSERT INTO Coupon VALUES ('110000014','102108','0.69','18','2025-03-16');
INSERT INTO Coupon VALUES ('110000015','117496','0.36','7','2026-01-23');
INSERT INTO Coupon VALUES ('110000015','105946','0.39','29','2026-07-01');
INSERT INTO Coupon VALUES ('110000016','115517','0.28','98','2025-06-12');
INSERT INTO Coupon VALUES ('110000016','115732','0.1','9','2025-07-09');
INSERT INTO Coupon VALUES ('110000016','103247','0.88','45','2025-05-16');
INSERT INTO Coupon VALUES ('110000016','111936','0.67','34','2023-06-01');
INSERT INTO Coupon VALUES ('110000016','109204','0.85','57','2022-07-23');
INSERT INTO Coupon VALUES ('110000017','114520','0.91','93','2024-07-26');
INSERT INTO Coupon VALUES ('110000017','131908','0.91','85','2026-10-16');
INSERT INTO Coupon VALUES ('110000017','109900','0.2','49','2024-07-11');
INSERT INTO Coupon VALUES ('110000017','109931','0.92','56','2026-02-19');
INSERT INTO Coupon VALUES ('110000018','126678','0.81','90','2022-08-01');
INSERT INTO Coupon VALUES ('110000018','116943','0.36','51','2023-05-28');
INSERT INTO Coupon VALUES ('110000019','115517','0.1','80','2026-02-21');
INSERT INTO Coupon VALUES ('110000020','105964','0.93','70','2023-06-13');
INSERT INTO Coupon VALUES ('110000020','112055','0.26','35','2025-07-16');
INSERT INTO Coupon VALUES ('110000021','105964','0.79','78','2024-09-08');
INSERT INTO Coupon VALUES ('110000021','112476','0.89','43','2026-02-19');
INSERT INTO Coupon VALUES ('110000021','109204','0.29','92','2024-09-17');
INSERT INTO Coupon VALUES ('110000021','102002','0.84','78','2026-04-08');
INSERT INTO Coupon VALUES ('110000021','111936','0.84','47','2026-03-02');
INSERT INTO Coupon VALUES ('110000022','103263','0.28','87','2026-05-07');
INSERT INTO Coupon VALUES ('110000022','103247','0.71','37','2023-10-22');
INSERT INTO Coupon VALUES ('110000022','116943','0.67','26','2023-01-16');
INSERT INTO Coupon VALUES ('110000022','110053','0.32','42','2024-06-01');
INSERT INTO Coupon VALUES ('110000022','109051','0.71','1','2026-05-07');
INSERT INTO Coupon VALUES ('110000023','115732','0.61','59','2023-10-02');
INSERT INTO Coupon VALUES ('110000024','100905','0.29','75','2022-09-02');
INSERT INTO Coupon VALUES ('110000024','116877','0.2','84','2025-04-18');
INSERT INTO Coupon VALUES ('110000024','131908','0.41','26','2023-07-16');
INSERT INTO Coupon VALUES ('110000024','109051','0.85','69','2023-12-15');
INSERT INTO Coupon VALUES ('110000024','114031','0.99','43','2025-09-28');
INSERT INTO Coupon VALUES ('110000025','112055','0.95','96','2025-09-07');
INSERT INTO Coupon VALUES ('110000025','115517','0.81','43','2025-01-06');
INSERT INTO Coupon VALUES ('110000025','109204','0.56','0','2022-03-15');
INSERT INTO Coupon VALUES ('110000025','102002','0.16','81','2022-08-09');
INSERT INTO Admin VALUES ('200000001');
INSERT INTO Admin VALUES ('200000002');
INSERT INTO Admin VALUES ('200000003');
INSERT INTO Admin VALUES ('200000004');
INSERT INTO Admin VALUES ('200000005');
INSERT INTO Admin VALUES ('200000006');
INSERT INTO Admin VALUES ('200000007');
INSERT INTO Admin VALUES ('200000008');
INSERT INTO Admin VALUES ('200000009');
INSERT INTO Admin VALUES ('200000010');
INSERT INTO Admin VALUES ('200000011');
INSERT INTO Admin VALUES ('200000012');
INSERT INTO Admin VALUES ('200000013');
INSERT INTO Admin VALUES ('200000014');
INSERT INTO Admin VALUES ('200000015');
INSERT INTO Admin VALUES ('200000016');
INSERT INTO Admin VALUES ('200000017');
INSERT INTO Admin VALUES ('200000018');
INSERT INTO Admin VALUES ('200000019');
INSERT INTO Admin VALUES ('200000020');
INSERT INTO Admin VALUES ('200000021');
INSERT INTO Admin VALUES ('200000022');
INSERT INTO Admin VALUES ('200000023');
INSERT INTO Admin VALUES ('200000024');
INSERT INTO Admin VALUES ('200000025');
INSERT INTO Manages VALUES ('200000004','www.421market.com/brand8','2020-08-31','5');
INSERT INTO Manages VALUES ('200000012','www.421market.com/brand13','2014-12-29','5');
INSERT INTO Manages VALUES ('200000013','www.421market.com/brand12','2017-12-17','5');
INSERT INTO Manages VALUES ('200000018','www.421market.com/brand20','2017-11-25','5');
INSERT INTO Manages VALUES ('200000024','www.421market.com/brand4','2017-01-31','5');
INSERT INTO Manages VALUES ('200000009','www.421market.com/brand18','2014-06-10','5');
INSERT INTO Manages VALUES ('200000023','www.421market.com/brand5','2023-08-26','5');
INSERT INTO Manages VALUES ('200000014','www.421market.com/brand17','2020-01-22','5');
INSERT INTO Manages VALUES ('200000020','www.421market.com/brand9','2021-06-08','5');
INSERT INTO Manages VALUES ('200000017','www.421market.com/brand2','2016-04-13','5');
INSERT INTO Manages VALUES ('200000025','www.421market.com/brand10','2016-11-13','5');
INSERT INTO Manages VALUES ('200000003','www.421market.com/brand16','2023-05-12','5');
INSERT INTO Manages VALUES ('200000006','www.421market.com/brand7','2019-01-03','5');
INSERT INTO Manages VALUES ('200000002','www.421market.com/brand1','2022-06-05','5');
INSERT INTO Manages VALUES ('200000016','www.421market.com/brand11','2022-03-11','5');
INSERT INTO Manages VALUES ('200000015','www.421market.com/brand19','2023-04-28','5');
INSERT INTO Manages VALUES ('200000011','www.421market.com/brand3','2016-04-07','5');
INSERT INTO Manages VALUES ('200000010','www.421market.com/brand14','2019-05-30','5');
INSERT INTO Manages VALUES ('200000008','www.421market.com/brand6','2023-05-04','5');
INSERT INTO Manages VALUES ('200000019','www.421market.com/brand15','2021-03-21','5');
INSERT INTO Manages VALUES ('200000001','www.421market.com/brand16','2015-08-06','5');
INSERT INTO Manages VALUES ('200000001','www.421market.com/brand9','2017-04-05','1');
INSERT INTO Manages VALUES ('200000001','www.421market.com/brand4','2018-02-26','1');
INSERT INTO Manages VALUES ('200000002','www.421market.com/brand19','2019-07-15','2');
INSERT INTO Manages VALUES ('200000002','www.421market.com/brand4','2019-06-18','4');
INSERT INTO Manages VALUES ('200000002','www.421market.com/brand5','2015-12-22','2');
INSERT INTO Manages VALUES ('200000003','www.421market.com/brand12','2017-03-20','1');
INSERT INTO Manages VALUES ('200000003','www.421market.com/brand13','2015-07-22','3');
INSERT INTO Manages VALUES ('200000003','www.421market.com/brand2','2023-04-09','1');
INSERT INTO Manages VALUES ('200000005','www.421market.com/brand6','2022-07-21','3');
INSERT INTO Manages VALUES ('200000006','www.421market.com/brand17','2014-03-16','2');
INSERT INTO Manages VALUES ('200000006','www.421market.com/brand10','2021-02-02','3');
INSERT INTO Manages VALUES ('200000007','www.421market.com/brand15','2022-03-30','5');
INSERT INTO Manages VALUES ('200000007','www.421market.com/brand4','2019-07-07','5');
INSERT INTO Manages VALUES ('200000007','www.421market.com/brand1','2023-04-28','4');
INSERT INTO Manages VALUES ('200000008','www.421market.com/brand16','2018-03-17','1');
INSERT INTO Manages VALUES ('200000008','www.421market.com/brand14','2022-02-17','5');
INSERT INTO Manages VALUES ('200000009','www.421market.com/brand10','2022-09-30','5');
INSERT INTO Manages VALUES ('200000010','www.421market.com/brand16','2016-05-20','3');
INSERT INTO Manages VALUES ('200000011','www.421market.com/brand6','2016-11-05','3');
INSERT INTO Manages VALUES ('200000011','www.421market.com/brand19','2018-09-19','3');
INSERT INTO Manages VALUES ('200000012','www.421market.com/brand15','2019-11-30','3');
INSERT INTO Manages VALUES ('200000012','www.421market.com/brand14','2022-12-19','2');
INSERT INTO Manages VALUES ('200000013','www.421market.com/brand19','2023-09-20','5');
INSERT INTO Manages VALUES ('200000013','www.421market.com/brand17','2023-11-04','1');
INSERT INTO Manages VALUES ('200000013','www.421market.com/brand11','2016-06-22','2');
INSERT INTO Manages VALUES ('200000014','www.421market.com/brand1','2014-09-23','4');
INSERT INTO Manages VALUES ('200000015','www.421market.com/brand7','2015-03-28','3');
INSERT INTO Manages VALUES ('200000015','www.421market.com/brand9','2022-08-09','5');
INSERT INTO Manages VALUES ('200000015','www.421market.com/brand16','2014-11-07','1');
INSERT INTO Manages VALUES ('200000016','www.421market.com/brand1','2022-11-01','4');
INSERT INTO Manages VALUES ('200000016','www.421market.com/brand19','2014-04-27','4');
INSERT INTO Manages VALUES ('200000021','www.421market.com/brand8','2019-03-08','4');
INSERT INTO Manages VALUES ('200000021','www.421market.com/brand9','2018-07-10','5');
INSERT INTO Manages VALUES ('200000021','www.421market.com/brand12','2015-01-11','3');
INSERT INTO Manages VALUES ('200000022','www.421market.com/brand10','2018-12-28','4');
INSERT INTO Manages VALUES ('200000023','www.421market.com/brand18','2016-12-25','5');
INSERT INTO Manages VALUES ('200000023','www.421market.com/brand7','2023-10-16','2');
INSERT INTO Card VALUES ('8294468772410593','2028-08-27','100000001');
INSERT INTO Card VALUES ('9473443165407231','2027-03-28','100000002');
INSERT INTO Card VALUES ('4042264703152106','2024-11-19','100000003');
INSERT INTO Card VALUES ('4595359178501692','2028-11-16','100000004');
INSERT INTO Card VALUES ('1488736504375113','2028-06-14','100000005');
INSERT INTO Card VALUES ('2717528667003317','2028-04-24','100000006');
INSERT INTO Card VALUES ('3282078476038623','2027-11-07','100000007');
INSERT INTO Card VALUES ('5539699551894091','2024-03-03','100000008');
INSERT INTO Card VALUES ('5843357385215730','2027-07-30','100000009');
INSERT INTO Card VALUES ('6917142297702550','2026-10-14','100000010');
INSERT INTO Card VALUES ('6868104292464165','2025-11-13','100000011');
INSERT INTO Card VALUES ('8329891540134797','2027-11-27','100000012');
INSERT INTO Card VALUES ('3507431467137061','2024-03-06','100000014');
INSERT INTO Card VALUES ('8459420705529731','2028-07-20','100000015');
INSERT INTO Card VALUES ('7036271745453332','2027-03-04','100000016');
INSERT INTO Card VALUES ('7473994250211392','2026-06-13','100000017');
INSERT INTO Card VALUES ('7862590996209244','2028-04-20','100000020');
INSERT INTO Card VALUES ('4107358831187821','2027-04-18','100000022');
INSERT INTO Card VALUES ('4417082269443783','2027-12-11','100000023');
INSERT INTO Card VALUES ('3783843862659680','2028-07-01','100000024');
INSERT INTO Card VALUES ('1148279139293852','2025-12-02','100000025');
INSERT INTO Card VALUES ('8988376431668511','2026-07-24','110000001');
INSERT INTO Card VALUES ('2355296248784109','2024-12-19','110000002');
INSERT INTO Card VALUES ('6478457534411329','2027-12-04','110000003');
INSERT INTO Card VALUES ('7453295024076770','2024-11-27','110000004');
INSERT INTO Card VALUES ('5856904923228205','2026-10-04','110000005');
INSERT INTO Card VALUES ('8278569696840090','2024-11-25','110000006');
INSERT INTO Card VALUES ('5161924441341502','2025-06-28','110000007');
INSERT INTO Card VALUES ('7488974824503484','2027-08-24','110000009');
INSERT INTO Card VALUES ('9827770479372565','2026-03-25','110000010');
INSERT INTO Card VALUES ('8599498032941175','2025-06-13','110000011');
INSERT INTO Card VALUES ('7471445554802816','2027-01-21','110000012');
INSERT INTO Card VALUES ('2836400602765396','2027-07-15','110000013');
INSERT INTO Card VALUES ('8990769371679666','2025-10-07','110000014');
INSERT INTO Card VALUES ('4921126877807824','2027-04-29','110000015');
INSERT INTO Card VALUES ('1906610192981956','2026-10-22','110000016');
INSERT INTO Card VALUES ('1018405120279243','2024-09-13','110000017');
INSERT INTO Card VALUES ('4090981856034239','2026-10-02','110000018');
INSERT INTO Card VALUES ('7098528986112767','2027-09-10','110000019');
INSERT INTO Card VALUES ('6625174512126156','2025-03-08','110000020');
INSERT INTO Card VALUES ('4636287061425898','2027-05-06','110000021');
INSERT INTO Card VALUES ('2833151792301577','2026-01-16','110000022');
INSERT INTO Card VALUES ('8427695856421584','2025-01-30','110000023');
INSERT INTO Card VALUES ('5051126552161238','2028-05-16',NULL);
INSERT INTO Card VALUES ('4241083871816192','2025-08-15',NULL);
INSERT INTO Card VALUES ('3373130470546101','2024-03-31',NULL);
INSERT INTO Card VALUES ('8226573036960880','2028-08-09',NULL);
INSERT INTO Card VALUES ('9731197786655722','2028-03-29',NULL);
INSERT INTO Card VALUES ('8347425764511808','2027-10-25',NULL);
INSERT INTO Card VALUES ('3019758357785448','2024-04-10',NULL);
INSERT INTO Card VALUES ('4158660967197150','2028-10-18',NULL);
INSERT INTO Card VALUES ('7543074728577745','2025-01-28',NULL);
INSERT INTO Card VALUES ('4901817676991362','2025-11-28',NULL);
INSERT INTO Card VALUES ('8492899692049289','2024-07-25',NULL);
INSERT INTO Card VALUES ('9084387859348694','2027-11-10',NULL);
INSERT INTO Card VALUES ('2336493429134247','2025-03-11',NULL);
INSERT INTO Card VALUES ('9011618258490934','2028-08-09',NULL);
INSERT INTO Card VALUES ('3331172037109986','2027-03-15',NULL);
INSERT INTO Card VALUES ('8122690216890196','2025-01-23',NULL);
INSERT INTO Card VALUES ('4079527881863214','2024-05-28',NULL);
INSERT INTO Card VALUES ('2505448105705342','2028-01-09',NULL);
INSERT INTO Card VALUES ('3703640474374339','2026-07-04',NULL);
INSERT INTO Card VALUES ('6693365194760338','2024-06-02',NULL);
INSERT INTO Card VALUES ('8906120701790751','2024-09-16',NULL);
INSERT INTO Card VALUES ('5675266374412084','2028-12-27',NULL);
INSERT INTO Card VALUES ('8115369958652985','2028-03-29',NULL);
INSERT INTO Card VALUES ('8005420626471722','2026-10-03',NULL);
INSERT INTO Card VALUES ('1063222089937424','2028-01-04',NULL);
INSERT INTO Card VALUES ('9538621705201876','2027-08-02',NULL);
INSERT INTO Card VALUES ('4830779100711424','2025-01-20',NULL);
INSERT INTO Card VALUES ('5549901482616250','2025-10-03',NULL);
INSERT INTO Card VALUES ('9419851122050456','2026-11-05',NULL);
INSERT INTO Card VALUES ('2092170125160246','2028-10-02',NULL);
INSERT INTO Restock VALUES ('Supplier3','1','Location8','2023-11-21');
INSERT INTO Restock VALUES ('Supplier4','1','Location1','2024-01-12');
INSERT INTO Restock VALUES ('Supplier5','1','Location1','2024-01-20');
INSERT INTO Restock VALUES ('Supplier1','1','Location4','2023-06-13');
INSERT INTO Restock VALUES ('Supplier2','1','Location6','2023-10-26');
INSERT INTO Restock VALUES ('Supplier10','1','Location2','2023-11-07');
INSERT INTO Restock VALUES ('Supplier8','1','Location1','2023-05-12');
INSERT INTO Restock VALUES ('Supplier1','2','Location2','2024-01-18');
INSERT INTO Restock VALUES ('Supplier5','2','Location10','2023-12-23');
INSERT INTO Restock VALUES ('Supplier4','2','Location2','2023-08-08');
INSERT INTO Restock VALUES ('Supplier1','3','Location3','2023-02-26');
INSERT INTO Restock VALUES ('Supplier9','1','Location4','2024-02-12');
INSERT INTO Restock VALUES ('Supplier8','2','Location2','2023-11-06');
INSERT INTO Restock VALUES ('Supplier7','1','Location9','2023-04-06');
INSERT INTO Restock VALUES ('Supplier6','1','Location3','2023-04-24');
INSERT INTO Restock VALUES ('Supplier5','3','Location10','2023-07-07');
INSERT INTO Restock VALUES ('Supplier1','4','Location1','2024-01-05');
INSERT INTO Restock VALUES ('Supplier2','2','Location9','2023-08-18');
INSERT INTO Restock VALUES ('Supplier10','2','Location8','2023-02-24');
INSERT INTO Restock VALUES ('Supplier9','2','Location1','2023-10-10');
INSERT INTO Restock VALUES ('Supplier8','3','Location2','2023-06-02');
INSERT INTO Restock VALUES ('Supplier2','3','Location7','2023-06-19');
INSERT INTO Restock VALUES ('Supplier5','4','Location9','2023-02-17');
INSERT INTO Restock VALUES ('Supplier3','2','Location8','2024-01-30');
INSERT INTO Restock VALUES ('Supplier7','2','Location6','2023-05-02');
INSERT INTO Restock VALUES ('Supplier6','2','Location7','2024-01-17');
INSERT INTO Restock VALUES ('Supplier9','3','Location3','2023-06-05');
INSERT INTO Restock VALUES ('Supplier3','3','Location5','2023-12-05');
INSERT INTO Restock VALUES ('Supplier7','3','Location6','2023-03-26');
INSERT INTO Restock VALUES ('Supplier9','4','Location3','2023-03-11');
INSERT INTO Order VALUES ('100000001','Address 1','942.61','2023-05-24','guest1@example.com','8115369958652985');
INSERT INTO Order VALUES ('100000002','Address 2','267.43','2023-03-05','user110000014@example.com','8990769371679666');
INSERT INTO Order VALUES ('100000003','Address 3','272.91','2023-06-23','user110000006@example.com','8278569696840090');
INSERT INTO Order VALUES ('100000005','Address 4','396.9','2023-07-22','guest4@example.com','8226573036960880');
INSERT INTO Order VALUES ('100000006','Address 5','179.8','2024-02-11','guest5@example.com','5675266374412084');
INSERT INTO Order VALUES ('100000007','Address 6','52.25','2023-12-21','user110000010@example.com','9827770479372565');
INSERT INTO Order VALUES ('100000008','Address 7','515.48','2023-10-21','user110000022@example.com','2833151792301577');
INSERT INTO Order VALUES ('100000009','Address 8','179.8','2023-11-23','guest8@example.com','8492899692049289');
INSERT INTO Order VALUES ('100000010','Address 9','193.46','2023-09-13','guest9@example.com','8226573036960880');
INSERT INTO Order VALUES ('100000011','Address 10','699.72','2023-10-18','guest10@example.com','8005420626471722');
INSERT INTO Order VALUES ('100000012','Address 11','1418.66','2023-03-07','user110000012@example.com','7471445554802816');
INSERT INTO Order VALUES ('100000013','Address 12','170.12','2023-03-14','user100000009@example.com','5843357385215730');
INSERT INTO Order VALUES ('100000014','Address 13','53.52','2023-08-02','user100000002@example.com','9473443165407231');
INSERT INTO Order VALUES ('100000015','Address 14','394.16','2023-12-29','user110000009@example.com','7488974824503484');
INSERT INTO Order VALUES ('100000016','Address 15','646.12','2023-04-20','guest15@example.com','8226573036960880');
INSERT INTO Order VALUES ('100000017','Address 16','489.9','2024-01-08','user100000017@example.com','7473994250211392');
INSERT INTO Order VALUES ('100000018','Address 17','1047.45','2023-05-06','user110000007@example.com','5161924441341502');
INSERT INTO Order VALUES ('100000020','Address 18','80.65','2023-05-28','user110000015@example.com','4921126877807824');
INSERT INTO Order VALUES ('100000021','Address 19','380.16','2024-01-21','user100000001@example.com','8294468772410593');
INSERT INTO Order VALUES ('100000022','Address 20','240.8','2023-12-28','user110000003@example.com','6478457534411329');
INSERT INTO Order VALUES ('100000023','Address 21','576.56','2023-06-02','user100000011@example.com','6868104292464165');
INSERT INTO Order VALUES ('100000024','Address 22','1653.08','2023-08-31','user100000011@example.com','6868104292464165');
INSERT INTO Order VALUES ('100000025','Address 23','819.44','2023-10-05','user100000016@example.com','7036271745453332');
INSERT INTO Order VALUES ('100000026','Address 24','489.9','2023-10-24','user110000002@example.com','2355296248784109');
INSERT INTO Order VALUES ('100000027','Address 25','359.6','2023-11-11','user110000007@example.com','5161924441341502');
INSERT INTO Order VALUES ('100000028','Address 26','742.34','2023-06-15','user110000010@example.com','9827770479372565');
INSERT INTO Order VALUES ('100000029','Address 27','542.15','2023-10-25','user100000015@example.com','8459420705529731');
INSERT INTO Order VALUES ('100000030','Address 28','240.19','2023-06-13','user100000017@example.com','7473994250211392');
INSERT INTO Order VALUES ('100000031','Address 29','644.55','2024-01-06','guest29@example.com','8492899692049289');
INSERT INTO Order VALUES ('100000032','Address 30','240.19','2024-01-01','user100000014@example.com','3507431467137061');
INSERT INTO Order VALUES ('100000033','Address 31','1098.95','2023-08-18','user110000020@example.com','6625174512126156');
INSERT INTO Order VALUES ('100000034','Address 32','338.75','2024-02-07','guest32@example.com','4830779100711424');
INSERT INTO Order VALUES ('100000035','Address 33','335.68','2023-12-13','user100000009@example.com','5843357385215730');
INSERT INTO Order VALUES ('100000036','Address 34','791.06','2023-05-21','user110000017@example.com','1018405120279243');
INSERT INTO Order VALUES ('100000038','Address 35','181.32','2023-12-08','user110000023@example.com','8427695856421584');
INSERT INTO Order VALUES ('100000039','Address 36','178.59','2024-01-17','user110000001@example.com','8988376431668511');
INSERT INTO Order VALUES ('100000040','Address 37','527.12','2023-11-29','guest37@example.com','4830779100711424');
INSERT INTO Order VALUES ('100000041','Address 38','1321.91','2023-02-26','guest38@example.com','2092170125160246');
INSERT INTO Order VALUES ('100000042','Address 39','1055.01','2023-08-08','user110000018@example.com','4090981856034239');
INSERT INTO Order VALUES ('100000044','Address 40','539.33','2023-05-06','user110000003@example.com','6478457534411329');
INSERT INTO Order VALUES ('100000045','Address 41','629.42','2023-04-01','guest41@example.com','2505448105705342');
INSERT INTO Order VALUES ('100000046','Address 42','427.87','2023-07-19','user100000011@example.com','6868104292464165');
INSERT INTO Order VALUES ('100000047','Address 43','607.02','2023-06-09','guest43@example.com','9538621705201876');
INSERT INTO Order VALUES ('100000049','Address 44','1030.23','2023-06-18','user110000022@example.com','2833151792301577');
INSERT INTO Order VALUES ('100000050','Address 45','1219.26','2023-08-05','guest45@example.com','2336493429134247');
INSERT INTO Product VALUES ('108247','100000001',NULL,NULL,'Supplier4','1');
INSERT INTO Product VALUES ('108247','100000002',NULL,NULL,'Supplier6','2');
INSERT INTO Product VALUES ('108247','100000003',NULL,NULL,'Supplier10','2');
INSERT INTO Product VALUES ('108247','100000004',NULL,NULL,'Supplier4','2');
INSERT INTO Product VALUES ('108247','100000005',NULL,NULL,'Supplier4','1');
INSERT INTO Product VALUES ('108247','100000006',NULL,NULL,'Supplier5','2');
INSERT INTO Product VALUES ('108247','100000007',NULL,'100000001','Supplier8','1');
INSERT INTO Product VALUES ('108247','100000008',NULL,NULL,'Supplier1','1');
INSERT INTO Product VALUES ('108247','100000009',NULL,NULL,'Supplier5','3');
INSERT INTO Product VALUES ('108247','100000010',NULL,NULL,'Supplier5','2');
INSERT INTO Product VALUES ('108247','100000011',NULL,'100000003','Supplier3','2');
INSERT INTO Product VALUES ('108247','100000012',NULL,NULL,'Supplier6','2');
INSERT INTO Product VALUES ('108247','100000013',NULL,NULL,'Supplier3','3');
INSERT INTO Product VALUES ('108247','100000014',NULL,NULL,'Supplier9','1');
INSERT INTO Product VALUES ('108247','100000015',NULL,NULL,'Supplier10','1');
INSERT INTO Product VALUES ('112055','100000001',NULL,NULL,'Supplier1','3');
INSERT INTO Product VALUES ('112055','100000002',NULL,'100000050','Supplier3','3');
INSERT INTO Product VALUES ('112055','100000003',NULL,NULL,'Supplier4','1');
INSERT INTO Product VALUES ('112055','100000004',NULL,'100000039','Supplier10','2');
INSERT INTO Product VALUES ('112055','100000005',NULL,'100000047','Supplier7','1');
INSERT INTO Product VALUES ('112055','100000006',NULL,NULL,'Supplier3','1');
INSERT INTO Product VALUES ('112055','100000007',NULL,NULL,'Supplier2','1');
INSERT INTO Product VALUES ('112055','100000008',NULL,NULL,'Supplier3','2');
INSERT INTO Product VALUES ('112055','100000009',NULL,NULL,'Supplier7','2');
INSERT INTO Product VALUES ('112055','100000010',NULL,NULL,'Supplier3','1');
INSERT INTO Product VALUES ('112055','100000011',NULL,NULL,'Supplier10','1');
INSERT INTO Product VALUES ('112055','100000012',NULL,NULL,'Supplier5','2');
INSERT INTO Product VALUES ('112055','100000013',NULL,NULL,'Supplier3','2');
INSERT INTO Product VALUES ('112055','100000014',NULL,NULL,'Supplier6','2');
INSERT INTO Product VALUES ('112055','100000015',NULL,NULL,'Supplier9','1');
INSERT INTO Product VALUES ('126678','100000001',NULL,'100000033','Supplier1','4');
INSERT INTO Product VALUES ('126678','100000002',NULL,NULL,'Supplier7','3');
INSERT INTO Product VALUES ('126678','100000003',NULL,NULL,'Supplier1','4');
INSERT INTO Product VALUES ('126678','100000004',NULL,'100000028','Supplier9','3');
INSERT INTO Product VALUES ('112476','100000001',NULL,NULL,'Supplier9','4');
INSERT INTO Product VALUES ('112476','100000002',NULL,NULL,'Supplier1','1');
INSERT INTO Product VALUES ('112476','100000003',NULL,NULL,'Supplier10','1');
INSERT INTO Product VALUES ('112476','100000004',NULL,'100000033','Supplier9','3');
INSERT INTO Product VALUES ('112476','100000005',NULL,'100000013','Supplier3','1');
INSERT INTO Product VALUES ('112476','100000006',NULL,NULL,'Supplier4','1');
INSERT INTO Product VALUES ('112476','100000007',NULL,NULL,'Supplier7','2');
INSERT INTO Product VALUES ('112476','100000008',NULL,NULL,'Supplier1','1');
INSERT INTO Product VALUES ('112476','100000009',NULL,'100000002','Supplier8','1');
INSERT INTO Product VALUES ('110053','100000001',NULL,'100000011','Supplier4','2');
INSERT INTO Product VALUES ('110053','100000002',NULL,NULL,'Supplier3','2');
INSERT INTO Product VALUES ('110053','100000003',NULL,NULL,'Supplier10','2');
INSERT INTO Product VALUES ('110053','100000004',NULL,NULL,'Supplier3','2');
INSERT INTO Product VALUES ('110053','100000005',NULL,NULL,'Supplier2','1');
INSERT INTO Product VALUES ('110053','100000006',NULL,'100000011','Supplier9','1');
INSERT INTO Product VALUES ('110053','100000007',NULL,NULL,'Supplier7','3');
INSERT INTO Product VALUES ('110053','100000008',NULL,'100000024','Supplier9','4');
INSERT INTO Product VALUES ('110053','100000009',NULL,'100000035','Supplier6','1');
INSERT INTO Product VALUES ('110053','100000010',NULL,'100000050','Supplier6','2');
INSERT INTO Product VALUES ('110053','100000011',NULL,NULL,'Supplier9','1');
INSERT INTO Product VALUES ('110053','100000012',NULL,NULL,'Supplier6','1');
INSERT INTO Product VALUES ('110053','100000013',NULL,NULL,'Supplier8','1');
INSERT INTO Product VALUES ('110053','100000014',NULL,NULL,'Supplier10','1');
INSERT INTO Product VALUES ('110053','100000015',NULL,NULL,'Supplier1','2');
INSERT INTO Product VALUES ('102002','100000001',NULL,'100000024','Supplier1','4');
INSERT INTO Product VALUES ('102002','100000002',NULL,NULL,'Supplier4','1');
INSERT INTO Product VALUES ('102002','100000003',NULL,NULL,'Supplier10','2');
INSERT INTO Product VALUES ('109051','100000001',NULL,NULL,'Supplier10','2');
INSERT INTO Product VALUES ('109051','100000002',NULL,'100000028','Supplier7','2');
INSERT INTO Product VALUES ('109051','100000003',NULL,NULL,'Supplier5','3');
INSERT INTO Product VALUES ('109051','100000004',NULL,'100000018','Supplier8','1');
INSERT INTO Product VALUES ('109051','100000005',NULL,NULL,'Supplier10','1');
INSERT INTO Product VALUES ('109051','100000006',NULL,'100000041','Supplier7','2');
INSERT INTO Product VALUES ('109051','100000007',NULL,NULL,'Supplier1','1');
INSERT INTO Product VALUES ('109051','100000008',NULL,NULL,'Supplier7','3');
INSERT INTO Product VALUES ('109051','100000009',NULL,'100000022','Supplier5','1');
INSERT INTO Product VALUES ('109051','100000010',NULL,NULL,'Supplier3','2');
INSERT INTO Product VALUES ('109051','100000011',NULL,NULL,'Supplier2','2');
INSERT INTO Product VALUES ('109051','100000012',NULL,'100000047','Supplier1','4');
INSERT INTO Product VALUES ('109051','100000013',NULL,'100000033','Supplier7','3');
INSERT INTO Product VALUES ('109051','100000014',NULL,NULL,'Supplier8','2');
INSERT INTO Product VALUES ('109051','100000015',NULL,NULL,'Supplier4','1');
INSERT INTO Product VALUES ('109051','100000016',NULL,NULL,'Supplier10','1');
INSERT INTO Product VALUES ('109051','100000017',NULL,NULL,'Supplier8','3');
INSERT INTO Product VALUES ('105946','100000001',NULL,NULL,'Supplier3','2');
INSERT INTO Product VALUES ('105946','100000002',NULL,'100000030','Supplier9','1');
INSERT INTO Product VALUES ('105946','100000003',NULL,'100000031','Supplier4','2');
INSERT INTO Product VALUES ('105946','100000004',NULL,'100000050','Supplier6','2');
INSERT INTO Product VALUES ('105946','100000005',NULL,NULL,'Supplier8','2');
INSERT INTO Product VALUES ('105946','100000006',NULL,'100000038','Supplier5','1');
INSERT INTO Product VALUES ('105946','100000007',NULL,'100000002','Supplier7','1');
INSERT INTO Product VALUES ('105946','100000008',NULL,NULL,'Supplier8','2');
INSERT INTO Product VALUES ('105946','100000009',NULL,'100000041','Supplier8','2');
INSERT INTO Product VALUES ('105946','100000010',NULL,'100000032','Supplier5','2');
INSERT INTO Product VALUES ('105946','100000011',NULL,'100000040','Supplier9','1');
INSERT INTO Product VALUES ('105946','100000012',NULL,NULL,'Supplier5','2');
INSERT INTO Product VALUES ('105946','100000013',NULL,NULL,'Supplier4','1');
INSERT INTO Product VALUES ('105946','100000014',NULL,'100000035','Supplier9','4');
INSERT INTO Product VALUES ('105946','100000015',NULL,'100000010','Supplier5','3');
INSERT INTO Product VALUES ('114520','100000001',NULL,NULL,'Supplier2','3');
INSERT INTO Product VALUES ('114520','100000002',NULL,NULL,'Supplier4','1');
INSERT INTO Product VALUES ('114520','100000003',NULL,'100000050','Supplier1','2');
INSERT INTO Product VALUES ('114520','100000004',NULL,NULL,'Supplier1','2');
INSERT INTO Product VALUES ('114520','100000005',NULL,NULL,'Supplier8','3');
INSERT INTO Product VALUES ('118269','100000001',NULL,NULL,'Supplier1','3');
INSERT INTO Product VALUES ('118269','100000002',NULL,NULL,'Supplier7','3');
INSERT INTO Product VALUES ('118269','100000003',NULL,NULL,'Supplier7','3');
INSERT INTO Product VALUES ('118269','100000004',NULL,NULL,'Supplier4','2');
INSERT INTO Product VALUES ('118269','100000005',NULL,'100000024','Supplier10','2');
INSERT INTO Product VALUES ('118269','100000006',NULL,NULL,'Supplier8','1');
INSERT INTO Product VALUES ('118269','100000007',NULL,NULL,'Supplier2','2');
INSERT INTO Product VALUES ('118269','100000008',NULL,'100000012','Supplier3','2');
INSERT INTO Product VALUES ('118269','100000009',NULL,NULL,'Supplier3','3');
INSERT INTO Product VALUES ('118269','100000010',NULL,'100000047','Supplier9','2');
INSERT INTO Product VALUES ('118269','100000011',NULL,NULL,'Supplier9','1');
INSERT INTO Product VALUES ('118269','100000012',NULL,'100000041','Supplier1','3');
INSERT INTO Product VALUES ('131908','100000001',NULL,NULL,'Supplier3','1');
INSERT INTO Product VALUES ('131908','100000002',NULL,NULL,'Supplier6','2');
INSERT INTO Product VALUES ('131908','100000003',NULL,NULL,'Supplier10','1');
INSERT INTO Product VALUES ('131908','100000004',NULL,NULL,'Supplier9','4');
INSERT INTO Product VALUES ('131908','100000005',NULL,'100000014','Supplier10','1');
INSERT INTO Product VALUES ('131908','100000006',NULL,NULL,'Supplier5','4');
INSERT INTO Product VALUES ('131908','100000007',NULL,NULL,'Supplier2','1');
INSERT INTO Product VALUES ('131908','100000008',NULL,NULL,'Supplier5','3');
INSERT INTO Product VALUES ('118359','100000001',NULL,NULL,'Supplier9','4');
INSERT INTO Product VALUES ('118359','100000002',NULL,NULL,'Supplier7','2');
INSERT INTO Product VALUES ('109204','100000001',NULL,NULL,'Supplier7','1');
INSERT INTO Product VALUES ('109204','100000002',NULL,'100000029','Supplier1','2');
INSERT INTO Product VALUES ('109204','100000003',NULL,'100000018','Supplier6','2');
INSERT INTO Product VALUES ('109204','100000004',NULL,NULL,'Supplier3','3');
INSERT INTO Product VALUES ('109204','100000005',NULL,NULL,'Supplier9','4');
INSERT INTO Product VALUES ('109204','100000006',NULL,NULL,'Supplier9','2');
INSERT INTO Product VALUES ('109204','100000007',NULL,'100000001','Supplier2','3');
INSERT INTO Product VALUES ('109204','100000008',NULL,NULL,'Supplier3','2');
INSERT INTO Product VALUES ('109204','100000009',NULL,'100000042','Supplier7','3');
INSERT INTO Product VALUES ('109204','100000010',NULL,'100000045','Supplier2','3');
INSERT INTO Product VALUES ('109204','100000011',NULL,NULL,'Supplier5','1');
INSERT INTO Product VALUES ('109204','100000012',NULL,NULL,'Supplier7','1');
INSERT INTO Product VALUES ('109204','100000013',NULL,NULL,'Supplier7','2');
INSERT INTO Product VALUES ('109204','100000014',NULL,NULL,'Supplier8','1');
INSERT INTO Product VALUES ('109204','100000015',NULL,'100000026','Supplier2','3');
INSERT INTO Product VALUES ('109204','100000016',NULL,NULL,'Supplier2','3');
INSERT INTO Product VALUES ('109204','100000017',NULL,NULL,'Supplier10','2');
INSERT INTO Product VALUES ('109204','100000018',NULL,NULL,'Supplier7','1');
INSERT INTO Product VALUES ('109204','100000019',NULL,'100000017','Supplier6','2');
INSERT INTO Product VALUES ('109900','100000001',NULL,NULL,'Supplier4','1');
INSERT INTO Product VALUES ('109900','100000002',NULL,NULL,'Supplier7','1');
INSERT INTO Product VALUES ('109900','100000003',NULL,NULL,'Supplier7','2');
INSERT INTO Product VALUES ('100905','100000001',NULL,NULL,'Supplier3','2');
INSERT INTO Product VALUES ('100905','100000002',NULL,NULL,'Supplier3','3');
INSERT INTO Product VALUES ('100905','100000003',NULL,'100000005','Supplier9','4');
INSERT INTO Product VALUES ('100905','100000004',NULL,NULL,'Supplier6','1');
INSERT INTO Product VALUES ('100905','100000005',NULL,NULL,'Supplier9','3');
INSERT INTO Product VALUES ('100905','100000006',NULL,NULL,'Supplier9','2');
INSERT INTO Product VALUES ('100905','100000007',NULL,NULL,'Supplier9','3');
INSERT INTO Product VALUES ('100905','100000008',NULL,'100000036','Supplier8','3');
INSERT INTO Product VALUES ('100905','100000009',NULL,NULL,'Supplier8','3');
INSERT INTO Product VALUES ('100905','100000010',NULL,NULL,'Supplier9','1');
INSERT INTO Product VALUES ('109931','100000001',NULL,NULL,'Supplier7','3');
INSERT INTO Product VALUES ('109931','100000002',NULL,NULL,'Supplier7','3');
INSERT INTO Product VALUES ('109931','100000003',NULL,'100000042','Supplier8','1');
INSERT INTO Product VALUES ('109931','100000004',NULL,NULL,'Supplier1','4');
INSERT INTO Product VALUES ('109931','100000005',NULL,NULL,'Supplier5','2');
INSERT INTO Product VALUES ('109931','100000006',NULL,NULL,'Supplier8','3');
INSERT INTO Product VALUES ('109931','100000007',NULL,NULL,'Supplier10','1');
INSERT INTO Product VALUES ('109931','100000008',NULL,NULL,'Supplier2','3');
INSERT INTO Product VALUES ('109931','100000009',NULL,NULL,'Supplier5','3');
INSERT INTO Product VALUES ('109931','100000010',NULL,NULL,'Supplier5','1');
INSERT INTO Product VALUES ('109931','100000011',NULL,NULL,'Supplier1','1');
INSERT INTO Product VALUES ('109931','100000012',NULL,NULL,'Supplier6','1');
INSERT INTO Product VALUES ('109931','100000013',NULL,NULL,'Supplier8','1');
INSERT INTO Product VALUES ('107100','100000001',NULL,'100000041','Supplier6','2');
INSERT INTO Product VALUES ('107100','100000002',NULL,NULL,'Supplier2','2');
INSERT INTO Product VALUES ('107100','100000003',NULL,NULL,'Supplier4','1');
INSERT INTO Product VALUES ('107100','100000004',NULL,NULL,'Supplier7','3');
INSERT INTO Product VALUES ('107100','100000005',NULL,'100000042','Supplier8','2');
INSERT INTO Product VALUES ('107100','100000006',NULL,'100000016','Supplier7','3');
INSERT INTO Product VALUES ('107100','100000007',NULL,NULL,'Supplier1','4');
INSERT INTO Product VALUES ('107100','100000008',NULL,'100000040','Supplier4','1');
INSERT INTO Product VALUES ('107100','100000009',NULL,NULL,'Supplier3','2');
INSERT INTO Product VALUES ('107100','100000010',NULL,'100000033','Supplier8','2');
INSERT INTO Product VALUES ('107100','100000011',NULL,'100000041','Supplier10','1');
INSERT INTO Product VALUES ('122463','100000001',NULL,'100000045','Supplier5','4');
INSERT INTO Product VALUES ('122463','100000002',NULL,'100000022','Supplier3','3');
INSERT INTO Product VALUES ('122463','100000003',NULL,NULL,'Supplier1','2');
INSERT INTO Product VALUES ('122463','100000004',NULL,'100000032','Supplier1','3');
INSERT INTO Product VALUES ('122463','100000005',NULL,NULL,'Supplier2','2');
INSERT INTO Product VALUES ('122463','100000006',NULL,'100000012','Supplier4','1');
INSERT INTO Product VALUES ('122463','100000007',NULL,NULL,'Supplier9','2');
INSERT INTO Product VALUES ('122463','100000008',NULL,NULL,'Supplier3','3');
INSERT INTO Product VALUES ('122463','100000009',NULL,'100000030','Supplier1','3');
INSERT INTO Product VALUES ('102062','100000001',NULL,NULL,'Supplier5','3');
INSERT INTO Product VALUES ('102062','100000002',NULL,NULL,'Supplier9','4');
INSERT INTO Product VALUES ('102062','100000003',NULL,NULL,'Supplier5','1');
INSERT INTO Product VALUES ('102062','100000004',NULL,NULL,'Supplier3','2');
INSERT INTO Product VALUES ('102062','100000005',NULL,NULL,'Supplier1','3');
INSERT INTO Product VALUES ('102062','100000006',NULL,NULL,'Supplier8','1');
INSERT INTO Product VALUES ('102062','100000007',NULL,'100000025','Supplier8','1');
INSERT INTO Product VALUES ('102062','100000008',NULL,'100000023','Supplier9','4');
INSERT INTO Product VALUES ('102062','100000009',NULL,NULL,'Supplier7','2');
INSERT INTO Product VALUES ('102062','100000010',NULL,'100000025','Supplier1','3');
INSERT INTO Product VALUES ('102062','100000011',NULL,NULL,'Supplier1','4');
INSERT INTO Product VALUES ('116943','100000001',NULL,'100000010','Supplier1','2');
INSERT INTO Product VALUES ('115517','100000001',NULL,'100000034','Supplier4','1');
INSERT INTO Product VALUES ('115517','100000002',NULL,NULL,'Supplier10','2');
INSERT INTO Product VALUES ('115517','100000003',NULL,'100000050','Supplier4','1');
INSERT INTO Product VALUES ('115517','100000004',NULL,'100000011','Supplier5','2');
INSERT INTO Product VALUES ('115517','100000005',NULL,NULL,'Supplier6','1');
INSERT INTO Product VALUES ('115517','100000006',NULL,NULL,'Supplier9','1');
INSERT INTO Product VALUES ('115517','100000007',NULL,NULL,'Supplier2','3');
INSERT INTO Product VALUES ('114031','100000001',NULL,'100000044','Supplier4','1');
INSERT INTO Product VALUES ('114031','100000002',NULL,NULL,'Supplier9','1');
INSERT INTO Product VALUES ('114031','100000003',NULL,NULL,'Supplier5','4');
INSERT INTO Product VALUES ('114031','100000004',NULL,NULL,'Supplier5','4');
INSERT INTO Product VALUES ('114031','100000005',NULL,NULL,'Supplier7','1');
INSERT INTO Product VALUES ('114031','100000006',NULL,NULL,'Supplier3','1');
INSERT INTO Product VALUES ('114031','100000007',NULL,'100000008','Supplier5','4');
INSERT INTO Product VALUES ('114031','100000008',NULL,'100000025','Supplier8','3');
INSERT INTO Product VALUES ('114031','100000009',NULL,NULL,'Supplier2','1');
INSERT INTO Product VALUES ('114031','100000010',NULL,'100000012','Supplier6','1');
INSERT INTO Product VALUES ('114031','100000011',NULL,'100000031','Supplier6','2');
INSERT INTO Product VALUES ('103247','100000001',NULL,NULL,'Supplier3','1');
INSERT INTO Product VALUES ('103247','100000002',NULL,NULL,'Supplier7','2');
INSERT INTO Product VALUES ('103247','100000003',NULL,NULL,'Supplier5','3');
INSERT INTO Product VALUES ('103247','100000004',NULL,NULL,'Supplier3','3');
INSERT INTO Product VALUES ('103247','100000005',NULL,NULL,'Supplier5','1');
INSERT INTO Product VALUES ('103247','100000006',NULL,NULL,'Supplier2','2');
INSERT INTO Product VALUES ('103247','100000007',NULL,'100000024','Supplier8','3');
INSERT INTO Product VALUES ('103247','100000008',NULL,'100000016','Supplier2','3');
INSERT INTO Product VALUES ('103247','100000009',NULL,NULL,'Supplier9','2');
INSERT INTO Product VALUES ('103247','100000010',NULL,'100000046','Supplier7','2');
INSERT INTO Product VALUES ('103247','100000011',NULL,'100000018','Supplier8','3');
INSERT INTO Product VALUES ('103247','100000012',NULL,NULL,'Supplier8','2');
INSERT INTO Product VALUES ('103247','100000013',NULL,'100000049','Supplier7','3');
INSERT INTO Product VALUES ('103263','100000001',NULL,'100000049','Supplier3','3');
INSERT INTO Product VALUES ('103263','100000002',NULL,'100000008','Supplier7','1');
INSERT INTO Product VALUES ('103263','100000003',NULL,NULL,'Supplier1','3');
INSERT INTO Product VALUES ('103263','100000004',NULL,NULL,'Supplier1','1');
INSERT INTO Product VALUES ('103263','100000005',NULL,NULL,'Supplier2','2');
INSERT INTO Product VALUES ('103263','100000006',NULL,NULL,'Supplier9','3');
INSERT INTO Product VALUES ('103263','100000007',NULL,NULL,'Supplier5','1');
INSERT INTO Product VALUES ('103263','100000008',NULL,'100000045','Supplier3','1');
INSERT INTO Product VALUES ('103263','100000009',NULL,NULL,'Supplier4','1');
INSERT INTO Product VALUES ('103263','100000010',NULL,'100000031','Supplier5','3');
INSERT INTO Product VALUES ('103263','100000011',NULL,NULL,'Supplier5','2');
INSERT INTO Product VALUES ('103263','100000012',NULL,NULL,'Supplier6','1');
INSERT INTO Product VALUES ('103263','100000013',NULL,NULL,'Supplier7','3');
INSERT INTO Product VALUES ('103263','100000014',NULL,'100000020','Supplier6','1');
INSERT INTO Product VALUES ('103263','100000015',NULL,NULL,'Supplier2','2');
INSERT INTO Product VALUES ('103263','100000016',NULL,NULL,'Supplier3','2');
INSERT INTO Product VALUES ('103263','100000017',NULL,NULL,'Supplier5','2');
INSERT INTO Product VALUES ('115732','100000001',NULL,NULL,'Supplier7','3');
INSERT INTO Product VALUES ('115732','100000002',NULL,'100000021','Supplier7','3');
INSERT INTO Product VALUES ('115732','100000003',NULL,NULL,'Supplier10','2');
INSERT INTO Product VALUES ('115732','100000004',NULL,NULL,'Supplier5','4');
INSERT INTO Product VALUES ('115732','100000005',NULL,NULL,'Supplier4','2');
INSERT INTO Product VALUES ('115732','100000006',NULL,'100000041','Supplier7','2');
INSERT INTO Product VALUES ('115732','100000007',NULL,NULL,'Supplier5','1');
INSERT INTO Product VALUES ('115732','100000008',NULL,NULL,'Supplier7','3');
INSERT INTO Product VALUES ('115732','100000009',NULL,NULL,'Supplier3','3');
INSERT INTO Product VALUES ('105964','100000001',NULL,NULL,'Supplier1','3');
INSERT INTO Product VALUES ('105964','100000002',NULL,NULL,'Supplier1','4');
INSERT INTO Product VALUES ('105964','100000003',NULL,'100000047','Supplier5','1');
INSERT INTO Product VALUES ('105964','100000004',NULL,NULL,'Supplier3','1');
INSERT INTO Product VALUES ('105964','100000005',NULL,NULL,'Supplier9','4');
INSERT INTO Product VALUES ('105964','100000006',NULL,NULL,'Supplier2','3');
INSERT INTO Product VALUES ('105964','100000007',NULL,'100000020','Supplier7','3');
INSERT INTO Product VALUES ('105964','100000008',NULL,'100000050','Supplier5','2');
INSERT INTO Product VALUES ('105964','100000009',NULL,NULL,'Supplier8','2');
INSERT INTO Product VALUES ('105964','100000010',NULL,'100000038','Supplier5','3');
INSERT INTO Product VALUES ('105964','100000011',NULL,'100000029','Supplier8','1');
INSERT INTO Product VALUES ('105964','100000012',NULL,'100000007','Supplier10','2');
INSERT INTO Product VALUES ('105964','100000013',NULL,'100000044','Supplier5','4');
INSERT INTO Product VALUES ('105964','100000014',NULL,NULL,'Supplier9','3');
INSERT INTO Product VALUES ('105964','100000015',NULL,NULL,'Supplier3','1');
INSERT INTO Product VALUES ('105964','100000016',NULL,NULL,'Supplier4','1');
INSERT INTO Product VALUES ('105964','100000017',NULL,'100000034','Supplier9','2');
INSERT INTO Product VALUES ('105964','100000018',NULL,NULL,'Supplier5','1');
INSERT INTO Product VALUES ('117496','100000001',NULL,'100000024','Supplier9','4');
INSERT INTO Product VALUES ('117496','100000002',NULL,NULL,'Supplier3','1');
INSERT INTO Product VALUES ('117496','100000003',NULL,'100000013','Supplier2','1');
INSERT INTO Product VALUES ('117496','100000004',NULL,NULL,'Supplier9','2');
INSERT INTO Product VALUES ('117496','100000005',NULL,NULL,'Supplier5','1');
INSERT INTO Product VALUES ('117496','100000006',NULL,NULL,'Supplier2','3');
INSERT INTO Product VALUES ('117496','100000007',NULL,NULL,'Supplier10','1');
INSERT INTO Product VALUES ('117496','100000008',NULL,'100000042','Supplier2','2');
INSERT INTO Product VALUES ('111936','100000001',NULL,'100000033','Supplier9','1');
INSERT INTO Product VALUES ('111936','100000002',NULL,NULL,'Supplier9','1');
INSERT INTO Product VALUES ('111936','100000003',NULL,'100000012','Supplier2','2');
INSERT INTO Product VALUES ('111936','100000004',NULL,'100000049','Supplier8','2');
INSERT INTO Product VALUES ('111936','100000005',NULL,'100000015','Supplier10','2');
INSERT INTO Product VALUES ('111936','100000006',NULL,NULL,'Supplier9','1');
INSERT INTO Product VALUES ('111936','100000007',NULL,NULL,'Supplier8','1');
INSERT INTO Product VALUES ('111936','100000008',NULL,NULL,'Supplier1','1');
INSERT INTO Product VALUES ('111936','100000009',NULL,NULL,'Supplier1','4');
INSERT INTO Product VALUES ('111936','100000010',NULL,NULL,'Supplier3','1');
INSERT INTO Product VALUES ('111936','100000011',NULL,'100000036','Supplier1','2');
INSERT INTO Product VALUES ('111936','100000012',NULL,'100000028','Supplier9','2');
INSERT INTO Product VALUES ('111936','100000013',NULL,NULL,'Supplier7','1');
INSERT INTO Product VALUES ('111936','100000014',NULL,NULL,'Supplier9','3');
INSERT INTO Product VALUES ('111936','100000015',NULL,NULL,'Supplier1','2');
INSERT INTO Product VALUES ('111936','100000016',NULL,NULL,'Supplier4','1');
INSERT INTO Product VALUES ('116877','100000001',NULL,NULL,'Supplier7','3');
INSERT INTO Product VALUES ('116877','100000002',NULL,'100000024','Supplier3','1');
INSERT INTO Product VALUES ('116877','100000003',NULL,NULL,'Supplier7','1');
INSERT INTO Product VALUES ('116877','100000004',NULL,'100000023','Supplier1','3');
INSERT INTO Product VALUES ('116877','100000005',NULL,NULL,'Supplier9','3');
INSERT INTO Product VALUES ('102108','100000001',NULL,NULL,'Supplier6','1');
INSERT INTO Product VALUES ('102108','100000002',NULL,NULL,'Supplier1','1');
INSERT INTO Product VALUES ('102108','100000003',NULL,'100000001','Supplier10','2');
INSERT INTO Product VALUES ('102108','100000004',NULL,'100000049','Supplier9','4');
INSERT INTO Product VALUES ('102108','100000005',NULL,NULL,'Supplier6','1');
INSERT INTO Product VALUES ('102108','100000006',NULL,NULL,'Supplier9','1');
INSERT INTO Product VALUES ('102108','100000007',NULL,'100000040','Supplier10','2');
INSERT INTO Product VALUES ('102108','100000008',NULL,'100000006','Supplier10','2');
INSERT INTO Product VALUES ('102108','100000009',NULL,NULL,'Supplier1','3');
INSERT INTO Product VALUES ('102108','100000010',NULL,'100000027','Supplier7','3');
INSERT INTO Product VALUES ('102108','100000011',NULL,NULL,'Supplier6','1');
INSERT INTO Product VALUES ('102108','100000012',NULL,'100000012','Supplier10','1');
INSERT INTO Product VALUES ('102108','100000013',NULL,NULL,'Supplier2','1');
INSERT INTO Product VALUES ('102108','100000014',NULL,'100000027','Supplier1','4');
INSERT INTO Product VALUES ('102108','100000015',NULL,NULL,'Supplier6','1');
INSERT INTO Product VALUES ('102108','100000016',NULL,'100000009','Supplier9','3');
INSERT INTO Product VALUES ('102108','100000017',NULL,NULL,'Supplier10','1');
INSERT INTO Shipment VALUES ('1','Shipper1','100000018','109204','100000003','2022-05-27','2022-05-24');
INSERT INTO Shipment VALUES ('1','Shipper1','100000033','111936','100000001','2022-06-02','2022-05-30');
INSERT INTO Shipment VALUES ('1','Shipper1','100000032','105946','100000010','2022-07-25','2022-07-22');
INSERT INTO Shipment VALUES ('1','Shipper1','100000049','103247','100000013','2023-02-01','2023-01-29');
INSERT INTO Shipment VALUES ('1','Shipper1','100000028','126678','100000004','2024-11-15','2024-11-12');
INSERT INTO Shipment VALUES ('1','Shipper2','100000045','122463','100000001','2023-09-03','2023-08-31');
INSERT INTO Shipment VALUES ('1','Shipper2','100000046','103247','100000010','2024-05-05','2024-05-02');
INSERT INTO Shipment VALUES ('1','Shipper2','100000044','114031','100000001','2024-04-16','2024-04-13');
INSERT INTO Shipment VALUES ('1','Shipper2','100000042','107100','100000005','2023-11-29','2023-11-26');
INSERT INTO Shipment VALUES ('1','Shipper3','100000042','109204','100000009','2024-09-28','2024-09-25');
INSERT INTO Shipment VALUES ('1','Shipper3','100000008','114031','100000007','2022-01-20','2022-01-17');
INSERT INTO Shipment VALUES ('2','Shipper1','100000038','105964','100000010','2023-12-30','2023-12-27');
INSERT INTO Shipment VALUES ('2','Shipper1','100000011','110053','100000001','2024-12-14','2024-12-11');
INSERT INTO Shipment VALUES ('2','Shipper1','100000030','105946','100000002','2024-10-16','2024-10-13');
INSERT INTO Shipment VALUES ('2','Shipper2','100000022','109051','100000009','2023-03-23','2023-03-20');
INSERT INTO Shipment VALUES ('2','Shipper3','100000005','100905','100000003','2024-11-15','2024-11-12');
INSERT INTO Shipment VALUES ('2','Shipper3','100000039','112055','100000004','2022-03-11','2022-03-08');
INSERT INTO Shipment VALUES ('2','Shipper3','100000012','118269','100000008','2022-11-07','2022-11-04');
INSERT INTO Shipment VALUES ('2','Shipper3','100000017','109204','100000019','2024-11-04','2024-11-01');
INSERT INTO Shipment VALUES ('3','Shipper1','100000044','105964','100000013','2022-03-23','2022-03-20');
INSERT INTO Shipment VALUES ('3','Shipper1','100000027','102108','100000014','2024-07-23','2024-07-20');
INSERT INTO Shipment VALUES ('3','Shipper1','100000007','105964','100000012','2024-08-26','2024-08-23');
INSERT INTO Shipment VALUES ('3','Shipper1','100000008','103263','100000002','2023-07-08','2023-07-05');
INSERT INTO Shipment VALUES ('3','Shipper1','100000045','103263','100000008','2022-12-05','2022-12-02');
INSERT INTO Shipment VALUES ('3','Shipper2','100000022','122463','100000002','2024-05-28','2024-05-25');
INSERT INTO Shipment VALUES ('3','Shipper3','100000026','109204','100000015','2023-03-12','2023-03-09');
INSERT INTO Shipment VALUES ('3','Shipper3','100000020','105964','100000007','2022-09-18','2022-09-15');
INSERT INTO Shipment VALUES ('3','Shipper3','100000020','103263','100000014','2024-08-17','2024-08-14');
INSERT INTO Shipment VALUES ('3','Shipper3','100000016','103247','100000008','2023-05-04','2023-05-01');
INSERT INTO Shipment VALUES ('3','Shipper3','100000033','112476','100000004','2022-07-10','2022-07-07');
INSERT INTO Shipment VALUES ('4','Shipper1','100000047','118269','100000010','2022-01-13','2022-01-10');
INSERT INTO Shipment VALUES ('4','Shipper1','100000031','105946','100000003','2023-09-01','2023-08-29');
INSERT INTO Shipment VALUES ('4','Shipper1','100000033','109051','100000013','2024-02-08','2024-02-05');
INSERT INTO Shipment VALUES ('4','Shipper1','100000010','105946','100000015','2022-04-15','2022-04-12');
INSERT INTO Shipment VALUES ('4','Shipper2','100000041','107100','100000001','2024-07-01','2024-06-28');
INSERT INTO Shipment VALUES ('4','Shipper2','100000040','105946','100000011','2024-10-02','2024-09-29');
INSERT INTO Shipment VALUES ('4','Shipper3','100000042','117496','100000008','2023-06-07','2023-06-04');
INSERT INTO Shipment VALUES ('4','Shipper3','100000050','115517','100000003','2023-11-05','2023-11-02');
INSERT INTO Shipment VALUES ('4','Shipper3','100000028','109051','100000002','2022-02-09','2022-02-06');
INSERT INTO Shipment VALUES ('5','Shipper1','100000047','109051','100000012','2024-06-10','2024-06-07');
INSERT INTO Shipment VALUES ('5','Shipper2','100000050','110053','100000010','2024-09-03','2024-08-31');
INSERT INTO Shipment VALUES ('5','Shipper2','100000033','107100','100000010','2023-02-09','2023-02-06');
INSERT INTO Shipment VALUES ('5','Shipper2','100000024','117496','100000001','2022-02-10','2022-02-07');
INSERT INTO Shipment VALUES ('5','Shipper2','100000029','105964','100000011','2023-08-19','2023-08-16');
INSERT INTO Shipment VALUES ('5','Shipper2','100000041','109051','100000006','2024-11-22','2024-11-19');
INSERT INTO Shipment VALUES ('5','Shipper3','100000050','114520','100000003','2024-09-24','2024-09-21');
INSERT INTO Shipment VALUES ('6','Shipper1','100000031','114031','100000011','2024-04-11','2024-04-08');
INSERT INTO Shipment VALUES ('6','Shipper2','100000024','116877','100000002','2023-01-20','2023-01-17');
INSERT INTO Shipment VALUES ('6','Shipper2','100000036','111936','100000011','2024-03-19','2024-03-16');
INSERT INTO Shipment VALUES ('6','Shipper2','100000050','105946','100000004','2023-02-04','2023-02-01');
INSERT INTO Shipment VALUES ('6','Shipper3','100000012','111936','100000003','2024-08-20','2024-08-17');
INSERT INTO Shipment VALUES ('6','Shipper3','100000031','103263','100000010','2022-05-12','2022-05-09');
INSERT INTO Shipment VALUES ('7','Shipper1','100000041','105946','100000009','2024-09-05','2024-09-02');
INSERT INTO Shipment VALUES ('7','Shipper1','100000028','111936','100000012','2024-09-01','2024-08-29');
INSERT INTO Shipment VALUES ('7','Shipper1','100000012','122463','100000006','2024-09-14','2024-09-11');
INSERT INTO Shipment VALUES ('7','Shipper1','100000040','107100','100000008','2024-06-28','2024-06-25');
INSERT INTO Shipment VALUES ('7','Shipper2','100000012','114031','100000010','2023-02-08','2023-02-05');
INSERT INTO Shipment VALUES ('7','Shipper2','100000042','109931','100000003','2022-04-30','2022-04-27');
INSERT INTO Shipment VALUES ('7','Shipper2','100000015','111936','100000005','2023-11-02','2023-10-30');
INSERT INTO Shipment VALUES ('7','Shipper2','100000040','102108','100000007','2022-01-23','2022-01-20');
INSERT INTO Shipment VALUES ('7','Shipper2','100000012','102108','100000012','2023-12-31','2023-12-28');
INSERT INTO Shipment VALUES ('7','Shipper3','100000002','112476','100000009','2023-04-06','2023-04-03');
INSERT INTO Shipment VALUES ('7','Shipper3','100000021','115732','100000002','2024-10-30','2024-10-27');
INSERT INTO Shipment VALUES ('7','Shipper3','100000023','116877','100000004','2022-03-15','2022-03-12');
INSERT INTO Shipment VALUES ('7','Shipper3','100000013','117496','100000003','2023-10-07','2023-10-04');
INSERT INTO Shipment VALUES ('7','Shipper3','100000024','103247','100000007','2023-06-20','2023-06-17');
INSERT INTO Shipment VALUES ('8','Shipper1','100000025','102062','100000007','2023-07-15','2023-07-12');
INSERT INTO Shipment VALUES ('8','Shipper1','100000018','103247','100000011','2024-09-09','2024-09-06');
INSERT INTO Shipment VALUES ('8','Shipper2','100000033','126678','100000001','2023-05-23','2023-05-20');
INSERT INTO Shipment VALUES ('8','Shipper2','100000011','110053','100000006','2022-05-30','2022-05-27');
INSERT INTO Shipment VALUES ('8','Shipper2','100000030','122463','100000009','2024-07-18','2024-07-15');
INSERT INTO Shipment VALUES ('8','Shipper2','100000025','102062','100000010','2023-01-27','2023-01-24');
INSERT INTO Shipment VALUES ('8','Shipper2','100000045','109204','100000010','2022-09-21','2022-09-18');
INSERT INTO Shipment VALUES ('8','Shipper3','100000025','114031','100000008','2022-06-05','2022-06-02');
INSERT INTO Shipment VALUES ('8','Shipper3','100000001','102108','100000003','2024-08-15','2024-08-12');
INSERT INTO Shipment VALUES ('8','Shipper3','100000032','122463','100000004','2024-11-23','2024-11-20');
INSERT INTO Shipment VALUES ('8','Shipper3','100000001','109204','100000007','2024-01-09','2024-01-06');
INSERT INTO Shipment VALUES ('9','Shipper1','100000014','131908','100000005','2022-02-12','2022-02-09');
INSERT INTO Shipment VALUES ('9','Shipper2','100000018','109051','100000004','2023-05-21','2023-05-18');
INSERT INTO Shipment VALUES ('9','Shipper3','100000036','100905','100000008','2022-06-18','2022-06-15');
INSERT INTO Shipment VALUES ('10','Shipper1','100000049','111936','100000004','2024-12-01','2024-11-28');
INSERT INTO Shipment VALUES ('10','Shipper1','100000050','105964','100000008','2023-01-19','2023-01-16');
INSERT INTO Shipment VALUES ('10','Shipper1','100000035','105946','100000014','2023-01-25','2023-01-22');
INSERT INTO Shipment VALUES ('10','Shipper1','100000010','116943','100000001','2024-01-24','2024-01-21');
INSERT INTO Shipment VALUES ('10','Shipper1','100000041','115732','100000006','2024-08-11','2024-08-08');
INSERT INTO Shipment VALUES ('10','Shipper2','100000024','110053','100000008','2023-04-28','2023-04-25');
INSERT INTO Shipment VALUES ('10','Shipper2','100000006','102108','100000008','2024-04-22','2024-04-19');
INSERT INTO Shipment VALUES ('10','Shipper2','100000034','115517','100000001','2023-06-10','2023-06-07');
INSERT INTO Shipment VALUES ('10','Shipper3','100000016','107100','100000006','2022-03-25','2022-03-22');
INSERT INTO Shipment VALUES ('10','Shipper3','100000013','112476','100000005','2024-01-18','2024-01-15');
INSERT INTO Shipment VALUES ('11','Shipper1','100000002','105946','100000007','2024-03-08','2024-03-05');
INSERT INTO Shipment VALUES ('11','Shipper2','100000029','109204','100000002','2023-05-05','2023-05-02');
INSERT INTO Shipment VALUES ('11','Shipper2','100000011','115517','100000004','2023-08-25','2023-08-22');
INSERT INTO Shipment VALUES ('11','Shipper3','100000038','105946','100000006','2022-06-12','2022-06-09');
INSERT INTO Shipment VALUES ('11','Shipper3','100000041','118269','100000012','2023-11-11','2023-11-08');
INSERT INTO Shipment VALUES ('11','Shipper3','100000047','112055','100000005','2022-08-11','2022-08-08');
INSERT INTO Shipment VALUES ('11','Shipper3','100000009','102108','100000016','2023-11-20','2023-11-17');
INSERT INTO Shipment VALUES ('11','Shipper3','100000050','112055','100000002','2023-08-05','2023-08-02');
INSERT INTO Shipment VALUES ('12','Shipper1','100000001','108247','100000007','2023-11-19','2023-11-16');
INSERT INTO Shipment VALUES ('12','Shipper1','100000003','108247','100000011','2022-03-04','2022-03-01');
INSERT INTO Shipment VALUES ('12','Shipper2','100000034','105964','100000017','2023-05-03','2023-04-30');
INSERT INTO Shipment VALUES ('12','Shipper2','100000023','102062','100000008','2024-05-03','2024-04-30');
INSERT INTO Shipment VALUES ('12','Shipper2','100000024','118269','100000005','2023-12-18','2023-12-15');
INSERT INTO Shipment VALUES ('12','Shipper2','100000027','102108','100000010','2024-06-12','2024-06-09');
INSERT INTO Shipment VALUES ('12','Shipper3','100000035','110053','100000009','2023-02-03','2023-01-31');
INSERT INTO Shipment VALUES ('12','Shipper3','100000047','105964','100000003','2024-10-24','2024-10-21');
INSERT INTO Shipment VALUES ('12','Shipper3','100000049','103263','100000001','2023-02-21','2023-02-18');
INSERT INTO Shipment VALUES ('13','Shipper1','100000041','107100','100000011','2022-08-20','2022-08-17');
INSERT INTO Shipment VALUES ('13','Shipper1','100000024','102002','100000001','2023-02-20','2023-02-17');
INSERT INTO Shipment VALUES ('13','Shipper1','100000049','102108','100000004','2022-03-16','2022-03-13');
