-- Generated by script
INSERT INTO Admin VALUES ('200000001');
INSERT INTO Admin VALUES ('200000002');
INSERT INTO Admin VALUES ('200000003');
INSERT INTO Belongs VALUES ('Music','107125');
INSERT INTO Belongs VALUES ('Groceries','107125');
INSERT INTO Belongs VALUES ('Automotive','115520');
INSERT INTO BrandPage VALUES ('www.421market.com/brand1','Brand 1','This is the description for Brand 1.');
INSERT INTO BrandPage VALUES ('www.421market.com/brand2','Brand 2','This is the description for Brand 2.');
INSERT INTO BrandPage VALUES ('www.421market.com/brand3','Brand 3','This is the description for Brand 3.');
INSERT INTO Card VALUES ('1000000000001555','2026-12-19','100000001');
INSERT INTO Card VALUES ('1000000000028220','2024-05-09','100000001');
INSERT INTO Card VALUES ('1000000000008466','2026-04-17','100000001');
INSERT INTO Card VALUES ('1000000000025911','2028-08-17','100000002');
INSERT INTO Card VALUES ('1000000000015558','2028-12-27','100000003');
INSERT INTO Card VALUES ('1000000000011895','2026-07-11','100000003');
INSERT INTO Card VALUES ('1000000000002510','2027-11-13','100000003');
INSERT INTO Card VALUES ('1000000000001884','2028-04-03','110000001');
INSERT INTO Card VALUES ('1000000000016427','2025-05-19','110000002');
INSERT INTO Card VALUES ('1000000000009137','2028-09-16','110000003');
INSERT INTO Card VALUES ('1000000000011321','2028-01-13','110000003');
INSERT INTO Card VALUES ('1000000000031268','2028-01-14','110000003');
INSERT INTO Card VALUES ('1000000000028217','2028-04-12','NULL');
INSERT INTO Card VALUES ('1000000000018774','2027-08-03','NULL');
INSERT INTO Card VALUES ('1000000000010751','2026-08-08','NULL');
INSERT INTO Category VALUES ('Electronics');
INSERT INTO Category VALUES ('Fashion');
INSERT INTO Category VALUES ('Home Appliances');
INSERT INTO Category VALUES ('Books');
INSERT INTO Category VALUES ('Sports');
INSERT INTO Category VALUES ('Groceries');
INSERT INTO Category VALUES ('Toys');
INSERT INTO Category VALUES ('Furniture');
INSERT INTO Category VALUES ('Automotive');
INSERT INTO Category VALUES ('Health and Beauty');
INSERT INTO Category VALUES ('Gaming');
INSERT INTO Category VALUES ('Gardening');
INSERT INTO Category VALUES ('Music');
INSERT INTO Category VALUES ('Art Supplies');
INSERT INTO Category VALUES ('Pet Supplies');
INSERT INTO Coupon VALUES ('110000001','120072','0.11','17','2024-09-05');
INSERT INTO Coupon VALUES ('110000002','114172','0.49','39','2024-04-22');
INSERT INTO Coupon VALUES ('110000002','107912','0.78','54','2022-07-01');
INSERT INTO Coupon VALUES ('110000002','103877','0.45','80','2025-07-26');
INSERT INTO Coupon VALUES ('110000003','100079','0.41','87','2023-03-05');
INSERT INTO Coupon VALUES ('110000003','115150','0.71','67','2024-02-08');
INSERT INTO Coupon VALUES ('110000003','125595','0.14','99','2026-11-12');
INSERT INTO Customer VALUES ('100000001');
INSERT INTO Customer VALUES ('100000002');
INSERT INTO Customer VALUES ('100000003');
INSERT INTO Customer VALUES ('110000001');
INSERT INTO Customer VALUES ('110000002');
INSERT INTO Customer VALUES ('110000003');
INSERT INTO Guest VALUES ('300000001');
INSERT INTO Guest VALUES ('300000002');
INSERT INTO Guest VALUES ('300000003');
INSERT INTO InCart VALUES ('100000001','115520','3');
INSERT INTO InCart VALUES ('100000003','107125','3');
INSERT INTO InCart VALUES ('100000003','107125','1');
INSERT INTO InCart VALUES ('100000003','115520','1');
INSERT INTO InCart VALUES ('100000003','115520','1');
INSERT INTO InCart VALUES ('110000001','107125','3');
INSERT INTO InCart VALUES ('110000001','118121','3');
INSERT INTO InCart VALUES ('110000001','107125','1');
INSERT INTO InCart VALUES ('110000001','107125','3');
INSERT INTO InCart VALUES ('110000002','118121','1');
INSERT INTO InCart VALUES ('200000001','118121','2');
INSERT INTO InCart VALUES ('200000001','118121','3');
INSERT INTO InCart VALUES ('200000002','107125','1');
INSERT INTO InCart VALUES ('200000002','107125','2');
INSERT INTO InCart VALUES ('200000002','118121','2');
INSERT INTO InCart VALUES ('200000002','107125','1');
INSERT INTO InCart VALUES ('200000003','118121','1');
INSERT INTO InCart VALUES ('200000003','118121','2');
INSERT INTO InCart VALUES ('200000003','118121','2');
INSERT INTO InCart VALUES ('300000001','107125','3');
INSERT INTO InCart VALUES ('300000001','107125','1');
INSERT INTO InCart VALUES ('300000002','115520','2');
INSERT INTO InCart VALUES ('300000003','118121','1');
INSERT INTO InCart VALUES ('300000003','115520','3');
INSERT INTO InCart VALUES ('300000003','118121','1');
INSERT INTO InCart VALUES ('300000003','107125','3');
INSERT INTO InCart VALUES ('300000003','115520','3');
INSERT INTO Manages VALUES ('200000003','www.421market.com/brand2','5');
INSERT INTO Manages VALUES ('200000002','www.421market.com/brand3','5');
INSERT INTO Manages VALUES ('200000001','www.421market.com/brand1','5');
INSERT INTO Manages VALUES ('200000001','www.421market.com/brand2','4');
INSERT INTO Manages VALUES ('200000001','www.421market.com/brand3','5');
INSERT INTO Manages VALUES ('200000002','www.421market.com/brand1','5');
INSERT INTO Manages VALUES ('200000002','www.421market.com/brand2','5');
INSERT INTO Manages VALUES ('200000003','www.421market.com/brand3','4');
INSERT INTO Manages VALUES ('200000003','www.421market.com/brand1','5');
INSERT INTO Member VALUES ('110000001');
INSERT INTO Member VALUES ('110000002');
INSERT INTO Member VALUES ('110000003');
INSERT INTO Model VALUES ('118121','289.70','www.421market.com/brand1','6');
INSERT INTO Model VALUES ('107125','55.69','www.421market.com/brand1','2');
INSERT INTO Model VALUES ('115520','430.26','www.421market.com/brand3','7');
INSERT INTO Product VALUES ('118121','100000001','NULL','NULL','Supplier2','1');
INSERT INTO Product VALUES ('118121','100000002','NULL','NULL','Supplier2','1');
INSERT INTO Product VALUES ('115520','100000001','NULL','NULL','Supplier4','2');
INSERT INTO Product VALUES ('115520','100000002','NULL','NULL','Supplier2','1');
INSERT INTO Restock VALUES ('Supplier2','1','Location9','2023-05-27');
INSERT INTO Restock VALUES ('Supplier4','1','Location4','2024-02-14');
INSERT INTO Restock VALUES ('Supplier4','2','Location4','2023-11-18');
INSERT INTO User VALUES ('100000001');
INSERT INTO User VALUES ('100000002');
INSERT INTO User VALUES ('100000003');
INSERT INTO User VALUES ('110000001');
INSERT INTO User VALUES ('110000002');
INSERT INTO User VALUES ('110000003');
INSERT INTO User VALUES ('200000001');
INSERT INTO User VALUES ('200000002');
INSERT INTO User VALUES ('200000003');
INSERT INTO User VALUES ('300000001');
INSERT INTO User VALUES ('300000002');
INSERT INTO User VALUES ('300000003');
