-- Generated by script
INSERT INTO Admin VALUES ('200000001');
INSERT INTO Admin VALUES ('200000002');
INSERT INTO Admin VALUES ('200000003');
INSERT INTO Admin VALUES ('200000004');
INSERT INTO Admin VALUES ('200000005');
INSERT INTO Belongs VALUES ('Pet Supplies','132231');
INSERT INTO Belongs VALUES ('Gaming','132231');
INSERT INTO Belongs VALUES ('Electronics','132231');
INSERT INTO Belongs VALUES ('Toys','132231');
INSERT INTO Belongs VALUES ('Fashion','132231');
INSERT INTO Belongs VALUES ('Gaming','103363');
INSERT INTO Belongs VALUES ('Books','103363');
INSERT INTO Belongs VALUES ('Automotive','103363');
INSERT INTO Belongs VALUES ('Books','107684');
INSERT INTO Belongs VALUES ('Groceries','107684');
INSERT INTO Belongs VALUES ('Gardening','120537');
INSERT INTO Belongs VALUES ('Sports','120537');
INSERT INTO Belongs VALUES ('Fashion','120537');
INSERT INTO Belongs VALUES ('Books','120537');
INSERT INTO Belongs VALUES ('Gaming','121776');
INSERT INTO Belongs VALUES ('Gaming','121776');
INSERT INTO BrandPage VALUES ('www.421market.com/brand1','Brand 1','This is the description for Brand 1.');
INSERT INTO BrandPage VALUES ('www.421market.com/brand2','Brand 2','NULL');
INSERT INTO BrandPage VALUES ('www.421market.com/brand3','Brand 3','This is the description for Brand 3.');
INSERT INTO BrandPage VALUES ('www.421market.com/brand4','Brand 4','This is the description for Brand 4.');
INSERT INTO BrandPage VALUES ('www.421market.com/brand5','Brand 5','This is the description for Brand 5.');
INSERT INTO Category VALUES ('Electronics');
INSERT INTO Category VALUES ('Fashion');
INSERT INTO Category VALUES ('Home Appliances');
INSERT INTO Category VALUES ('Books');
INSERT INTO Category VALUES ('Sports');
INSERT INTO Category VALUES ('Groceries');
INSERT INTO Category VALUES ('Toys');
INSERT INTO Category VALUES ('Furniture');
INSERT INTO Category VALUES ('Automotive');
INSERT INTO Category VALUES ('Health and Beauty');
INSERT INTO Category VALUES ('Gaming');
INSERT INTO Category VALUES ('Gardening');
INSERT INTO Category VALUES ('Music');
INSERT INTO Category VALUES ('Art Supplies');
INSERT INTO Category VALUES ('Pet Supplies');
INSERT INTO Coupon VALUES ('110000001','130794','0.59','59','2023-01-24');
INSERT INTO Coupon VALUES ('110000001','117235','0.84','42','2024-12-10');
INSERT INTO Coupon VALUES ('110000001','108039','0.90','66','2024-10-06');
INSERT INTO Coupon VALUES ('110000002','125543','0.77','33','2023-11-25');
INSERT INTO Coupon VALUES ('110000003','103203','0.91','33','2025-01-24');
INSERT INTO Coupon VALUES ('110000003','127352','0.66','72','2024-09-16');
INSERT INTO Coupon VALUES ('110000003','110990','0.30','11','2024-11-23');
INSERT INTO Coupon VALUES ('110000003','100879','0.92','30','2023-09-12');
INSERT INTO Coupon VALUES ('110000005','107399','0.33','17','2025-03-23');
INSERT INTO Coupon VALUES ('110000005','103200','0.58','14','2025-03-17');
INSERT INTO Coupon VALUES ('110000005','127222','0.51','46','2023-01-16');
INSERT INTO Customer VALUES ('100000001');
INSERT INTO Customer VALUES ('100000002');
INSERT INTO Customer VALUES ('100000003');
INSERT INTO Customer VALUES ('100000004');
INSERT INTO Customer VALUES ('100000005');
INSERT INTO Customer VALUES ('110000001');
INSERT INTO Customer VALUES ('110000002');
INSERT INTO Customer VALUES ('110000003');
INSERT INTO Customer VALUES ('110000004');
INSERT INTO Customer VALUES ('110000005');
INSERT INTO Guest VALUES ('300000001');
INSERT INTO Guest VALUES ('300000002');
INSERT INTO Guest VALUES ('300000003');
INSERT INTO Guest VALUES ('300000004');
INSERT INTO Guest VALUES ('300000005');
INSERT INTO InCart VALUES ('100000001','103363','2');
INSERT INTO InCart VALUES ('100000001','103363','3');
INSERT INTO InCart VALUES ('100000001','103363','2');
INSERT INTO InCart VALUES ('100000002','107684','1');
INSERT INTO InCart VALUES ('100000003','121776','3');
INSERT INTO InCart VALUES ('100000003','132231','2');
INSERT INTO InCart VALUES ('100000004','121776','1');
INSERT INTO InCart VALUES ('100000004','132231','3');
INSERT INTO InCart VALUES ('100000004','121776','2');
INSERT INTO InCart VALUES ('100000005','120537','1');
INSERT INTO InCart VALUES ('100000005','132231','1');
INSERT INTO InCart VALUES ('100000005','132231','3');
INSERT INTO InCart VALUES ('100000005','132231','3');
INSERT INTO InCart VALUES ('110000001','103363','2');
INSERT INTO InCart VALUES ('110000001','107684','3');
INSERT INTO InCart VALUES ('110000001','120537','2');
INSERT INTO InCart VALUES ('110000005','121776','3');
INSERT INTO InCart VALUES ('110000005','120537','3');
INSERT INTO InCart VALUES ('110000005','107684','2');
INSERT INTO InCart VALUES ('110000005','121776','1');
INSERT INTO InCart VALUES ('200000001','103363','2');
INSERT INTO InCart VALUES ('200000001','120537','1');
INSERT INTO InCart VALUES ('200000002','132231','2');
INSERT INTO InCart VALUES ('200000002','103363','3');
INSERT INTO InCart VALUES ('200000003','107684','3');
INSERT INTO InCart VALUES ('200000003','121776','3');
INSERT INTO InCart VALUES ('200000004','120537','1');
INSERT INTO InCart VALUES ('200000004','107684','2');
INSERT INTO InCart VALUES ('200000005','120537','1');
INSERT INTO InCart VALUES ('200000005','103363','1');
INSERT INTO InCart VALUES ('200000005','103363','3');
INSERT INTO InCart VALUES ('200000005','132231','3');
INSERT INTO InCart VALUES ('300000001','132231','2');
INSERT INTO InCart VALUES ('300000001','120537','1');
INSERT INTO InCart VALUES ('300000001','120537','2');
INSERT INTO InCart VALUES ('300000001','132231','2');
INSERT INTO InCart VALUES ('300000002','120537','2');
INSERT INTO InCart VALUES ('300000002','107684','3');
INSERT INTO InCart VALUES ('300000002','107684','2');
INSERT INTO InCart VALUES ('300000003','103363','1');
INSERT INTO InCart VALUES ('300000003','103363','2');
INSERT INTO InCart VALUES ('300000003','121776','1');
INSERT INTO InCart VALUES ('300000003','132231','2');
INSERT INTO InCart VALUES ('300000004','132231','1');
INSERT INTO InCart VALUES ('300000004','132231','3');
INSERT INTO InCart VALUES ('300000005','103363','3');
INSERT INTO InCart VALUES ('300000005','103363','1');
INSERT INTO InCart VALUES ('300000005','132231','3');
INSERT INTO InCart VALUES ('300000005','132231','3');
INSERT INTO InCart VALUES ('300000005','120537','1');
INSERT INTO Manages VALUES ('200000001','www.421market.com/brand3','1');
INSERT INTO Manages VALUES ('200000001','www.421market.com/brand5','3');
INSERT INTO Manages VALUES ('200000002','www.421market.com/brand1','3');
INSERT INTO Manages VALUES ('200000002','www.421market.com/brand4','4');
INSERT INTO Manages VALUES ('200000003','www.421market.com/brand2','5');
INSERT INTO Manages VALUES ('200000004','www.421market.com/brand3','2');
INSERT INTO Manages VALUES ('200000004','www.421market.com/brand4','5');
INSERT INTO Manages VALUES ('200000004','www.421market.com/brand1','3');
INSERT INTO Manages VALUES ('200000005','www.421market.com/brand3','3');
INSERT INTO Manages VALUES ('200000005','www.421market.com/brand4','2');
INSERT INTO Manages VALUES ('200000005','www.421market.com/brand2','4');
INSERT INTO Manages VALUES ('200000001','www.421market.com/brand1','5');
INSERT INTO Manages VALUES ('200000003','www.421market.com/brand3','5');
INSERT INTO Manages VALUES ('200000005','www.421market.com/brand5','5');
INSERT INTO Member VALUES ('110000001');
INSERT INTO Member VALUES ('110000002');
INSERT INTO Member VALUES ('110000003');
INSERT INTO Member VALUES ('110000004');
INSERT INTO Member VALUES ('110000005');
INSERT INTO Model VALUES ('132231','463.35','www.421market.com/brand2','1');
INSERT INTO Model VALUES ('103363','415.78','www.421market.com/brand2','7');
INSERT INTO Model VALUES ('107684','272.06','www.421market.com/brand3','10');
INSERT INTO Model VALUES ('120537','256.84','www.421market.com/brand3','9');
INSERT INTO Model VALUES ('121776','420.05','www.421market.com/brand2','3');
INSERT INTO User VALUES ('100000001');
INSERT INTO User VALUES ('100000002');
INSERT INTO User VALUES ('100000003');
INSERT INTO User VALUES ('100000004');
INSERT INTO User VALUES ('100000005');
INSERT INTO User VALUES ('110000001');
INSERT INTO User VALUES ('110000002');
INSERT INTO User VALUES ('110000003');
INSERT INTO User VALUES ('110000004');
INSERT INTO User VALUES ('110000005');
INSERT INTO User VALUES ('200000001');
INSERT INTO User VALUES ('200000002');
INSERT INTO User VALUES ('200000003');
INSERT INTO User VALUES ('200000004');
INSERT INTO User VALUES ('200000005');
INSERT INTO User VALUES ('300000001');
INSERT INTO User VALUES ('300000002');
INSERT INTO User VALUES ('300000003');
INSERT INTO User VALUES ('300000004');
INSERT INTO User VALUES ('300000005');
