CONNECT TO COMP421;
-- Generated by script
INSERT INTO Category VALUES ('category1');
INSERT INTO Category VALUES ('category2');
INSERT INTO Category VALUES ('category3');
INSERT INTO Category VALUES ('category4');
INSERT INTO Category VALUES ('category5');
INSERT INTO Category VALUES ('category6');
INSERT INTO Category VALUES ('category7');
INSERT INTO Category VALUES ('category8');
INSERT INTO Category VALUES ('category9');
INSERT INTO Category VALUES ('category10');
INSERT INTO Category VALUES ('category11');
INSERT INTO Category VALUES ('category12');
INSERT INTO Category VALUES ('category13');
INSERT INTO Category VALUES ('category14');
INSERT INTO Category VALUES ('category15');
INSERT INTO Category VALUES ('category16');
INSERT INTO Category VALUES ('category17');
INSERT INTO Category VALUES ('category18');
INSERT INTO Category VALUES ('category19');
INSERT INTO Category VALUES ('category20');
INSERT INTO BrandPage VALUES ('www.421market.com/brand1','Brand 1',NULL);
INSERT INTO BrandPage VALUES ('www.421market.com/brand2','Brand 2','This is the description for Brand 2.');
INSERT INTO BrandPage VALUES ('www.421market.com/brand3','Brand 3','This is the description for Brand 3.');
INSERT INTO BrandPage VALUES ('www.421market.com/brand4','Brand 4','This is the description for Brand 4.');
INSERT INTO BrandPage VALUES ('www.421market.com/brand5','Brand 5',NULL);
INSERT INTO BrandPage VALUES ('www.421market.com/brand6','Brand 6','This is the description for Brand 6.');
INSERT INTO BrandPage VALUES ('www.421market.com/brand7','Brand 7','This is the description for Brand 7.');
INSERT INTO BrandPage VALUES ('www.421market.com/brand8','Brand 8','This is the description for Brand 8.');
INSERT INTO BrandPage VALUES ('www.421market.com/brand9','Brand 9',NULL);
INSERT INTO BrandPage VALUES ('www.421market.com/brand10','Brand 10','This is the description for Brand 10.');
INSERT INTO BrandPage VALUES ('www.421market.com/brand11','Brand 11','This is the description for Brand 11.');
INSERT INTO BrandPage VALUES ('www.421market.com/brand12','Brand 12','This is the description for Brand 12.');
INSERT INTO BrandPage VALUES ('www.421market.com/brand13','Brand 13','This is the description for Brand 13.');
INSERT INTO BrandPage VALUES ('www.421market.com/brand14','Brand 14','This is the description for Brand 14.');
INSERT INTO BrandPage VALUES ('www.421market.com/brand15','Brand 15','This is the description for Brand 15.');
INSERT INTO BrandPage VALUES ('www.421market.com/brand16','Brand 16','This is the description for Brand 16.');
INSERT INTO BrandPage VALUES ('www.421market.com/brand17','Brand 17','This is the description for Brand 17.');
INSERT INTO BrandPage VALUES ('www.421market.com/brand18','Brand 18','This is the description for Brand 18.');
INSERT INTO BrandPage VALUES ('www.421market.com/brand19','Brand 19',NULL);
INSERT INTO BrandPage VALUES ('www.421market.com/brand20','Brand 20','This is the description for Brand 20.');
INSERT INTO Model VALUES ('121018','223.39','www.421market.com/brand18','10');
INSERT INTO Model VALUES ('101999','392.48','www.421market.com/brand15','1');
INSERT INTO Model VALUES ('113649','321.16','www.421market.com/brand19','5');
INSERT INTO Model VALUES ('103741','193.12','www.421market.com/brand6','8');
INSERT INTO Model VALUES ('111062','238.01','www.421market.com/brand17','7');
INSERT INTO Model VALUES ('115663','247.09','www.421market.com/brand3','7');
INSERT INTO Model VALUES ('112251','489.75','www.421market.com/brand5','7');
INSERT INTO Model VALUES ('103855','269.01','www.421market.com/brand10','10');
INSERT INTO Model VALUES ('108918','332.63','www.421market.com/brand10','6');
INSERT INTO Model VALUES ('117778','433.28','www.421market.com/brand6','8');
INSERT INTO Model VALUES ('103591','23.28','www.421market.com/brand11','7');
INSERT INTO Model VALUES ('102270','301.58','www.421market.com/brand6','4');
INSERT INTO Model VALUES ('104645','212.19','www.421market.com/brand6','0');
INSERT INTO Model VALUES ('112724','440.18','www.421market.com/brand9','3');
INSERT INTO Model VALUES ('131848','208.10','www.421market.com/brand17','3');
INSERT INTO Model VALUES ('116582','328.71','www.421market.com/brand17','9');
INSERT INTO Model VALUES ('129314','76.24','www.421market.com/brand1','6');
INSERT INTO Model VALUES ('131667','398.76','www.421market.com/brand9','10');
INSERT INTO Model VALUES ('100899','258.20','www.421market.com/brand11','1');
INSERT INTO Model VALUES ('108578','235.33','www.421market.com/brand18','7');
INSERT INTO Model VALUES ('116119','299.88','www.421market.com/brand13','4');
INSERT INTO Model VALUES ('131923','245.65','www.421market.com/brand18','3');
INSERT INTO Model VALUES ('103418','228.09','www.421market.com/brand10','5');
INSERT INTO Model VALUES ('119952','8.36','www.421market.com/brand4','4');
INSERT INTO Model VALUES ('129613','119.89','www.421market.com/brand14','2');
INSERT INTO Model VALUES ('107433','25.87','www.421market.com/brand17','4');
INSERT INTO Model VALUES ('120866','335.37','www.421market.com/brand13','6');
INSERT INTO Model VALUES ('126935','459.68','www.421market.com/brand5','6');
INSERT INTO Model VALUES ('111138','5.61','www.421market.com/brand10','3');
INSERT INTO Model VALUES ('111563','281.52','www.421market.com/brand17','5');
INSERT INTO Belongs VALUES ('category4','121018');
INSERT INTO Belongs VALUES ('category7','101999');
INSERT INTO Belongs VALUES ('category13','101999');
INSERT INTO Belongs VALUES ('category19','113649');
INSERT INTO Belongs VALUES ('category11','115663');
INSERT INTO Belongs VALUES ('category18','115663');
INSERT INTO Belongs VALUES ('category5','112251');
INSERT INTO Belongs VALUES ('category6','103855');
INSERT INTO Belongs VALUES ('category2','103855');
INSERT INTO Belongs VALUES ('category7','103591');
INSERT INTO Belongs VALUES ('category18','102270');
INSERT INTO Belongs VALUES ('category12','102270');
INSERT INTO Belongs VALUES ('category5','104645');
INSERT INTO Belongs VALUES ('category9','131848');
INSERT INTO Belongs VALUES ('category7','131848');
INSERT INTO Belongs VALUES ('category18','116582');
INSERT INTO Belongs VALUES ('category10','116582');
INSERT INTO Belongs VALUES ('category19','129314');
INSERT INTO Belongs VALUES ('category5','131667');
INSERT INTO Belongs VALUES ('category18','131667');
INSERT INTO Belongs VALUES ('category17','100899');
INSERT INTO Belongs VALUES ('category12','108578');
INSERT INTO Belongs VALUES ('category3','116119');
INSERT INTO Belongs VALUES ('category2','116119');
INSERT INTO Belongs VALUES ('category11','116119');
INSERT INTO Belongs VALUES ('category6','131923');
INSERT INTO Belongs VALUES ('category20','131923');
INSERT INTO Belongs VALUES ('category5','131923');
INSERT INTO Belongs VALUES ('category16','119952');
INSERT INTO Belongs VALUES ('category3','129613');
INSERT INTO Belongs VALUES ('category14','107433');
INSERT INTO Belongs VALUES ('category17','107433');
INSERT INTO Belongs VALUES ('category8','120866');
INSERT INTO Belongs VALUES ('category1','120866');
INSERT INTO Belongs VALUES ('category8','126935');
INSERT INTO Belongs VALUES ('category2','126935');
INSERT INTO Belongs VALUES ('category17','126935');
INSERT INTO Belongs VALUES ('category11','111138');
INSERT INTO Belongs VALUES ('category3','111138');
INSERT INTO Belongs VALUES ('category9','111563');
INSERT INTO Belongs VALUES ('category1','111563');
INSERT INTO Belongs VALUES ('category2','111563');
INSERT INTO User VALUES ('100000001');
INSERT INTO User VALUES ('100000002');
INSERT INTO User VALUES ('100000003');
INSERT INTO User VALUES ('100000004');
INSERT INTO User VALUES ('100000005');
INSERT INTO User VALUES ('100000006');
INSERT INTO User VALUES ('100000007');
INSERT INTO User VALUES ('100000008');
INSERT INTO User VALUES ('100000009');
INSERT INTO User VALUES ('100000010');
INSERT INTO User VALUES ('100000011');
INSERT INTO User VALUES ('100000012');
INSERT INTO User VALUES ('100000013');
INSERT INTO User VALUES ('100000014');
INSERT INTO User VALUES ('100000015');
INSERT INTO User VALUES ('100000016');
INSERT INTO User VALUES ('100000017');
INSERT INTO User VALUES ('100000018');
INSERT INTO User VALUES ('100000019');
INSERT INTO User VALUES ('100000020');
INSERT INTO User VALUES ('100000021');
INSERT INTO User VALUES ('100000022');
INSERT INTO User VALUES ('100000023');
INSERT INTO User VALUES ('100000024');
INSERT INTO User VALUES ('100000025');
INSERT INTO User VALUES ('110000001');
INSERT INTO User VALUES ('110000002');
INSERT INTO User VALUES ('110000003');
INSERT INTO User VALUES ('110000004');
INSERT INTO User VALUES ('110000005');
INSERT INTO User VALUES ('110000006');
INSERT INTO User VALUES ('110000007');
INSERT INTO User VALUES ('110000008');
INSERT INTO User VALUES ('110000009');
INSERT INTO User VALUES ('110000010');
INSERT INTO User VALUES ('110000011');
INSERT INTO User VALUES ('110000012');
INSERT INTO User VALUES ('110000013');
INSERT INTO User VALUES ('110000014');
INSERT INTO User VALUES ('110000015');
INSERT INTO User VALUES ('110000016');
INSERT INTO User VALUES ('110000017');
INSERT INTO User VALUES ('110000018');
INSERT INTO User VALUES ('110000019');
INSERT INTO User VALUES ('110000020');
INSERT INTO User VALUES ('110000021');
INSERT INTO User VALUES ('110000022');
INSERT INTO User VALUES ('110000023');
INSERT INTO User VALUES ('110000024');
INSERT INTO User VALUES ('110000025');
INSERT INTO User VALUES ('200000001');
INSERT INTO User VALUES ('200000002');
INSERT INTO User VALUES ('200000003');
INSERT INTO User VALUES ('200000004');
INSERT INTO User VALUES ('200000005');
INSERT INTO User VALUES ('200000006');
INSERT INTO User VALUES ('200000007');
INSERT INTO User VALUES ('200000008');
INSERT INTO User VALUES ('200000009');
INSERT INTO User VALUES ('200000010');
INSERT INTO User VALUES ('200000011');
INSERT INTO User VALUES ('200000012');
INSERT INTO User VALUES ('200000013');
INSERT INTO User VALUES ('200000014');
INSERT INTO User VALUES ('200000015');
INSERT INTO User VALUES ('200000016');
INSERT INTO User VALUES ('200000017');
INSERT INTO User VALUES ('200000018');
INSERT INTO User VALUES ('200000019');
INSERT INTO User VALUES ('200000020');
INSERT INTO User VALUES ('200000021');
INSERT INTO User VALUES ('200000022');
INSERT INTO User VALUES ('200000023');
INSERT INTO User VALUES ('200000024');
INSERT INTO User VALUES ('200000025');
INSERT INTO User VALUES ('300000001');
INSERT INTO User VALUES ('300000002');
INSERT INTO User VALUES ('300000003');
INSERT INTO User VALUES ('300000004');
INSERT INTO User VALUES ('300000005');
INSERT INTO User VALUES ('300000006');
INSERT INTO User VALUES ('300000007');
INSERT INTO User VALUES ('300000008');
INSERT INTO User VALUES ('300000009');
INSERT INTO User VALUES ('300000010');
INSERT INTO User VALUES ('300000011');
INSERT INTO User VALUES ('300000012');
INSERT INTO User VALUES ('300000013');
INSERT INTO User VALUES ('300000014');
INSERT INTO User VALUES ('300000015');
INSERT INTO User VALUES ('300000016');
INSERT INTO User VALUES ('300000017');
INSERT INTO User VALUES ('300000018');
INSERT INTO User VALUES ('300000019');
INSERT INTO User VALUES ('300000020');
INSERT INTO User VALUES ('300000021');
INSERT INTO User VALUES ('300000022');
INSERT INTO User VALUES ('300000023');
INSERT INTO User VALUES ('300000024');
INSERT INTO User VALUES ('300000025');
INSERT INTO Customer VALUES ('100000001','2000-01-01','password','user100000001@example.com','User 100000001');
INSERT INTO Customer VALUES ('100000002','2000-01-01','password','user100000002@example.com','User 100000002');
INSERT INTO Customer VALUES ('100000003','2000-01-01','password','user100000003@example.com','User 100000003');
INSERT INTO Customer VALUES ('100000004','2000-01-01','password','user100000004@example.com','User 100000004');
INSERT INTO Customer VALUES ('100000005','2000-01-01','password','user100000005@example.com','User 100000005');
INSERT INTO Customer VALUES ('100000006','2000-01-01','password','user100000006@example.com','User 100000006');
INSERT INTO Customer VALUES ('100000007','2000-01-01','password','user100000007@example.com','User 100000007');
INSERT INTO Customer VALUES ('100000008','2000-01-01','password','user100000008@example.com','User 100000008');
INSERT INTO Customer VALUES ('100000009','2000-01-01','password','user100000009@example.com','User 100000009');
INSERT INTO Customer VALUES ('100000010','2000-01-01','password','user100000010@example.com','User 100000010');
INSERT INTO Customer VALUES ('100000011','2000-01-01','password','user100000011@example.com','User 100000011');
INSERT INTO Customer VALUES ('100000012','2000-01-01','password','user100000012@example.com','User 100000012');
INSERT INTO Customer VALUES ('100000013','2000-01-01','password','user100000013@example.com','User 100000013');
INSERT INTO Customer VALUES ('100000014','2000-01-01','password','user100000014@example.com','User 100000014');
INSERT INTO Customer VALUES ('100000015','2000-01-01','password','user100000015@example.com','User 100000015');
INSERT INTO Customer VALUES ('100000016','2000-01-01','password','user100000016@example.com','User 100000016');
INSERT INTO Customer VALUES ('100000017','2000-01-01','password','user100000017@example.com','User 100000017');
INSERT INTO Customer VALUES ('100000018','2000-01-01','password','user100000018@example.com','User 100000018');
INSERT INTO Customer VALUES ('100000019','2000-01-01','password','user100000019@example.com','User 100000019');
INSERT INTO Customer VALUES ('100000020','2000-01-01','password','user100000020@example.com','User 100000020');
INSERT INTO Customer VALUES ('100000021','2000-01-01','password','user100000021@example.com','User 100000021');
INSERT INTO Customer VALUES ('100000022','2000-01-01','password','user100000022@example.com','User 100000022');
INSERT INTO Customer VALUES ('100000023','2000-01-01','password','user100000023@example.com','User 100000023');
INSERT INTO Customer VALUES ('100000024','2000-01-01','password','user100000024@example.com','User 100000024');
INSERT INTO Customer VALUES ('100000025','2000-01-01','password','user100000025@example.com','User 100000025');
INSERT INTO Customer VALUES ('110000001','2000-01-01','password','user110000001@example.com','User 110000001');
INSERT INTO Customer VALUES ('110000002','2000-01-01','password','user110000002@example.com','User 110000002');
INSERT INTO Customer VALUES ('110000003','2000-01-01','password','user110000003@example.com','User 110000003');
INSERT INTO Customer VALUES ('110000004','2000-01-01','password','user110000004@example.com','User 110000004');
INSERT INTO Customer VALUES ('110000005','2000-01-01','password','user110000005@example.com','User 110000005');
INSERT INTO Customer VALUES ('110000006','2000-01-01','password','user110000006@example.com','User 110000006');
INSERT INTO Customer VALUES ('110000007','2000-01-01','password','user110000007@example.com','User 110000007');
INSERT INTO Customer VALUES ('110000008','2000-01-01','password','user110000008@example.com','User 110000008');
INSERT INTO Customer VALUES ('110000009','2000-01-01','password','user110000009@example.com','User 110000009');
INSERT INTO Customer VALUES ('110000010','2000-01-01','password','user110000010@example.com','User 110000010');
INSERT INTO Customer VALUES ('110000011','2000-01-01','password','user110000011@example.com','User 110000011');
INSERT INTO Customer VALUES ('110000012','2000-01-01','password','user110000012@example.com','User 110000012');
INSERT INTO Customer VALUES ('110000013','2000-01-01','password','user110000013@example.com','User 110000013');
INSERT INTO Customer VALUES ('110000014','2000-01-01','password','user110000014@example.com','User 110000014');
INSERT INTO Customer VALUES ('110000015','2000-01-01','password','user110000015@example.com','User 110000015');
INSERT INTO Customer VALUES ('110000016','2000-01-01','password','user110000016@example.com','User 110000016');
INSERT INTO Customer VALUES ('110000017','2000-01-01','password','user110000017@example.com','User 110000017');
INSERT INTO Customer VALUES ('110000018','2000-01-01','password','user110000018@example.com','User 110000018');
INSERT INTO Customer VALUES ('110000019','2000-01-01','password','user110000019@example.com','User 110000019');
INSERT INTO Customer VALUES ('110000020','2000-01-01','password','user110000020@example.com','User 110000020');
INSERT INTO Customer VALUES ('110000021','2000-01-01','password','user110000021@example.com','User 110000021');
INSERT INTO Customer VALUES ('110000022','2000-01-01','password','user110000022@example.com','User 110000022');
INSERT INTO Customer VALUES ('110000023','2000-01-01','password','user110000023@example.com','User 110000023');
INSERT INTO Customer VALUES ('110000024','2000-01-01','password','user110000024@example.com','User 110000024');
INSERT INTO Customer VALUES ('110000025','2000-01-01','password','user110000025@example.com','User 110000025');
INSERT INTO InCart VALUES ('100000001','111138','1');
INSERT INTO InCart VALUES ('100000001','126935','2');
INSERT INTO InCart VALUES ('100000001','102270','2');
INSERT INTO InCart VALUES ('100000002','111062','3');
INSERT INTO InCart VALUES ('100000002','112251','1');
INSERT INTO InCart VALUES ('100000002','117778','2');
INSERT INTO InCart VALUES ('100000002','129613','2');
INSERT INTO InCart VALUES ('100000003','103855','1');
INSERT INTO InCart VALUES ('100000004','129314','2');
INSERT INTO InCart VALUES ('100000004','121018','3');
INSERT INTO InCart VALUES ('100000005','131923','3');
INSERT INTO InCart VALUES ('100000005','104645','2');
INSERT INTO InCart VALUES ('100000005','112724','1');
INSERT INTO InCart VALUES ('100000005','116582','1');
INSERT INTO InCart VALUES ('100000005','101999','1');
INSERT INTO InCart VALUES ('100000007','121018','2');
INSERT INTO InCart VALUES ('100000007','129314','1');
INSERT INTO InCart VALUES ('100000007','103591','2');
INSERT INTO InCart VALUES ('100000009','103741','2');
INSERT INTO InCart VALUES ('100000009','116582','2');
INSERT INTO InCart VALUES ('100000010','103855','2');
INSERT INTO InCart VALUES ('100000010','107433','2');
INSERT INTO InCart VALUES ('100000010','120866','1');
INSERT INTO InCart VALUES ('100000010','103741','1');
INSERT INTO InCart VALUES ('100000011','131667','3');
INSERT INTO InCart VALUES ('100000012','116119','1');
INSERT INTO InCart VALUES ('100000013','111138','1');
INSERT INTO InCart VALUES ('100000013','121018','3');
INSERT INTO InCart VALUES ('100000013','103741','1');
INSERT INTO InCart VALUES ('100000013','100899','3');
INSERT INTO InCart VALUES ('100000014','104645','2');
INSERT INTO InCart VALUES ('100000015','116582','3');
INSERT INTO InCart VALUES ('100000015','111138','1');
INSERT INTO InCart VALUES ('100000015','112724','2');
INSERT INTO InCart VALUES ('100000015','111563','1');
INSERT INTO InCart VALUES ('100000016','116582','2');
INSERT INTO InCart VALUES ('100000016','108918','1');
INSERT INTO InCart VALUES ('100000016','131848','1');
INSERT INTO InCart VALUES ('100000016','103418','1');
INSERT INTO InCart VALUES ('100000016','112724','2');
INSERT INTO InCart VALUES ('100000017','111138','3');
INSERT INTO InCart VALUES ('100000018','112724','3');
INSERT INTO InCart VALUES ('100000018','100899','1');
INSERT INTO InCart VALUES ('100000020','113649','1');
INSERT INTO InCart VALUES ('100000020','107433','3');
INSERT INTO InCart VALUES ('100000020','103591','1');
INSERT INTO InCart VALUES ('100000021','129613','2');
INSERT INTO InCart VALUES ('100000021','100899','1');
INSERT INTO InCart VALUES ('100000021','117778','3');
INSERT INTO InCart VALUES ('100000022','116582','3');
INSERT INTO InCart VALUES ('100000022','111138','2');
INSERT INTO InCart VALUES ('100000022','126935','2');
INSERT INTO InCart VALUES ('100000023','102270','1');
INSERT INTO InCart VALUES ('100000023','119952','1');
INSERT INTO InCart VALUES ('100000023','103855','1');
INSERT INTO InCart VALUES ('100000023','131667','3');
INSERT INTO InCart VALUES ('100000023','129613','2');
INSERT INTO InCart VALUES ('100000024','126935','3');
INSERT INTO InCart VALUES ('100000024','103591','3');
INSERT INTO InCart VALUES ('100000024','111563','1');
INSERT INTO InCart VALUES ('100000024','107433','1');
INSERT INTO InCart VALUES ('110000002','111062','1');
INSERT INTO InCart VALUES ('110000002','131923','3');
INSERT INTO InCart VALUES ('110000002','111138','2');
INSERT INTO InCart VALUES ('110000002','102270','3');
INSERT INTO InCart VALUES ('110000003','119952','3');
INSERT INTO InCart VALUES ('110000004','119952','3');
INSERT INTO InCart VALUES ('110000004','103855','1');
INSERT INTO InCart VALUES ('110000004','116582','1');
INSERT INTO InCart VALUES ('110000004','131923','3');
INSERT INTO InCart VALUES ('110000005','121018','2');
INSERT INTO InCart VALUES ('110000005','111138','1');
INSERT INTO InCart VALUES ('110000005','129613','3');
INSERT INTO InCart VALUES ('110000005','131848','3');
INSERT INTO InCart VALUES ('110000006','102270','3');
INSERT INTO InCart VALUES ('110000006','117778','3');
INSERT INTO InCart VALUES ('110000006','120866','2');
INSERT INTO InCart VALUES ('110000006','103591','3');
INSERT INTO InCart VALUES ('110000007','100899','2');
INSERT INTO InCart VALUES ('110000007','131848','3');
INSERT INTO InCart VALUES ('110000008','120866','1');
INSERT INTO InCart VALUES ('110000008','103855','3');
INSERT INTO InCart VALUES ('110000008','102270','2');
INSERT INTO InCart VALUES ('110000009','103741','3');
INSERT INTO InCart VALUES ('110000009','113649','2');
INSERT INTO InCart VALUES ('110000009','129613','1');
INSERT INTO InCart VALUES ('110000010','111563','3');
INSERT INTO InCart VALUES ('110000010','121018','3');
INSERT INTO InCart VALUES ('110000013','129314','3');
INSERT INTO InCart VALUES ('110000013','116582','2');
INSERT INTO InCart VALUES ('110000014','101999','2');
INSERT INTO InCart VALUES ('110000014','129314','2');
INSERT INTO InCart VALUES ('110000014','107433','3');
INSERT INTO InCart VALUES ('110000014','126935','1');
INSERT INTO InCart VALUES ('110000015','112724','1');
INSERT INTO InCart VALUES ('110000017','103418','1');
INSERT INTO InCart VALUES ('110000017','120866','3');
INSERT INTO InCart VALUES ('110000017','115663','3');
INSERT INTO InCart VALUES ('110000017','108578','2');
INSERT INTO InCart VALUES ('110000018','131667','1');
INSERT INTO InCart VALUES ('110000018','121018','3');
INSERT INTO InCart VALUES ('110000018','112251','3');
INSERT INTO InCart VALUES ('110000018','115663','1');
INSERT INTO InCart VALUES ('110000018','116119','3');
INSERT INTO InCart VALUES ('110000019','117778','3');
INSERT INTO InCart VALUES ('110000019','121018','1');
INSERT INTO InCart VALUES ('110000019','115663','2');
INSERT INTO InCart VALUES ('110000019','120866','2');
INSERT INTO InCart VALUES ('110000021','111563','2');
INSERT INTO InCart VALUES ('110000022','108578','1');
INSERT INTO InCart VALUES ('110000022','112724','1');
INSERT INTO InCart VALUES ('110000023','119952','3');
INSERT INTO InCart VALUES ('110000023','103591','1');
INSERT INTO InCart VALUES ('110000023','103855','2');
INSERT INTO InCart VALUES ('110000023','111563','3');
INSERT INTO InCart VALUES ('110000023','107433','1');
INSERT INTO InCart VALUES ('110000025','120866','2');
INSERT INTO InCart VALUES ('110000025','112724','2');
INSERT INTO InCart VALUES ('110000025','116119','2');
INSERT INTO InCart VALUES ('110000025','103855','3');
INSERT INTO InCart VALUES ('110000025','131667','2');
INSERT INTO InCart VALUES ('200000001','104645','2');
INSERT INTO InCart VALUES ('200000001','103741','2');
INSERT INTO InCart VALUES ('200000002','108918','2');
INSERT INTO InCart VALUES ('200000002','103741','1');
INSERT INTO InCart VALUES ('200000002','111138','3');
INSERT INTO InCart VALUES ('200000003','104645','3');
INSERT INTO InCart VALUES ('200000003','102270','3');
INSERT INTO InCart VALUES ('200000003','116582','2');
INSERT INTO InCart VALUES ('200000004','126935','1');
INSERT INTO InCart VALUES ('200000005','108918','2');
INSERT INTO InCart VALUES ('200000005','112251','2');
INSERT INTO InCart VALUES ('200000005','103591','1');
INSERT INTO InCart VALUES ('200000005','116582','2');
INSERT INTO InCart VALUES ('200000005','111138','3');
INSERT INTO InCart VALUES ('200000006','104645','1');
INSERT INTO InCart VALUES ('200000008','104645','1');
INSERT INTO InCart VALUES ('200000008','101999','1');
INSERT INTO InCart VALUES ('200000008','126935','3');
INSERT INTO InCart VALUES ('200000008','120866','3');
INSERT INTO InCart VALUES ('200000008','117778','1');
INSERT INTO InCart VALUES ('200000009','131923','2');
INSERT INTO InCart VALUES ('200000009','108578','2');
INSERT INTO InCart VALUES ('200000009','129613','3');
INSERT INTO InCart VALUES ('200000009','104645','1');
INSERT INTO InCart VALUES ('200000009','111062','2');
INSERT INTO InCart VALUES ('200000010','107433','3');
INSERT INTO InCart VALUES ('200000010','113649','1');
INSERT INTO InCart VALUES ('200000010','108918','2');
INSERT INTO InCart VALUES ('200000011','129314','3');
INSERT INTO InCart VALUES ('200000011','111062','1');
INSERT INTO InCart VALUES ('200000011','102270','2');
INSERT INTO InCart VALUES ('200000011','115663','1');
INSERT INTO InCart VALUES ('200000011','117778','2');
INSERT INTO InCart VALUES ('200000012','103855','1');
INSERT INTO InCart VALUES ('200000013','113649','3');
INSERT INTO InCart VALUES ('200000013','112251','1');
INSERT INTO InCart VALUES ('200000013','112724','1');
INSERT INTO InCart VALUES ('200000014','121018','2');
INSERT INTO InCart VALUES ('200000014','126935','1');
INSERT INTO InCart VALUES ('200000014','115663','1');
INSERT INTO InCart VALUES ('200000016','100899','1');
INSERT INTO InCart VALUES ('200000016','121018','1');
INSERT INTO InCart VALUES ('200000016','104645','3');
INSERT INTO InCart VALUES ('200000016','111138','2');
INSERT INTO InCart VALUES ('200000016','108578','3');
INSERT INTO InCart VALUES ('200000017','103418','1');
INSERT INTO InCart VALUES ('200000017','112724','3');
INSERT INTO InCart VALUES ('200000017','116119','3');
INSERT INTO InCart VALUES ('200000017','102270','2');
INSERT INTO InCart VALUES ('200000017','108918','3');
INSERT INTO InCart VALUES ('200000018','108578','2');
INSERT INTO InCart VALUES ('200000019','112251','1');
INSERT INTO InCart VALUES ('200000019','100899','3');
INSERT INTO InCart VALUES ('200000019','120866','3');
INSERT INTO InCart VALUES ('200000019','116582','3');
INSERT INTO InCart VALUES ('200000021','119952','1');
INSERT INTO InCart VALUES ('200000021','112724','3');
INSERT INTO InCart VALUES ('200000021','102270','3');
INSERT INTO InCart VALUES ('200000021','103418','2');
INSERT INTO InCart VALUES ('200000021','126935','3');
INSERT INTO InCart VALUES ('200000022','103591','1');
INSERT INTO InCart VALUES ('200000022','116582','1');
INSERT INTO InCart VALUES ('200000022','100899','2');
INSERT INTO InCart VALUES ('200000022','115663','3');
INSERT INTO InCart VALUES ('200000023','117778','3');
INSERT INTO InCart VALUES ('200000024','111563','2');
INSERT INTO InCart VALUES ('200000025','131848','1');
INSERT INTO InCart VALUES ('200000025','108578','2');
INSERT INTO InCart VALUES ('300000001','117778','2');
INSERT INTO InCart VALUES ('300000003','131667','2');
INSERT INTO InCart VALUES ('300000003','116119','1');
INSERT INTO InCart VALUES ('300000004','120866','3');
INSERT INTO InCart VALUES ('300000004','131848','1');
INSERT INTO InCart VALUES ('300000004','111062','1');
INSERT INTO InCart VALUES ('300000004','129613','1');
INSERT INTO InCart VALUES ('300000004','101999','3');
INSERT INTO InCart VALUES ('300000005','107433','3');
INSERT INTO InCart VALUES ('300000005','117778','2');
INSERT INTO InCart VALUES ('300000005','121018','1');
INSERT INTO InCart VALUES ('300000005','108918','3');
INSERT INTO InCart VALUES ('300000006','129613','2');
INSERT INTO InCart VALUES ('300000006','107433','3');
INSERT INTO InCart VALUES ('300000006','117778','1');
INSERT INTO InCart VALUES ('300000006','103591','2');
INSERT INTO InCart VALUES ('300000006','116582','2');
INSERT INTO InCart VALUES ('300000007','116582','1');
INSERT INTO InCart VALUES ('300000008','131848','2');
INSERT INTO InCart VALUES ('300000008','129314','1');
INSERT INTO InCart VALUES ('300000008','112251','1');
INSERT INTO InCart VALUES ('300000008','115663','2');
INSERT INTO InCart VALUES ('300000010','108578','3');
INSERT INTO InCart VALUES ('300000010','107433','2');
INSERT INTO InCart VALUES ('300000010','126935','1');
INSERT INTO InCart VALUES ('300000010','112251','3');
INSERT INTO InCart VALUES ('300000015','129314','2');
INSERT INTO InCart VALUES ('300000015','111062','1');
INSERT INTO InCart VALUES ('300000015','119952','3');
INSERT INTO InCart VALUES ('300000015','112724','1');
INSERT INTO InCart VALUES ('300000015','102270','3');
INSERT INTO InCart VALUES ('300000016','111062','1');
INSERT INTO InCart VALUES ('300000016','111138','3');
INSERT INTO InCart VALUES ('300000016','131848','1');
INSERT INTO InCart VALUES ('300000016','116582','1');
INSERT INTO InCart VALUES ('300000016','126935','1');
INSERT INTO InCart VALUES ('300000017','129314','1');
INSERT INTO InCart VALUES ('300000017','104645','2');
INSERT INTO InCart VALUES ('300000019','112724','3');
INSERT INTO InCart VALUES ('300000019','131848','2');
INSERT INTO InCart VALUES ('300000020','103741','3');
INSERT INTO InCart VALUES ('300000020','129314','2');
INSERT INTO InCart VALUES ('300000020','131923','1');
INSERT INTO InCart VALUES ('300000021','131667','3');
INSERT INTO InCart VALUES ('300000021','103741','3');
INSERT INTO InCart VALUES ('300000021','107433','2');
INSERT INTO InCart VALUES ('300000021','111138','3');
INSERT INTO InCart VALUES ('300000021','120866','1');
INSERT INTO InCart VALUES ('300000022','120866','1');
INSERT INTO InCart VALUES ('300000024','107433','1');
INSERT INTO InCart VALUES ('300000025','131667','2');
INSERT INTO InCart VALUES ('300000025','131923','1');
INSERT INTO InCart VALUES ('300000025','100899','2');
INSERT INTO InCart VALUES ('300000025','126935','3');
INSERT INTO Member VALUES ('110000001','2022-12-31','100');
INSERT INTO Member VALUES ('110000002','2022-12-31','100');
INSERT INTO Member VALUES ('110000003','2022-12-31','100');
INSERT INTO Member VALUES ('110000004','2022-12-31','100');
INSERT INTO Member VALUES ('110000005','2022-12-31','100');
INSERT INTO Member VALUES ('110000006','2022-12-31','100');
INSERT INTO Member VALUES ('110000007','2022-12-31','100');
INSERT INTO Member VALUES ('110000008','2022-12-31','100');
INSERT INTO Member VALUES ('110000009','2022-12-31','100');
INSERT INTO Member VALUES ('110000010','2022-12-31','100');
INSERT INTO Member VALUES ('110000011','2022-12-31','100');
INSERT INTO Member VALUES ('110000012','2022-12-31','100');
INSERT INTO Member VALUES ('110000013','2022-12-31','100');
INSERT INTO Member VALUES ('110000014','2022-12-31','100');
INSERT INTO Member VALUES ('110000015','2022-12-31','100');
INSERT INTO Member VALUES ('110000016','2022-12-31','100');
INSERT INTO Member VALUES ('110000017','2022-12-31','100');
INSERT INTO Member VALUES ('110000018','2022-12-31','100');
INSERT INTO Member VALUES ('110000019','2022-12-31','100');
INSERT INTO Member VALUES ('110000020','2022-12-31','100');
INSERT INTO Member VALUES ('110000021','2022-12-31','100');
INSERT INTO Member VALUES ('110000022','2022-12-31','100');
INSERT INTO Member VALUES ('110000023','2022-12-31','100');
INSERT INTO Member VALUES ('110000024','2022-12-31','100');
INSERT INTO Member VALUES ('110000025','2022-12-31','100');
INSERT INTO Coupon VALUES ('110000001','120866','0.67','83','2022-09-15');
INSERT INTO Coupon VALUES ('110000001','103855','0.39','54','2024-05-16');
INSERT INTO Coupon VALUES ('110000001','116119','0.8','42','2025-11-15');
INSERT INTO Coupon VALUES ('110000001','100899','0.63','1','2022-12-09');
INSERT INTO Coupon VALUES ('110000001','102270','0.27','79','2025-08-27');
INSERT INTO Coupon VALUES ('110000002','100899','0.35','78','2023-11-16');
INSERT INTO Coupon VALUES ('110000002','126935','0.5','39','2025-02-23');
INSERT INTO Coupon VALUES ('110000002','107433','0.44','96','2022-11-02');
INSERT INTO Coupon VALUES ('110000002','116582','0.62','96','2023-05-03');
INSERT INTO Coupon VALUES ('110000003','116119','0.64','76','2024-11-16');
INSERT INTO Coupon VALUES ('110000003','112251','0.50','8','2023-09-08');
INSERT INTO Coupon VALUES ('110000004','131848','0.5','53','2025-03-23');
INSERT INTO Coupon VALUES ('110000004','129314','0.52','45','2024-05-13');
INSERT INTO Coupon VALUES ('110000006','111062','0.40','97','2023-03-02');
INSERT INTO Coupon VALUES ('110000006','131667','0.15','22','2025-09-15');
INSERT INTO Coupon VALUES ('110000006','115663','0.42','7','2025-02-13');
INSERT INTO Coupon VALUES ('110000006','103591','0.46','87','2023-12-28');
INSERT INTO Coupon VALUES ('110000006','100899','0.58','80','2023-08-03');
INSERT INTO Coupon VALUES ('110000007','112724','0.20','50','2026-01-18');
INSERT INTO Coupon VALUES ('110000007','103591','0.35','75','2025-09-20');
INSERT INTO Coupon VALUES ('110000008','108918','0.35','91','2025-04-20');
INSERT INTO Coupon VALUES ('110000008','131848','0.88','3','2025-10-13');
INSERT INTO Coupon VALUES ('110000008','129314','0.79','79','2022-09-22');
INSERT INTO Coupon VALUES ('110000008','116119','0.78','17','2024-06-06');
INSERT INTO Coupon VALUES ('110000009','112724','0.1','39','2023-07-18');
INSERT INTO Coupon VALUES ('110000010','101999','0.70','26','2023-12-19');
INSERT INTO Coupon VALUES ('110000010','102270','0.72','26','2023-12-11');
INSERT INTO Coupon VALUES ('110000010','115663','0.85','73','2022-09-14');
INSERT INTO Coupon VALUES ('110000011','103591','0.37','16','2024-02-26');
INSERT INTO Coupon VALUES ('110000011','107433','0.53','3','2022-04-22');
INSERT INTO Coupon VALUES ('110000011','104645','0.79','31','2024-10-12');
INSERT INTO Coupon VALUES ('110000011','103855','0.14','29','2025-02-22');
INSERT INTO Coupon VALUES ('110000012','119952','0.51','83','2022-05-28');
INSERT INTO Coupon VALUES ('110000012','104645','0.14','26','2022-01-10');
INSERT INTO Coupon VALUES ('110000012','121018','0.25','10','2022-09-20');
INSERT INTO Coupon VALUES ('110000012','107433','0.94','91','2025-06-20');
INSERT INTO Coupon VALUES ('110000012','103591','0.18','12','2022-06-02');
INSERT INTO Coupon VALUES ('110000013','111563','0.83','35','2026-02-17');
INSERT INTO Coupon VALUES ('110000014','108578','0.61','45','2024-08-10');
INSERT INTO Coupon VALUES ('110000014','113649','0.40','42','2023-02-27');
INSERT INTO Coupon VALUES ('110000015','111563','0.7','93','2022-05-23');
INSERT INTO Coupon VALUES ('110000015','116582','0.57','70','2024-07-11');
INSERT INTO Coupon VALUES ('110000015','116119','0.13','54','2024-08-19');
INSERT INTO Coupon VALUES ('110000015','131667','0.64','40','2025-08-03');
INSERT INTO Coupon VALUES ('110000015','111062','0.1','60','2024-11-10');
INSERT INTO Coupon VALUES ('110000016','113649','0.89','83','2022-07-21');
INSERT INTO Coupon VALUES ('110000016','101999','0.23','62','2025-09-09');
INSERT INTO Coupon VALUES ('110000016','111563','0.50','70','2024-01-26');
INSERT INTO Coupon VALUES ('110000016','126935','0.91','68','2023-11-12');
INSERT INTO Coupon VALUES ('110000017','121018','0.95','63','2026-12-13');
INSERT INTO Coupon VALUES ('110000018','117778','0.80','77','2022-03-12');
INSERT INTO Coupon VALUES ('110000018','111062','0.57','54','2022-08-09');
INSERT INTO Coupon VALUES ('110000020','103418','0.12','17','2025-07-08');
INSERT INTO Coupon VALUES ('110000020','129613','0.9','99','2026-04-28');
INSERT INTO Coupon VALUES ('110000020','111062','0.96','56','2022-09-18');
INSERT INTO Coupon VALUES ('110000020','131667','0.95','7','2025-09-10');
INSERT INTO Coupon VALUES ('110000020','112251','0.55','72','2026-01-17');
INSERT INTO Coupon VALUES ('110000021','103855','0.43','57','2026-12-18');
INSERT INTO Coupon VALUES ('110000021','102270','0.40','92','2025-01-03');
INSERT INTO Coupon VALUES ('110000021','103591','0.69','25','2025-07-22');
INSERT INTO Coupon VALUES ('110000022','121018','0.40','20','2024-01-11');
INSERT INTO Coupon VALUES ('110000022','126935','0.6','56','2022-11-09');
INSERT INTO Coupon VALUES ('110000022','112724','0.0','39','2026-10-10');
INSERT INTO Coupon VALUES ('110000022','131848','0.55','85','2023-11-09');
INSERT INTO Coupon VALUES ('110000022','119952','0.30','53','2023-04-14');
INSERT INTO Coupon VALUES ('110000023','104645','0.91','97','2023-02-11');
INSERT INTO Coupon VALUES ('110000023','113649','0.26','37','2022-12-18');
INSERT INTO Coupon VALUES ('110000023','116582','0.15','20','2024-09-06');
INSERT INTO Coupon VALUES ('110000023','112724','0.6','7','2022-12-07');
INSERT INTO Coupon VALUES ('110000023','103741','0.26','90','2023-08-23');
INSERT INTO Coupon VALUES ('110000024','103591','0.80','52','2024-03-12');
INSERT INTO Coupon VALUES ('110000024','111138','0.76','16','2022-08-15');
INSERT INTO Coupon VALUES ('110000024','103418','0.7','77','2022-08-03');
INSERT INTO Coupon VALUES ('110000025','103591','0.96','78','2022-09-09');
INSERT INTO Coupon VALUES ('110000025','116582','0.26','8','2026-04-19');
INSERT INTO Coupon VALUES ('110000025','103741','0.68','59','2023-11-05');
INSERT INTO Admin VALUES ('200000001');
INSERT INTO Admin VALUES ('200000002');
INSERT INTO Admin VALUES ('200000003');
INSERT INTO Admin VALUES ('200000004');
INSERT INTO Admin VALUES ('200000005');
INSERT INTO Admin VALUES ('200000006');
INSERT INTO Admin VALUES ('200000007');
INSERT INTO Admin VALUES ('200000008');
INSERT INTO Admin VALUES ('200000009');
INSERT INTO Admin VALUES ('200000010');
INSERT INTO Admin VALUES ('200000011');
INSERT INTO Admin VALUES ('200000012');
INSERT INTO Admin VALUES ('200000013');
INSERT INTO Admin VALUES ('200000014');
INSERT INTO Admin VALUES ('200000015');
INSERT INTO Admin VALUES ('200000016');
INSERT INTO Admin VALUES ('200000017');
INSERT INTO Admin VALUES ('200000018');
INSERT INTO Admin VALUES ('200000019');
INSERT INTO Admin VALUES ('200000020');
INSERT INTO Admin VALUES ('200000021');
INSERT INTO Admin VALUES ('200000022');
INSERT INTO Admin VALUES ('200000023');
INSERT INTO Admin VALUES ('200000024');
INSERT INTO Admin VALUES ('200000025');
INSERT INTO Manages VALUES ('200000015','www.421market.com/brand6','2017-01-26','5');
INSERT INTO Manages VALUES ('200000022','www.421market.com/brand2','2018-05-20','5');
INSERT INTO Manages VALUES ('200000005','www.421market.com/brand4','2015-03-29','5');
INSERT INTO Manages VALUES ('200000008','www.421market.com/brand10','2017-08-18','5');
INSERT INTO Manages VALUES ('200000014','www.421market.com/brand17','2015-05-06','5');
INSERT INTO Manages VALUES ('200000007','www.421market.com/brand19','2018-02-20','5');
INSERT INTO Manages VALUES ('200000006','www.421market.com/brand13','2016-12-21','5');
INSERT INTO Manages VALUES ('200000024','www.421market.com/brand18','2023-12-21','5');
INSERT INTO Manages VALUES ('200000025','www.421market.com/brand3','2021-12-28','5');
INSERT INTO Manages VALUES ('200000013','www.421market.com/brand15','2019-04-15','5');
INSERT INTO Manages VALUES ('200000016','www.421market.com/brand5','2019-09-14','5');
INSERT INTO Manages VALUES ('200000003','www.421market.com/brand16','2020-02-03','5');
INSERT INTO Manages VALUES ('200000017','www.421market.com/brand1','2017-09-30','5');
INSERT INTO Manages VALUES ('200000019','www.421market.com/brand20','2018-07-26','5');
INSERT INTO Manages VALUES ('200000012','www.421market.com/brand14','2020-08-17','5');
INSERT INTO Manages VALUES ('200000018','www.421market.com/brand12','2020-03-06','5');
INSERT INTO Manages VALUES ('200000009','www.421market.com/brand9','2014-03-18','5');
INSERT INTO Manages VALUES ('200000004','www.421market.com/brand7','2016-11-08','5');
INSERT INTO Manages VALUES ('200000021','www.421market.com/brand8','2014-04-07','5');
INSERT INTO Manages VALUES ('200000020','www.421market.com/brand11','2016-05-03','5');
INSERT INTO Manages VALUES ('200000001','www.421market.com/brand18','2014-08-09','5');
INSERT INTO Manages VALUES ('200000001','www.421market.com/brand12','2021-09-25','2');
INSERT INTO Manages VALUES ('200000002','www.421market.com/brand11','2022-01-15','4');
INSERT INTO Manages VALUES ('200000002','www.421market.com/brand15','2021-09-19','2');
INSERT INTO Manages VALUES ('200000003','www.421market.com/brand6','2020-04-22','2');
INSERT INTO Manages VALUES ('200000004','www.421market.com/brand6','2014-04-15','4');
INSERT INTO Manages VALUES ('200000004','www.421market.com/brand20','2022-06-12','3');
INSERT INTO Manages VALUES ('200000005','www.421market.com/brand12','2014-10-10','4');
INSERT INTO Manages VALUES ('200000005','www.421market.com/brand11','2019-09-15','3');
INSERT INTO Manages VALUES ('200000005','www.421market.com/brand14','2019-08-23','2');
INSERT INTO Manages VALUES ('200000006','www.421market.com/brand11','2018-09-29','4');
INSERT INTO Manages VALUES ('200000007','www.421market.com/brand17','2014-03-25','3');
INSERT INTO Manages VALUES ('200000007','www.421market.com/brand15','2015-06-29','5');
INSERT INTO Manages VALUES ('200000009','www.421market.com/brand18','2019-07-15','5');
INSERT INTO Manages VALUES ('200000010','www.421market.com/brand6','2015-12-12','3');
INSERT INTO Manages VALUES ('200000010','www.421market.com/brand20','2017-04-03','3');
INSERT INTO Manages VALUES ('200000011','www.421market.com/brand12','2015-10-17','2');
INSERT INTO Manages VALUES ('200000011','www.421market.com/brand18','2022-01-30','5');
INSERT INTO Manages VALUES ('200000011','www.421market.com/brand7','2019-08-16','3');
INSERT INTO Manages VALUES ('200000014','www.421market.com/brand8','2018-07-22','5');
INSERT INTO Manages VALUES ('200000014','www.421market.com/brand7','2020-11-20','1');
INSERT INTO Manages VALUES ('200000015','www.421market.com/brand11','2023-09-07','1');
INSERT INTO Manages VALUES ('200000015','www.421market.com/brand18','2019-03-17','4');
INSERT INTO Manages VALUES ('200000016','www.421market.com/brand12','2020-01-16','1');
INSERT INTO Manages VALUES ('200000016','www.421market.com/brand11','2020-04-05','2');
INSERT INTO Manages VALUES ('200000017','www.421market.com/brand5','2022-06-14','3');
INSERT INTO Manages VALUES ('200000018','www.421market.com/brand16','2021-09-02','2');
INSERT INTO Manages VALUES ('200000018','www.421market.com/brand15','2020-12-13','1');
INSERT INTO Manages VALUES ('200000020','www.421market.com/brand16','2022-12-08','5');
INSERT INTO Manages VALUES ('200000020','www.421market.com/brand12','2016-09-12','5');
INSERT INTO Manages VALUES ('200000020','www.421market.com/brand7','2021-07-18','3');
INSERT INTO Manages VALUES ('200000021','www.421market.com/brand1','2021-06-26','5');
INSERT INTO Manages VALUES ('200000022','www.421market.com/brand14','2018-03-27','1');
INSERT INTO Manages VALUES ('200000022','www.421market.com/brand18','2018-11-13','1');
INSERT INTO Manages VALUES ('200000023','www.421market.com/brand15','2019-04-16','1');
INSERT INTO Manages VALUES ('200000023','www.421market.com/brand11','2014-10-21','1');
INSERT INTO Manages VALUES ('200000023','www.421market.com/brand8','2018-08-24','5');
INSERT INTO Manages VALUES ('200000024','www.421market.com/brand6','2019-04-17','5');
INSERT INTO Manages VALUES ('200000024','www.421market.com/brand12','2018-04-14','3');
INSERT INTO Manages VALUES ('200000025','www.421market.com/brand16','2014-10-06','5');
INSERT INTO Card VALUES ('1000000000005189','2024-04-03','100000001');
INSERT INTO Card VALUES ('1000000000012709','2024-03-26','100000001');
INSERT INTO Card VALUES ('1000000000025933','2027-08-23','100000001');
INSERT INTO Card VALUES ('1000000000017113','2029-02-06','100000002');
INSERT INTO Card VALUES ('1000000000021837','2028-12-18','100000002');
INSERT INTO Card VALUES ('1000000000029724','2027-08-29','100000002');
INSERT INTO Card VALUES ('1000000000001675','2025-12-17','100000002');
INSERT INTO Card VALUES ('1000000000030145','2024-08-15','100000005');
INSERT INTO Card VALUES ('1000000000004457','2028-04-01','100000005');
INSERT INTO Card VALUES ('1000000000031716','2024-02-20','100000005');
INSERT INTO Card VALUES ('1000000000011706','2028-01-04','100000007');
INSERT INTO Card VALUES ('1000000000022812','2027-06-24','100000007');
INSERT INTO Card VALUES ('1000000000021913','2024-10-01','100000008');
INSERT INTO Card VALUES ('1000000000001253','2024-10-23','100000009');
INSERT INTO Card VALUES ('1000000000021483','2025-10-08','100000009');
INSERT INTO Card VALUES ('1000000000001546','2027-03-16','100000009');
INSERT INTO Card VALUES ('1000000000028644','2024-07-25','100000009');
INSERT INTO Card VALUES ('1000000000027518','2024-12-01','100000010');
INSERT INTO Card VALUES ('1000000000015215','2028-11-17','100000010');
INSERT INTO Card VALUES ('1000000000025364','2027-11-26','100000010');
INSERT INTO Card VALUES ('1000000000025227','2026-03-23','100000011');
INSERT INTO Card VALUES ('1000000000008378','2028-02-01','100000011');
INSERT INTO Card VALUES ('1000000000026469','2024-11-30','100000012');
INSERT INTO Card VALUES ('1000000000012057','2028-11-18','100000012');
INSERT INTO Card VALUES ('1000000000008859','2026-03-19','100000013');
INSERT INTO Card VALUES ('1000000000019547','2028-12-17','100000013');
INSERT INTO Card VALUES ('1000000000003884','2025-03-04','100000014');
INSERT INTO Card VALUES ('1000000000007198','2027-06-15','100000014');
INSERT INTO Card VALUES ('1000000000022718','2026-07-21','100000014');
INSERT INTO Card VALUES ('1000000000012034','2027-03-08','100000014');
INSERT INTO Card VALUES ('1000000000002083','2026-12-05','100000015');
INSERT INTO Card VALUES ('1000000000029465','2029-01-10','100000015');
INSERT INTO Card VALUES ('1000000000011119','2026-10-02','100000015');
INSERT INTO Card VALUES ('1000000000024904','2029-01-02','100000015');
INSERT INTO Card VALUES ('1000000000016313','2027-07-29','100000016');
INSERT INTO Card VALUES ('1000000000000261','2028-12-20','100000016');
INSERT INTO Card VALUES ('1000000000011341','2028-03-01','100000016');
INSERT INTO Card VALUES ('1000000000024743','2026-07-05','100000016');
INSERT INTO Card VALUES ('1000000000002589','2027-06-09','100000017');
INSERT INTO Card VALUES ('1000000000009338','2025-08-21','100000017');
INSERT INTO Card VALUES ('1000000000024927','2028-09-19','100000017');
INSERT INTO Card VALUES ('1000000000023763','2028-01-26','100000017');
INSERT INTO Card VALUES ('1000000000005699','2027-08-01','100000018');
INSERT INTO Card VALUES ('1000000000022275','2026-04-20','100000019');
INSERT INTO Card VALUES ('1000000000001015','2024-10-11','100000019');
INSERT INTO Card VALUES ('1000000000014644','2025-04-11','100000020');
INSERT INTO Card VALUES ('1000000000012019','2025-05-11','100000020');
INSERT INTO Card VALUES ('1000000000032624','2027-05-09','100000020');
INSERT INTO Card VALUES ('1000000000000066','2024-05-12','100000021');
INSERT INTO Card VALUES ('1000000000021932','2028-02-25','100000021');
INSERT INTO Card VALUES ('1000000000010500','2025-04-14','100000021');
INSERT INTO Card VALUES ('1000000000005742','2027-05-09','100000023');
INSERT INTO Card VALUES ('1000000000007207','2026-08-12','100000023');
INSERT INTO Card VALUES ('1000000000029230','2026-09-28','100000023');
INSERT INTO Card VALUES ('1000000000024545','2025-12-30','110000001');
INSERT INTO Card VALUES ('1000000000027174','2024-09-27','110000002');
INSERT INTO Card VALUES ('1000000000003938','2028-01-05','110000002');
INSERT INTO Card VALUES ('1000000000012022','2024-06-25','110000002');
INSERT INTO Card VALUES ('1000000000004528','2027-06-08','110000003');
INSERT INTO Card VALUES ('1000000000009896','2026-08-12','110000003');
INSERT INTO Card VALUES ('1000000000031928','2025-08-31','110000003');
INSERT INTO Card VALUES ('1000000000022505','2026-03-03','110000004');
INSERT INTO Card VALUES ('1000000000020967','2028-07-19','110000004');
INSERT INTO Card VALUES ('1000000000022244','2025-01-20','110000004');
INSERT INTO Card VALUES ('1000000000016296','2025-02-08','110000005');
INSERT INTO Card VALUES ('1000000000026868','2024-07-25','110000006');
INSERT INTO Card VALUES ('1000000000017904','2028-02-06','110000006');
INSERT INTO Card VALUES ('1000000000022805','2027-03-04','110000006');
INSERT INTO Card VALUES ('1000000000006228','2027-12-16','110000008');
INSERT INTO Card VALUES ('1000000000017494','2029-01-15','110000008');
INSERT INTO Card VALUES ('1000000000004994','2025-07-20','110000008');
INSERT INTO Card VALUES ('1000000000005036','2028-08-24','110000009');
INSERT INTO Card VALUES ('1000000000010161','2025-11-04','110000009');
INSERT INTO Card VALUES ('1000000000022449','2025-07-31','110000010');
INSERT INTO Card VALUES ('1000000000026082','2024-03-16','110000010');
INSERT INTO Card VALUES ('1000000000029458','2027-09-04','110000011');
INSERT INTO Card VALUES ('1000000000004601','2028-02-21','110000013');
INSERT INTO Card VALUES ('1000000000020118','2025-12-14','110000015');
INSERT INTO Card VALUES ('1000000000008145','2026-05-21','110000015');
INSERT INTO Card VALUES ('1000000000026840','2025-06-12','110000016');
INSERT INTO Card VALUES ('1000000000016220','2024-04-25','110000017');
INSERT INTO Card VALUES ('1000000000000368','2024-06-07','110000017');
INSERT INTO Card VALUES ('1000000000006457','2025-03-07','110000017');
INSERT INTO Card VALUES ('1000000000002884','2026-05-21','110000018');
INSERT INTO Card VALUES ('1000000000004398','2025-09-23','110000018');
INSERT INTO Card VALUES ('1000000000008130','2024-05-05','110000018');
INSERT INTO Card VALUES ('1000000000014957','2026-03-02','110000018');
INSERT INTO Card VALUES ('1000000000014506','2028-10-03','110000020');
INSERT INTO Card VALUES ('1000000000002550','2027-04-30','110000020');
INSERT INTO Card VALUES ('1000000000024012','2025-01-21','110000020');
INSERT INTO Card VALUES ('1000000000001701','2024-11-04','110000021');
INSERT INTO Card VALUES ('1000000000018633','2026-04-09','110000021');
INSERT INTO Card VALUES ('1000000000005830','2028-10-02','110000021');
INSERT INTO Card VALUES ('1000000000001036','2028-02-13','110000022');
INSERT INTO Card VALUES ('1000000000018300','2025-05-13','110000022');
INSERT INTO Card VALUES ('1000000000024578','2026-09-16','110000024');
INSERT INTO Card VALUES ('1000000000021218','2027-09-26',NULL);
INSERT INTO Card VALUES ('1000000000025950','2025-07-31',NULL);
INSERT INTO Card VALUES ('1000000000008434','2028-05-13',NULL);
INSERT INTO Card VALUES ('1000000000010598','2027-03-06',NULL);
INSERT INTO Card VALUES ('1000000000014092','2028-05-01',NULL);
INSERT INTO Card VALUES ('1000000000020542','2027-04-01',NULL);
INSERT INTO Card VALUES ('1000000000017820','2027-08-26',NULL);
INSERT INTO Card VALUES ('1000000000022858','2028-12-27',NULL);
INSERT INTO Card VALUES ('1000000000022730','2026-03-24',NULL);
INSERT INTO Card VALUES ('1000000000008995','2027-01-03',NULL);
INSERT INTO Card VALUES ('1000000000030968','2028-08-04',NULL);
INSERT INTO Card VALUES ('1000000000003031','2025-12-25',NULL);
INSERT INTO Card VALUES ('1000000000018001','2026-01-02',NULL);
INSERT INTO Card VALUES ('1000000000013363','2025-06-16',NULL);
INSERT INTO Card VALUES ('1000000000007888','2024-09-19',NULL);
INSERT INTO Card VALUES ('1000000000013429','2028-09-11',NULL);
INSERT INTO Card VALUES ('1000000000030386','2025-09-04',NULL);
INSERT INTO Card VALUES ('1000000000025243','2024-07-08',NULL);
INSERT INTO Card VALUES ('1000000000027918','2027-03-11',NULL);
INSERT INTO Card VALUES ('1000000000001396','2027-07-21',NULL);
INSERT INTO Card VALUES ('1000000000004919','2028-03-20',NULL);
INSERT INTO Card VALUES ('1000000000030494','2028-11-06',NULL);
INSERT INTO Card VALUES ('1000000000012477','2024-11-28',NULL);
INSERT INTO Card VALUES ('1000000000023325','2025-11-19',NULL);
INSERT INTO Card VALUES ('1000000000018237','2026-02-03',NULL);
INSERT INTO Card VALUES ('1000000000001277','2026-02-15',NULL);
INSERT INTO Card VALUES ('1000000000029062','2028-05-29',NULL);
INSERT INTO Card VALUES ('1000000000021308','2028-05-07',NULL);
INSERT INTO Card VALUES ('1000000000020984','2026-10-25',NULL);
INSERT INTO Card VALUES ('1000000000004302','2028-06-20',NULL);
INSERT INTO Restock VALUES ('Supplier9','1','Location5','2024-01-28');
INSERT INTO Restock VALUES ('Supplier10','1','Location7','2023-08-17');
INSERT INTO Restock VALUES ('Supplier9','2','Location8','2024-01-19');
INSERT INTO Restock VALUES ('Supplier5','1','Location6','2023-04-23');
INSERT INTO Restock VALUES ('Supplier10','2','Location6','2023-03-16');
INSERT INTO Restock VALUES ('Supplier7','1','Location9','2023-11-16');
INSERT INTO Restock VALUES ('Supplier4','1','Location1','2023-08-27');
INSERT INTO Restock VALUES ('Supplier7','2','Location2','2023-05-20');
INSERT INTO Restock VALUES ('Supplier6','1','Location10','2023-12-09');
INSERT INTO Restock VALUES ('Supplier6','2','Location2','2023-06-15');
INSERT INTO Restock VALUES ('Supplier7','3','Location8','2024-01-13');
INSERT INTO Restock VALUES ('Supplier2','1','Location4','2024-01-07');
INSERT INTO Restock VALUES ('Supplier7','4','Location6','2023-11-24');
INSERT INTO Restock VALUES ('Supplier4','2','Location1','2024-02-05');
INSERT INTO Restock VALUES ('Supplier2','2','Location4','2023-08-31');
INSERT INTO Restock VALUES ('Supplier9','3','Location5','2023-05-02');
INSERT INTO Restock VALUES ('Supplier9','4','Location2','2023-06-03');
INSERT INTO Restock VALUES ('Supplier5','2','Location2','2023-03-27');
INSERT INTO Restock VALUES ('Supplier2','3','Location6','2023-05-16');
INSERT INTO Restock VALUES ('Supplier2','4','Location6','2023-02-25');
INSERT INTO Restock VALUES ('Supplier4','3','Location5','2023-11-24');
INSERT INTO Restock VALUES ('Supplier4','4','Location9','2023-03-18');
INSERT INTO Restock VALUES ('Supplier8','1','Location3','2023-06-11');
INSERT INTO Restock VALUES ('Supplier4','5','Location4','2023-06-12');
INSERT INTO Restock VALUES ('Supplier6','3','Location6','2023-03-05');
INSERT INTO Restock VALUES ('Supplier7','5','Location7','2023-09-14');
INSERT INTO Restock VALUES ('Supplier8','2','Location2','2023-10-23');
INSERT INTO Restock VALUES ('Supplier4','6','Location1','2023-05-04');
INSERT INTO Restock VALUES ('Supplier8','3','Location1','2023-07-04');
INSERT INTO Restock VALUES ('Supplier1','1','Location1','2023-05-11');
INSERT INTO Product VALUES ('121018','100000001',NULL,NULL,'Supplier4','6');
INSERT INTO Product VALUES ('121018','100000002',NULL,NULL,'Supplier7','1');
INSERT INTO Product VALUES ('121018','100000003',NULL,NULL,'Supplier6','1');
INSERT INTO Product VALUES ('121018','100000004',NULL,NULL,'Supplier2','1');
INSERT INTO Product VALUES ('121018','100000005',NULL,NULL,'Supplier9','1');
INSERT INTO Product VALUES ('121018','100000006',NULL,NULL,'Supplier8','3');
INSERT INTO Product VALUES ('121018','100000007',NULL,NULL,'Supplier8','3');
INSERT INTO Product VALUES ('121018','100000008',NULL,NULL,'Supplier4','1');
INSERT INTO Product VALUES ('121018','100000009',NULL,NULL,'Supplier7','1');
INSERT INTO Product VALUES ('121018','100000010',NULL,NULL,'Supplier2','4');
INSERT INTO Product VALUES ('121018','100000011',NULL,NULL,'Supplier9','1');
INSERT INTO Product VALUES ('101999','100000001',NULL,NULL,'Supplier7','3');
INSERT INTO Product VALUES ('101999','100000002',NULL,NULL,'Supplier4','4');
INSERT INTO Product VALUES ('101999','100000003',NULL,NULL,'Supplier8','2');
INSERT INTO Product VALUES ('101999','100000004',NULL,NULL,'Supplier9','1');
INSERT INTO Product VALUES ('101999','100000005',NULL,NULL,'Supplier7','2');
INSERT INTO Product VALUES ('101999','100000006',NULL,NULL,'Supplier2','4');
INSERT INTO Product VALUES ('101999','100000007',NULL,NULL,'Supplier8','2');
INSERT INTO Product VALUES ('101999','100000008',NULL,NULL,'Supplier7','3');
INSERT INTO Product VALUES ('101999','100000009',NULL,NULL,'Supplier5','1');
INSERT INTO Product VALUES ('113649','100000001',NULL,NULL,'Supplier7','5');
INSERT INTO Product VALUES ('113649','100000002',NULL,NULL,'Supplier6','2');
INSERT INTO Product VALUES ('113649','100000003',NULL,NULL,'Supplier4','2');
INSERT INTO Product VALUES ('113649','100000004',NULL,NULL,'Supplier9','1');
INSERT INTO Product VALUES ('113649','100000005',NULL,NULL,'Supplier7','2');
INSERT INTO Product VALUES ('113649','100000006',NULL,NULL,'Supplier1','1');
INSERT INTO Product VALUES ('113649','100000007',NULL,NULL,'Supplier6','1');
INSERT INTO Product VALUES ('113649','100000008',NULL,NULL,'Supplier9','2');
INSERT INTO Product VALUES ('111062','100000001',NULL,NULL,'Supplier8','3');
INSERT INTO Product VALUES ('111062','100000002',NULL,NULL,'Supplier7','2');
INSERT INTO Product VALUES ('111062','100000003',NULL,NULL,'Supplier2','1');
INSERT INTO Product VALUES ('111062','100000004',NULL,NULL,'Supplier2','1');
INSERT INTO Product VALUES ('111062','100000005',NULL,NULL,'Supplier10','1');
INSERT INTO Product VALUES ('111062','100000006',NULL,NULL,'Supplier8','1');
INSERT INTO Product VALUES ('111062','100000007',NULL,NULL,'Supplier7','5');
INSERT INTO Product VALUES ('115663','100000001',NULL,NULL,'Supplier7','3');
INSERT INTO Product VALUES ('115663','100000002',NULL,NULL,'Supplier8','3');
INSERT INTO Product VALUES ('115663','100000003',NULL,NULL,'Supplier7','5');
INSERT INTO Product VALUES ('115663','100000004',NULL,NULL,'Supplier5','2');
INSERT INTO Product VALUES ('115663','100000005',NULL,NULL,'Supplier2','2');
INSERT INTO Product VALUES ('115663','100000006',NULL,NULL,'Supplier7','3');
INSERT INTO Product VALUES ('115663','100000007',NULL,NULL,'Supplier10','1');
INSERT INTO Product VALUES ('115663','100000008',NULL,NULL,'Supplier2','1');
INSERT INTO Product VALUES ('115663','100000009',NULL,NULL,'Supplier4','3');
INSERT INTO Product VALUES ('103855','100000001',NULL,NULL,'Supplier4','5');
INSERT INTO Product VALUES ('103855','100000002',NULL,NULL,'Supplier9','4');
INSERT INTO Product VALUES ('103855','100000003',NULL,NULL,'Supplier1','1');
INSERT INTO Product VALUES ('103855','100000004',NULL,NULL,'Supplier7','2');
INSERT INTO Product VALUES ('103855','100000005',NULL,NULL,'Supplier10','1');
INSERT INTO Product VALUES ('103855','100000006',NULL,NULL,'Supplier8','1');
INSERT INTO Product VALUES ('108918','100000001',NULL,NULL,'Supplier4','3');
INSERT INTO Product VALUES ('108918','100000002',NULL,NULL,'Supplier5','2');
INSERT INTO Product VALUES ('117778','100000001',NULL,NULL,'Supplier5','2');
INSERT INTO Product VALUES ('117778','100000002',NULL,NULL,'Supplier9','4');
INSERT INTO Product VALUES ('117778','100000003',NULL,NULL,'Supplier2','1');
INSERT INTO Product VALUES ('117778','100000004',NULL,NULL,'Supplier6','3');
INSERT INTO Product VALUES ('117778','100000005',NULL,NULL,'Supplier7','1');
INSERT INTO Product VALUES ('117778','100000006',NULL,NULL,'Supplier6','3');
INSERT INTO Product VALUES ('117778','100000007',NULL,NULL,'Supplier10','2');
INSERT INTO Product VALUES ('103591','100000001',NULL,NULL,'Supplier7','1');
INSERT INTO Product VALUES ('103591','100000002',NULL,NULL,'Supplier7','3');
INSERT INTO Product VALUES ('103591','100000003',NULL,NULL,'Supplier2','2');
INSERT INTO Product VALUES ('103591','100000004',NULL,NULL,'Supplier10','2');
INSERT INTO Product VALUES ('103591','100000005',NULL,NULL,'Supplier2','4');
INSERT INTO Product VALUES ('103591','100000006',NULL,NULL,'Supplier4','3');
INSERT INTO Product VALUES ('103591','100000007',NULL,NULL,'Supplier10','2');
INSERT INTO Product VALUES ('103591','100000008',NULL,NULL,'Supplier10','1');
INSERT INTO Product VALUES ('103591','100000009',NULL,NULL,'Supplier6','3');
INSERT INTO Product VALUES ('103591','100000010',NULL,NULL,'Supplier8','1');
INSERT INTO Product VALUES ('103591','100000011',NULL,NULL,'Supplier2','3');
INSERT INTO Product VALUES ('102270','100000001',NULL,NULL,'Supplier2','1');
INSERT INTO Product VALUES ('102270','100000002',NULL,NULL,'Supplier5','1');
INSERT INTO Product VALUES ('102270','100000003',NULL,NULL,'Supplier10','1');
INSERT INTO Product VALUES ('102270','100000004',NULL,NULL,'Supplier7','3');
INSERT INTO Product VALUES ('102270','100000005',NULL,NULL,'Supplier2','2');
INSERT INTO Product VALUES ('102270','100000006',NULL,NULL,'Supplier1','1');
INSERT INTO Product VALUES ('102270','100000007',NULL,NULL,'Supplier2','4');
INSERT INTO Product VALUES ('102270','100000008',NULL,NULL,'Supplier1','1');
INSERT INTO Product VALUES ('102270','100000009',NULL,NULL,'Supplier6','2');
INSERT INTO Product VALUES ('102270','100000010',NULL,NULL,'Supplier9','3');
INSERT INTO Product VALUES ('102270','100000011',NULL,NULL,'Supplier7','2');
INSERT INTO Product VALUES ('102270','100000012',NULL,NULL,'Supplier10','2');
INSERT INTO Product VALUES ('104645','100000001',NULL,NULL,'Supplier7','4');
INSERT INTO Product VALUES ('104645','100000002',NULL,NULL,'Supplier4','3');
INSERT INTO Product VALUES ('104645','100000003',NULL,NULL,'Supplier10','2');
INSERT INTO Product VALUES ('104645','100000004',NULL,NULL,'Supplier8','1');
INSERT INTO Product VALUES ('104645','100000005',NULL,NULL,'Supplier4','2');
INSERT INTO Product VALUES ('104645','100000006',NULL,NULL,'Supplier4','5');
INSERT INTO Product VALUES ('104645','100000007',NULL,NULL,'Supplier7','4');
INSERT INTO Product VALUES ('112724','100000001',NULL,NULL,'Supplier5','1');
INSERT INTO Product VALUES ('112724','100000002',NULL,NULL,'Supplier8','1');
INSERT INTO Product VALUES ('112724','100000003',NULL,NULL,'Supplier4','3');
INSERT INTO Product VALUES ('112724','100000004',NULL,NULL,'Supplier9','4');
INSERT INTO Product VALUES ('112724','100000005',NULL,NULL,'Supplier9','3');
INSERT INTO Product VALUES ('112724','100000006',NULL,NULL,'Supplier6','3');
INSERT INTO Product VALUES ('112724','100000007',NULL,NULL,'Supplier5','1');
INSERT INTO Product VALUES ('112724','100000008',NULL,NULL,'Supplier5','2');
INSERT INTO Product VALUES ('112724','100000009',NULL,NULL,'Supplier4','6');
INSERT INTO Product VALUES ('112724','100000010',NULL,NULL,'Supplier10','2');
INSERT INTO Product VALUES ('112724','100000011',NULL,NULL,'Supplier4','1');
INSERT INTO Product VALUES ('112724','100000012',NULL,NULL,'Supplier4','5');
INSERT INTO Product VALUES ('131848','100000001',NULL,NULL,'Supplier10','2');
INSERT INTO Product VALUES ('131848','100000002',NULL,NULL,'Supplier7','4');
INSERT INTO Product VALUES ('131848','100000003',NULL,NULL,'Supplier7','1');
INSERT INTO Product VALUES ('131848','100000004',NULL,NULL,'Supplier5','2');
INSERT INTO Product VALUES ('116582','100000001',NULL,NULL,'Supplier4','1');
INSERT INTO Product VALUES ('116582','100000002',NULL,NULL,'Supplier4','3');
INSERT INTO Product VALUES ('116582','100000003',NULL,NULL,'Supplier6','2');
INSERT INTO Product VALUES ('116582','100000004',NULL,NULL,'Supplier8','1');
INSERT INTO Product VALUES ('116582','100000005',NULL,NULL,'Supplier5','1');
INSERT INTO Product VALUES ('116582','100000006',NULL,NULL,'Supplier6','3');
INSERT INTO Product VALUES ('116582','100000007',NULL,NULL,'Supplier2','3');
INSERT INTO Product VALUES ('116582','100000008',NULL,NULL,'Supplier5','1');
INSERT INTO Product VALUES ('129314','100000001',NULL,NULL,'Supplier4','2');
INSERT INTO Product VALUES ('129314','100000002',NULL,NULL,'Supplier10','2');
INSERT INTO Product VALUES ('129314','100000003',NULL,NULL,'Supplier4','6');
INSERT INTO Product VALUES ('129314','100000004',NULL,NULL,'Supplier7','2');
INSERT INTO Product VALUES ('129314','100000005',NULL,NULL,'Supplier8','3');
INSERT INTO Product VALUES ('131667','100000001',NULL,NULL,'Supplier5','1');
INSERT INTO Product VALUES ('131667','100000002',NULL,NULL,'Supplier10','2');
INSERT INTO Product VALUES ('131667','100000003',NULL,NULL,'Supplier9','4');
INSERT INTO Product VALUES ('131667','100000004',NULL,NULL,'Supplier5','2');
INSERT INTO Product VALUES ('131667','100000005',NULL,NULL,'Supplier2','4');
INSERT INTO Product VALUES ('131667','100000006',NULL,NULL,'Supplier2','2');
INSERT INTO Product VALUES ('131667','100000007',NULL,NULL,'Supplier10','2');
INSERT INTO Product VALUES ('131667','100000008',NULL,NULL,'Supplier4','3');
INSERT INTO Product VALUES ('131667','100000009',NULL,NULL,'Supplier7','5');
INSERT INTO Product VALUES ('131667','100000010',NULL,NULL,'Supplier8','3');
INSERT INTO Product VALUES ('131667','100000011',NULL,NULL,'Supplier8','2');
INSERT INTO Product VALUES ('131667','100000012',NULL,NULL,'Supplier1','1');
INSERT INTO Product VALUES ('131667','100000013',NULL,NULL,'Supplier10','1');
INSERT INTO Product VALUES ('100899','100000001',NULL,NULL,'Supplier2','2');
INSERT INTO Product VALUES ('100899','100000002',NULL,NULL,'Supplier9','1');
INSERT INTO Product VALUES ('100899','100000003',NULL,NULL,'Supplier7','2');
INSERT INTO Product VALUES ('100899','100000004',NULL,NULL,'Supplier9','4');
INSERT INTO Product VALUES ('100899','100000005',NULL,NULL,'Supplier7','4');
INSERT INTO Product VALUES ('100899','100000006',NULL,NULL,'Supplier7','3');
INSERT INTO Product VALUES ('100899','100000007',NULL,NULL,'Supplier8','1');
INSERT INTO Product VALUES ('100899','100000008',NULL,NULL,'Supplier9','4');
INSERT INTO Product VALUES ('100899','100000009',NULL,NULL,'Supplier4','6');
INSERT INTO Product VALUES ('100899','100000010',NULL,NULL,'Supplier6','1');
INSERT INTO Product VALUES ('100899','100000011',NULL,NULL,'Supplier8','1');
INSERT INTO Product VALUES ('100899','100000012',NULL,NULL,'Supplier9','3');
INSERT INTO Product VALUES ('100899','100000013',NULL,NULL,'Supplier2','4');
INSERT INTO Product VALUES ('108578','100000001',NULL,NULL,'Supplier2','2');
INSERT INTO Product VALUES ('116119','100000001',NULL,NULL,'Supplier2','2');
INSERT INTO Product VALUES ('116119','100000002',NULL,NULL,'Supplier7','4');
INSERT INTO Product VALUES ('116119','100000003',NULL,NULL,'Supplier6','1');
INSERT INTO Product VALUES ('116119','100000004',NULL,NULL,'Supplier2','4');
INSERT INTO Product VALUES ('116119','100000005',NULL,NULL,'Supplier8','3');
INSERT INTO Product VALUES ('116119','100000006',NULL,NULL,'Supplier7','5');
INSERT INTO Product VALUES ('116119','100000007',NULL,NULL,'Supplier5','2');
INSERT INTO Product VALUES ('116119','100000008',NULL,NULL,'Supplier7','1');
INSERT INTO Product VALUES ('116119','100000009',NULL,NULL,'Supplier5','2');
INSERT INTO Product VALUES ('131923','100000001',NULL,NULL,'Supplier8','1');
INSERT INTO Product VALUES ('131923','100000002',NULL,NULL,'Supplier4','2');
INSERT INTO Product VALUES ('131923','100000003',NULL,NULL,'Supplier4','1');
INSERT INTO Product VALUES ('131923','100000004',NULL,NULL,'Supplier4','3');
INSERT INTO Product VALUES ('131923','100000005',NULL,NULL,'Supplier7','4');
INSERT INTO Product VALUES ('131923','100000006',NULL,NULL,'Supplier2','3');
INSERT INTO Product VALUES ('131923','100000007',NULL,NULL,'Supplier2','1');
INSERT INTO Product VALUES ('131923','100000008',NULL,NULL,'Supplier10','1');
INSERT INTO Product VALUES ('103418','100000001',NULL,NULL,'Supplier5','2');
INSERT INTO Product VALUES ('103418','100000002',NULL,NULL,'Supplier10','1');
INSERT INTO Product VALUES ('103418','100000003',NULL,NULL,'Supplier4','1');
INSERT INTO Product VALUES ('103418','100000004',NULL,NULL,'Supplier10','2');
INSERT INTO Product VALUES ('103418','100000005',NULL,NULL,'Supplier4','6');
INSERT INTO Product VALUES ('103418','100000006',NULL,NULL,'Supplier8','2');
INSERT INTO Product VALUES ('103418','100000007',NULL,NULL,'Supplier6','3');
INSERT INTO Product VALUES ('103418','100000008',NULL,NULL,'Supplier4','1');
INSERT INTO Product VALUES ('103418','100000009',NULL,NULL,'Supplier7','4');
INSERT INTO Product VALUES ('119952','100000001',NULL,NULL,'Supplier2','2');
INSERT INTO Product VALUES ('119952','100000002',NULL,NULL,'Supplier4','3');
INSERT INTO Product VALUES ('119952','100000003',NULL,NULL,'Supplier7','5');
INSERT INTO Product VALUES ('129613','100000001',NULL,NULL,'Supplier1','1');
INSERT INTO Product VALUES ('129613','100000002',NULL,NULL,'Supplier10','1');
INSERT INTO Product VALUES ('129613','100000003',NULL,NULL,'Supplier8','1');
INSERT INTO Product VALUES ('129613','100000004',NULL,NULL,'Supplier4','1');
INSERT INTO Product VALUES ('129613','100000005',NULL,NULL,'Supplier5','1');
INSERT INTO Product VALUES ('129613','100000006',NULL,NULL,'Supplier6','2');
INSERT INTO Product VALUES ('107433','100000001',NULL,NULL,'Supplier4','5');
INSERT INTO Product VALUES ('107433','100000002',NULL,NULL,'Supplier8','1');
INSERT INTO Product VALUES ('107433','100000003',NULL,NULL,'Supplier6','2');
INSERT INTO Product VALUES ('107433','100000004',NULL,NULL,'Supplier2','2');
INSERT INTO Product VALUES ('107433','100000005',NULL,NULL,'Supplier7','3');
INSERT INTO Product VALUES ('107433','100000006',NULL,NULL,'Supplier8','1');
INSERT INTO Product VALUES ('107433','100000007',NULL,NULL,'Supplier7','2');
INSERT INTO Product VALUES ('107433','100000008',NULL,NULL,'Supplier6','1');
INSERT INTO Product VALUES ('107433','100000009',NULL,NULL,'Supplier2','1');
INSERT INTO Product VALUES ('107433','100000010',NULL,NULL,'Supplier4','3');
INSERT INTO Product VALUES ('107433','100000011',NULL,NULL,'Supplier4','4');
INSERT INTO Product VALUES ('107433','100000012',NULL,NULL,'Supplier9','2');
INSERT INTO Product VALUES ('107433','100000013',NULL,NULL,'Supplier4','3');
INSERT INTO Product VALUES ('107433','100000014',NULL,NULL,'Supplier9','1');
INSERT INTO Product VALUES ('120866','100000001',NULL,NULL,'Supplier9','2');
INSERT INTO Product VALUES ('120866','100000002',NULL,NULL,'Supplier6','1');
INSERT INTO Product VALUES ('120866','100000003',NULL,NULL,'Supplier4','4');
INSERT INTO Product VALUES ('120866','100000004',NULL,NULL,'Supplier10','2');
INSERT INTO Product VALUES ('120866','100000005',NULL,NULL,'Supplier8','1');
INSERT INTO Product VALUES ('120866','100000006',NULL,NULL,'Supplier8','1');
INSERT INTO Product VALUES ('126935','100000001',NULL,NULL,'Supplier2','3');
INSERT INTO Product VALUES ('111138','100000001',NULL,NULL,'Supplier10','2');
INSERT INTO Product VALUES ('111138','100000002',NULL,NULL,'Supplier8','2');
INSERT INTO Product VALUES ('111138','100000003',NULL,NULL,'Supplier10','2');
INSERT INTO Product VALUES ('111138','100000004',NULL,NULL,'Supplier6','2');
INSERT INTO Product VALUES ('111138','100000005',NULL,NULL,'Supplier6','3');
INSERT INTO Product VALUES ('111138','100000006',NULL,NULL,'Supplier2','3');
INSERT INTO Product VALUES ('111138','100000007',NULL,NULL,'Supplier10','2');
INSERT INTO Product VALUES ('111138','100000008',NULL,NULL,'Supplier1','1');
INSERT INTO Product VALUES ('111138','100000009',NULL,NULL,'Supplier4','3');
INSERT INTO Product VALUES ('111138','100000010',NULL,NULL,'Supplier1','1');
INSERT INTO Product VALUES ('111563','100000001',NULL,NULL,'Supplier4','2');
INSERT INTO Product VALUES ('111563','100000002',NULL,NULL,'Supplier9','1');
INSERT INTO Product VALUES ('111563','100000003',NULL,NULL,'Supplier4','5');
INSERT INTO Product VALUES ('111563','100000004',NULL,NULL,'Supplier9','1');
