CONNECT TO COMP421;
INSERT INTO Category VALUES ('Appliances');
INSERT INTO Category VALUES ('Cameras & Photography');
INSERT INTO Category VALUES ('Pet Supplies');
INSERT INTO Category VALUES ('Books');
INSERT INTO Category VALUES ('Movies & TV');
INSERT INTO BrandPage VALUES ('www.421market.com/dell','Dell','This is the description for Dell.');
INSERT INTO BrandPage VALUES ('www.421market.com/ikea','IKEA','This is the description for IKEA.');
INSERT INTO BrandPage VALUES ('www.421market.com/mercedes-benz','Mercedes-Benz','This is the description for Mercedes-Benz.');
INSERT INTO BrandPage VALUES ('www.421market.com/lego','Lego','This is the description for Lego.');
INSERT INTO BrandPage VALUES ('www.421market.com/toyota','Toyota',NULL);
INSERT INTO Model VALUES ('128631','480.55','www.421market.com/ikea','0');
INSERT INTO Model VALUES ('109317','159.77','www.421market.com/toyota','0');
INSERT INTO Model VALUES ('131912','247.30','www.421market.com/toyota','0');
INSERT INTO Model VALUES ('113790','268.38','www.421market.com/ikea','0');
INSERT INTO Model VALUES ('123926','337.78','www.421market.com/mercedes-benz','0');
INSERT INTO Model VALUES ('121637','275.77','www.421market.com/ikea','0');
INSERT INTO Belongs VALUES ('Cameras & Photography','128631');
INSERT INTO Belongs VALUES ('Appliances','128631');
INSERT INTO Belongs VALUES ('Movies & TV','109317');
INSERT INTO Belongs VALUES ('Cameras & Photography','131912');
INSERT INTO Belongs VALUES ('Pet Supplies','113790');
INSERT INTO Belongs VALUES ('Books','113790');
INSERT INTO Belongs VALUES ('Pet Supplies','123926');
INSERT INTO Belongs VALUES ('Appliances','123926');
INSERT INTO Belongs VALUES ('Pet Supplies','121637');
INSERT INTO Belongs VALUES ('Movies & TV','121637');
INSERT INTO User VALUES ('441636543');
INSERT INTO User VALUES ('441999111');
INSERT INTO User VALUES ('737281582');
INSERT INTO User VALUES ('765841670');
INSERT INTO User VALUES ('331750553');
INSERT INTO User VALUES ('996216432');
INSERT INTO User VALUES ('572228498');
INSERT INTO User VALUES ('549744562');
INSERT INTO User VALUES ('138850647');
INSERT INTO User VALUES ('853679938');
INSERT INTO User VALUES ('459952134');
INSERT INTO User VALUES ('583758564');
INSERT INTO User VALUES ('262523546');
INSERT INTO User VALUES ('768913975');
INSERT INTO User VALUES ('909723271');
INSERT INTO User VALUES ('935363900');
INSERT INTO User VALUES ('649297686');
INSERT INTO User VALUES ('999196577');
INSERT INTO User VALUES ('399906805');
INSERT INTO User VALUES ('902391786');
INSERT INTO Customer VALUES ('441636543','1983-05-04','ZLVQDIxfmR','harrison59@yahoo.com','Natalie Harrison');
INSERT INTO Customer VALUES ('441999111','1982-09-12','4HB5fAUrMO','carl40@live.com','Carl Gibson');
INSERT INTO Customer VALUES ('737281582','1982-10-18','05NxmrFMnB','athompson54@mail.com','Ada Thompson');
INSERT INTO Customer VALUES ('765841670',NULL,'z9ettmNwGk','william.armstrong@protonmail.com','William Armstrong');
INSERT INTO Customer VALUES ('331750553','1976-11-18','RPl2jG3EBT','owen37@aol.com','Owen Tucker');
INSERT INTO Customer VALUES ('996216432','1980-07-30','9AOfdCwlUh','parker8@hotmail.com','Emma Parker');
INSERT INTO Customer VALUES ('572228498','1970-10-09','q26HXl0KGT','agata.campbell@aol.com','Agata Campbell');
INSERT INTO Customer VALUES ('549744562','1987-04-13','iDkMfqS4UC','henderson25@live.com','Maddie Henderson');
INSERT INTO Customer VALUES ('138850647',NULL,'qfT3uHptxU','wizard.chloe@yahoo.com','Chloe Carroll');
INSERT INTO Customer VALUES ('853679938','1983-08-20','pjI1vYVXkZ','preston.wells@yahoo.com','Preston Wells');
INSERT INTO InCart VALUES ('996216432','121637','2');
INSERT INTO InCart VALUES ('549744562','123926','2');
INSERT INTO InCart VALUES ('583758564','109317','1');
INSERT INTO InCart VALUES ('262523546','128631','1');
INSERT INTO InCart VALUES ('768913975','131912','1');
INSERT INTO InCart VALUES ('909723271','121637','2');
INSERT INTO InCart VALUES ('935363900','131912','1');
INSERT INTO Review VALUES ('138850647','123926','0','I wouldn''t buy this again.');
INSERT INTO Review VALUES ('549744562','123926','1','Very dissatisfied.');
INSERT INTO Member VALUES ('441636543','2024-04-14','4033');
INSERT INTO Member VALUES ('441999111','2024-03-02','1019');
INSERT INTO Member VALUES ('737281582','2025-01-23','5642');
INSERT INTO Member VALUES ('765841670','2024-12-14','6453');
INSERT INTO Member VALUES ('331750553','2024-11-07','8290');
INSERT INTO Coupon VALUES ('441636543','113790','0.10','69','2025-08-02');
INSERT INTO Coupon VALUES ('441999111','113790','0.72','98','2026-11-10');
INSERT INTO Coupon VALUES ('441999111','121637','0.21','28','2025-12-04');
INSERT INTO Coupon VALUES ('737281582','131912','0.41','61','2028-03-31');
INSERT INTO Admin VALUES ('459952134');
INSERT INTO Admin VALUES ('583758564');
INSERT INTO Admin VALUES ('262523546');
INSERT INTO Admin VALUES ('768913975');
INSERT INTO Admin VALUES ('909723271');
INSERT INTO Manages VALUES ('909723271','www.421market.com/dell','2016-08-17','5');
INSERT INTO Manages VALUES ('583758564','www.421market.com/dell','2019-05-10','3');
INSERT INTO Manages VALUES ('768913975','www.421market.com/ikea','2017-03-25','5');
INSERT INTO Manages VALUES ('262523546','www.421market.com/mercedes-benz','2020-05-26','5');
INSERT INTO Manages VALUES ('459952134','www.421market.com/mercedes-benz','2019-05-03','2');
INSERT INTO Manages VALUES ('262523546','www.421market.com/lego','2018-10-06','5');
INSERT INTO Manages VALUES ('459952134','www.421market.com/lego','2020-07-12','1');
INSERT INTO Manages VALUES ('909723271','www.421market.com/toyota','2022-01-22','5');
INSERT INTO Card VALUES ('5205291665519714','2027-10-18','441636543');
INSERT INTO Card VALUES ('6555172957595436','2025-02-07','441999111');
INSERT INTO Card VALUES ('9446838082868557','2027-10-29','765841670');
INSERT INTO Card VALUES ('4292282056896727','2024-12-05','331750553');
INSERT INTO Card VALUES ('5624813741462790','2027-04-08','572228498');
INSERT INTO Card VALUES ('7540558876227169','2025-08-04','549744562');
INSERT INTO Card VALUES ('5602151280155254','2024-06-18','138850647');
INSERT INTO Card VALUES ('5185197005334947','2026-06-26','853679938');
INSERT INTO Card VALUES ('9116328086557999','2028-12-31',NULL);
INSERT INTO Card VALUES ('3606520783079132','2028-10-08',NULL);
INSERT INTO Card VALUES ('5183413966968741','2028-11-26',NULL);
INSERT INTO Card VALUES ('3652455358672616','2024-07-19',NULL);
INSERT INTO Card VALUES ('2802210130524436','2027-03-16',NULL);
INSERT INTO Card VALUES ('8804445420127522','2025-11-22',NULL);
INSERT INTO Restock VALUES ('Soylent','1','London UK','2022-12-07');
INSERT INTO Restock VALUES ('Oscorp','1','Cairo EG','2022-04-08');
INSERT INTO Restock VALUES ('Soylent','2','London UK','2022-07-25');
INSERT INTO Restock VALUES ('Oscorp','2','Cairo EG','2021-10-02');
INSERT INTO Restock VALUES ('Bluth Company','1','Beijing CN','2023-11-16');
INSERT INTO Restock VALUES ('Stark Industries','1','Rome IT','2022-10-18');
INSERT INTO Order VALUES ('100030270',' ','0.00','2023-10-19','guest1@domain.com','9116328086557999');
INSERT INTO Order VALUES ('100005016',' ','0.00','2023-09-10','guest2@domain.com','2802210130524436');
INSERT INTO Order VALUES ('100015861',' ','0.00','2023-05-03','guest3@domain.com','5183413966968741');
INSERT INTO Order VALUES ('100024816',' ','0.00','2023-04-17','wizard.chloe@yahoo.com','5602151280155254');
INSERT INTO Order VALUES ('100019133',' ','0.00','2023-09-28','henderson25@live.com','7540558876227169');
INSERT INTO Order VALUES ('100008260',' ','0.00','2023-03-01','guest6@domain.com','8804445420127522');
INSERT INTO Order VALUES ('100028568',' ','0.00','2023-08-18','agata.campbell@aol.com','5624813741462790');
INSERT INTO Order VALUES ('100022084',' ','0.00','2023-05-03','guest8@domain.com','5183413966968741');
INSERT INTO Order VALUES ('100008504',' ','0.00','2023-11-26','william.armstrong@protonmail.com','9446838082868557');
INSERT INTO Order VALUES ('100006310',' ','0.00','2023-02-28','owen37@aol.com','4292282056896727');
INSERT INTO Product VALUES ('128631','100000001','FALSE','Oscorp','1');
INSERT INTO Product VALUES ('109317','100000001','FALSE','Oscorp','2');
INSERT INTO Product VALUES ('109317','100000002','FALSE','Oscorp','2');
INSERT INTO Product VALUES ('109317','100000003','FALSE','Bluth Company','1');
INSERT INTO Product VALUES ('109317','100000004','FALSE','Stark Industries','1');
INSERT INTO Product VALUES ('131912','100000001','FALSE','Oscorp','2');
INSERT INTO Product VALUES ('113790','100000001','FALSE','Bluth Company','1');
INSERT INTO Product VALUES ('123926','100000001','FALSE','Soylent','1');
INSERT INTO Product VALUES ('123926','100000002','FALSE','Oscorp','2');
INSERT INTO Product VALUES ('123926','100000003','FALSE','Oscorp','1');
INSERT INTO Product VALUES ('123926','100000004','FALSE','Soylent','1');
INSERT INTO Product VALUES ('121637','100000001','FALSE','Soylent','1');
INSERT INTO Product VALUES ('121637','100000002','FALSE','Soylent','1');
INSERT INTO Product VALUES ('121637','100000003','FALSE','Oscorp','2');
INSERT INTO Product VALUES ('121637','100000004','FALSE','Oscorp','1');
INSERT INTO Shipment VALUES ('1','Intelcom Express','2024-11-15','2024-11-13');
INSERT INTO Shipment VALUES ('1','Cardinal Couriers','2024-03-14','2024-03-12');
INSERT INTO Shipment VALUES ('1','Mackie Moving Systems','2023-09-18','2023-09-14');
INSERT INTO Shipment VALUES ('1','Loomis Express','2022-01-30','2022-01-26');
INSERT INTO Shipment VALUES ('1','DHL Canada','2022-07-23','2022-07-22');
INSERT INTO Shipment VALUES ('1','Manitoulin Transport','2024-06-08','2024-05-31');
INSERT INTO Shipment VALUES ('2','Mackie Moving Systems','2024-12-29','2024-12-23');
INSERT INTO Shipment VALUES ('1','Nationex','2023-09-30','2023-09-28');
INSERT INTO Purchased VALUES ('121637','100000001','100030270','1','Intelcom Express');
INSERT INTO Purchased VALUES ('121637','100000003','100005016','1','Cardinal Couriers');
INSERT INTO Purchased VALUES ('123926','100000001','100015861','1','Mackie Moving Systems');
INSERT INTO Purchased VALUES ('123926','100000002','100024816','1','Loomis Express');
INSERT INTO Purchased VALUES ('123926','100000003','100019133','1','DHL Canada');
INSERT INTO Purchased VALUES ('131912','100000001','100008260','1','Manitoulin Transport');
