CONNECT TO COMP421;
-- Generated by script
INSERT INTO Category VALUES ('categoryA');
INSERT INTO Category VALUES ('categoryB');
INSERT INTO Category VALUES ('categoryC');
INSERT INTO Category VALUES ('categoryD');
INSERT INTO Category VALUES ('categoryE');
INSERT INTO Category VALUES ('categoryF');
INSERT INTO Category VALUES ('categoryG');
INSERT INTO Category VALUES ('categoryH');
INSERT INTO Category VALUES ('categoryI');
INSERT INTO Category VALUES ('categoryJ');
INSERT INTO Category VALUES ('categoryK');
INSERT INTO Category VALUES ('categoryL');
INSERT INTO Category VALUES ('categoryM');
INSERT INTO Category VALUES ('categoryN');
INSERT INTO Category VALUES ('categoryO');
INSERT INTO Category VALUES ('categoryP');
INSERT INTO Category VALUES ('categoryQ');
INSERT INTO Category VALUES ('categoryR');
INSERT INTO Category VALUES ('categoryS');
INSERT INTO Category VALUES ('categoryT');
INSERT INTO BrandPage VALUES ('www.421market.com/brand1','Brand 1','This is the description for Brand 1.');
INSERT INTO BrandPage VALUES ('www.421market.com/brand2','Brand 2','This is the description for Brand 2.');
INSERT INTO BrandPage VALUES ('www.421market.com/brand3','Brand 3','This is the description for Brand 3.');
INSERT INTO BrandPage VALUES ('www.421market.com/brand4','Brand 4','This is the description for Brand 4.');
INSERT INTO BrandPage VALUES ('www.421market.com/brand5','Brand 5','This is the description for Brand 5.');
INSERT INTO BrandPage VALUES ('www.421market.com/brand6','Brand 6',NULL);
INSERT INTO BrandPage VALUES ('www.421market.com/brand7','Brand 7','This is the description for Brand 7.');
INSERT INTO BrandPage VALUES ('www.421market.com/brand8','Brand 8','This is the description for Brand 8.');
INSERT INTO BrandPage VALUES ('www.421market.com/brand9','Brand 9','This is the description for Brand 9.');
INSERT INTO BrandPage VALUES ('www.421market.com/brand10','Brand 10','This is the description for Brand 10.');
INSERT INTO BrandPage VALUES ('www.421market.com/brand11','Brand 11','This is the description for Brand 11.');
INSERT INTO BrandPage VALUES ('www.421market.com/brand12','Brand 12','This is the description for Brand 12.');
INSERT INTO BrandPage VALUES ('www.421market.com/brand13','Brand 13','This is the description for Brand 13.');
INSERT INTO BrandPage VALUES ('www.421market.com/brand14','Brand 14',NULL);
INSERT INTO BrandPage VALUES ('www.421market.com/brand15','Brand 15','This is the description for Brand 15.');
INSERT INTO BrandPage VALUES ('www.421market.com/brand16','Brand 16',NULL);
INSERT INTO BrandPage VALUES ('www.421market.com/brand17','Brand 17','This is the description for Brand 17.');
INSERT INTO BrandPage VALUES ('www.421market.com/brand18','Brand 18','This is the description for Brand 18.');
INSERT INTO BrandPage VALUES ('www.421market.com/brand19','Brand 19',NULL);
INSERT INTO BrandPage VALUES ('www.421market.com/brand20','Brand 20','This is the description for Brand 20.');
INSERT INTO Model VALUES ('120423','140.79','www.421market.com/brand13','8');
INSERT INTO Model VALUES ('107058','499.69','www.421market.com/brand1','4');
INSERT INTO Model VALUES ('101589','256.91','www.421market.com/brand6','2');
INSERT INTO Model VALUES ('114873','332.52','www.421market.com/brand17','10');
INSERT INTO Model VALUES ('119338','190.62','www.421market.com/brand12','4');
INSERT INTO Model VALUES ('100205','363.30','www.421market.com/brand9','4');
INSERT INTO Model VALUES ('114516','360.39','www.421market.com/brand9','1');
INSERT INTO Model VALUES ('131367','121.77','www.421market.com/brand5','1');
INSERT INTO Model VALUES ('126594','362.94','www.421market.com/brand18','6');
INSERT INTO Model VALUES ('103789','130.62','www.421market.com/brand16','7');
INSERT INTO Model VALUES ('129629','480.49','www.421market.com/brand19','3');
INSERT INTO Model VALUES ('108212','199.49','www.421market.com/brand10','5');
INSERT INTO Model VALUES ('104801','476.59','www.421market.com/brand16','7');
INSERT INTO Model VALUES ('104118','272.53','www.421market.com/brand4','3');
INSERT INTO Model VALUES ('128487','95.60','www.421market.com/brand18','6');
INSERT INTO Model VALUES ('116349','33.42','www.421market.com/brand6','4');
INSERT INTO Model VALUES ('132654','88.13','www.421market.com/brand13','10');
INSERT INTO Model VALUES ('111355','150.39','www.421market.com/brand17','10');
INSERT INTO Model VALUES ('129641','304.50','www.421market.com/brand16','10');
INSERT INTO Model VALUES ('116725','126.58','www.421market.com/brand8','0');
INSERT INTO Model VALUES ('132161','262.95','www.421market.com/brand9','2');
INSERT INTO Model VALUES ('106869','467.31','www.421market.com/brand16','9');
INSERT INTO Model VALUES ('112005','265.91','www.421market.com/brand10','2');
INSERT INTO Model VALUES ('128505','112.66','www.421market.com/brand14','8');
INSERT INTO Model VALUES ('123439','280.38','www.421market.com/brand5','3');
INSERT INTO Model VALUES ('101053','163.18','www.421market.com/brand8','2');
INSERT INTO Model VALUES ('116508','42.75','www.421market.com/brand11','1');
INSERT INTO Model VALUES ('120261','276.71','www.421market.com/brand20','2');
INSERT INTO Model VALUES ('107014','441.86','www.421market.com/brand6','2');
INSERT INTO Model VALUES ('106497','500.05','www.421market.com/brand5','5');
INSERT INTO Belongs VALUES ('categoryS','120423');
INSERT INTO Belongs VALUES ('categoryA','120423');
INSERT INTO Belongs VALUES ('categoryO','107058');
INSERT INTO Belongs VALUES ('categoryE','101589');
INSERT INTO Belongs VALUES ('categoryG','114873');
INSERT INTO Belongs VALUES ('categoryB','114873');
INSERT INTO Belongs VALUES ('categoryK','114873');
INSERT INTO Belongs VALUES ('categoryA','119338');
INSERT INTO Belongs VALUES ('categoryQ','119338');
INSERT INTO Belongs VALUES ('categoryJ','119338');
INSERT INTO Belongs VALUES ('categoryT','100205');
INSERT INTO Belongs VALUES ('categoryP','114516');
INSERT INTO Belongs VALUES ('categoryE','114516');
INSERT INTO Belongs VALUES ('categoryT','131367');
INSERT INTO Belongs VALUES ('categoryL','131367');
INSERT INTO Belongs VALUES ('categoryD','126594');
INSERT INTO Belongs VALUES ('categoryM','126594');
INSERT INTO Belongs VALUES ('categoryO','126594');
INSERT INTO Belongs VALUES ('categoryS','108212');
INSERT INTO Belongs VALUES ('categoryM','108212');
INSERT INTO Belongs VALUES ('categoryR','104801');
INSERT INTO Belongs VALUES ('categoryP','104801');
INSERT INTO Belongs VALUES ('categoryS','104801');
INSERT INTO Belongs VALUES ('categoryL','104118');
INSERT INTO Belongs VALUES ('categoryN','104118');
INSERT INTO Belongs VALUES ('categoryF','104118');
INSERT INTO Belongs VALUES ('categoryS','128487');
INSERT INTO Belongs VALUES ('categoryM','116349');
INSERT INTO Belongs VALUES ('categoryF','116349');
INSERT INTO Belongs VALUES ('categoryP','132654');
INSERT INTO Belongs VALUES ('categoryI','111355');
INSERT INTO Belongs VALUES ('categoryN','111355');
INSERT INTO Belongs VALUES ('categoryB','116725');
INSERT INTO Belongs VALUES ('categoryC','132161');
INSERT INTO Belongs VALUES ('categoryI','132161');
INSERT INTO Belongs VALUES ('categoryL','132161');
INSERT INTO Belongs VALUES ('categoryA','106869');
INSERT INTO Belongs VALUES ('categoryD','106869');
INSERT INTO Belongs VALUES ('categoryE','106869');
INSERT INTO Belongs VALUES ('categoryA','112005');
INSERT INTO Belongs VALUES ('categoryC','112005');
INSERT INTO Belongs VALUES ('categoryH','112005');
INSERT INTO Belongs VALUES ('categoryD','128505');
INSERT INTO Belongs VALUES ('categoryS','128505');
INSERT INTO Belongs VALUES ('categoryQ','128505');
INSERT INTO Belongs VALUES ('categoryF','101053');
INSERT INTO Belongs VALUES ('categoryR','101053');
INSERT INTO Belongs VALUES ('categoryA','116508');
INSERT INTO Belongs VALUES ('categoryI','116508');
INSERT INTO Belongs VALUES ('categoryS','120261');
INSERT INTO Belongs VALUES ('categoryO','107014');
INSERT INTO Belongs VALUES ('categoryK','107014');
INSERT INTO Belongs VALUES ('categoryO','106497');
INSERT INTO Belongs VALUES ('categoryT','106497');
INSERT INTO User VALUES ('100000001');
INSERT INTO User VALUES ('100000002');
INSERT INTO User VALUES ('100000003');
INSERT INTO User VALUES ('100000004');
INSERT INTO User VALUES ('100000005');
INSERT INTO User VALUES ('100000006');
INSERT INTO User VALUES ('100000007');
INSERT INTO User VALUES ('100000008');
INSERT INTO User VALUES ('100000009');
INSERT INTO User VALUES ('100000010');
INSERT INTO User VALUES ('100000011');
INSERT INTO User VALUES ('100000012');
INSERT INTO User VALUES ('100000013');
INSERT INTO User VALUES ('100000014');
INSERT INTO User VALUES ('100000015');
INSERT INTO User VALUES ('100000016');
INSERT INTO User VALUES ('100000017');
INSERT INTO User VALUES ('100000018');
INSERT INTO User VALUES ('100000019');
INSERT INTO User VALUES ('100000020');
INSERT INTO User VALUES ('100000021');
INSERT INTO User VALUES ('100000022');
INSERT INTO User VALUES ('100000023');
INSERT INTO User VALUES ('100000024');
INSERT INTO User VALUES ('100000025');
INSERT INTO User VALUES ('110000001');
INSERT INTO User VALUES ('110000002');
INSERT INTO User VALUES ('110000003');
INSERT INTO User VALUES ('110000004');
INSERT INTO User VALUES ('110000005');
INSERT INTO User VALUES ('110000006');
INSERT INTO User VALUES ('110000007');
INSERT INTO User VALUES ('110000008');
INSERT INTO User VALUES ('110000009');
INSERT INTO User VALUES ('110000010');
INSERT INTO User VALUES ('110000011');
INSERT INTO User VALUES ('110000012');
INSERT INTO User VALUES ('110000013');
INSERT INTO User VALUES ('110000014');
INSERT INTO User VALUES ('110000015');
INSERT INTO User VALUES ('110000016');
INSERT INTO User VALUES ('110000017');
INSERT INTO User VALUES ('110000018');
INSERT INTO User VALUES ('110000019');
INSERT INTO User VALUES ('110000020');
INSERT INTO User VALUES ('110000021');
INSERT INTO User VALUES ('110000022');
INSERT INTO User VALUES ('110000023');
INSERT INTO User VALUES ('110000024');
INSERT INTO User VALUES ('110000025');
INSERT INTO User VALUES ('200000001');
INSERT INTO User VALUES ('200000002');
INSERT INTO User VALUES ('200000003');
INSERT INTO User VALUES ('200000004');
INSERT INTO User VALUES ('200000005');
INSERT INTO User VALUES ('200000006');
INSERT INTO User VALUES ('200000007');
INSERT INTO User VALUES ('200000008');
INSERT INTO User VALUES ('200000009');
INSERT INTO User VALUES ('200000010');
INSERT INTO User VALUES ('200000011');
INSERT INTO User VALUES ('200000012');
INSERT INTO User VALUES ('200000013');
INSERT INTO User VALUES ('200000014');
INSERT INTO User VALUES ('200000015');
INSERT INTO User VALUES ('200000016');
INSERT INTO User VALUES ('200000017');
INSERT INTO User VALUES ('200000018');
INSERT INTO User VALUES ('200000019');
INSERT INTO User VALUES ('200000020');
INSERT INTO User VALUES ('200000021');
INSERT INTO User VALUES ('200000022');
INSERT INTO User VALUES ('200000023');
INSERT INTO User VALUES ('200000024');
INSERT INTO User VALUES ('200000025');
INSERT INTO User VALUES ('300000001');
INSERT INTO User VALUES ('300000002');
INSERT INTO User VALUES ('300000003');
INSERT INTO User VALUES ('300000004');
INSERT INTO User VALUES ('300000005');
INSERT INTO User VALUES ('300000006');
INSERT INTO User VALUES ('300000007');
INSERT INTO User VALUES ('300000008');
INSERT INTO User VALUES ('300000009');
INSERT INTO User VALUES ('300000010');
INSERT INTO User VALUES ('300000011');
INSERT INTO User VALUES ('300000012');
INSERT INTO User VALUES ('300000013');
INSERT INTO User VALUES ('300000014');
INSERT INTO User VALUES ('300000015');
INSERT INTO User VALUES ('300000016');
INSERT INTO User VALUES ('300000017');
INSERT INTO User VALUES ('300000018');
INSERT INTO User VALUES ('300000019');
INSERT INTO User VALUES ('300000020');
INSERT INTO User VALUES ('300000021');
INSERT INTO User VALUES ('300000022');
INSERT INTO User VALUES ('300000023');
INSERT INTO User VALUES ('300000024');
INSERT INTO User VALUES ('300000025');
INSERT INTO Customer VALUES ('100000001','2000-01-01','password','user100000001@example.com','User 100000001');
INSERT INTO Customer VALUES ('100000002','2000-01-01','password','user100000002@example.com','User 100000002');
INSERT INTO Customer VALUES ('100000003','2000-01-01','password','user100000003@example.com','User 100000003');
INSERT INTO Customer VALUES ('100000004','2000-01-01','password','user100000004@example.com','User 100000004');
INSERT INTO Customer VALUES ('100000005','2000-01-01','password','user100000005@example.com','User 100000005');
INSERT INTO Customer VALUES ('100000006','2000-01-01','password','user100000006@example.com','User 100000006');
INSERT INTO Customer VALUES ('100000007','2000-01-01','password','user100000007@example.com','User 100000007');
INSERT INTO Customer VALUES ('100000008','2000-01-01','password','user100000008@example.com','User 100000008');
INSERT INTO Customer VALUES ('100000009','2000-01-01','password','user100000009@example.com','User 100000009');
INSERT INTO Customer VALUES ('100000010','2000-01-01','password','user100000010@example.com','User 100000010');
INSERT INTO Customer VALUES ('100000011','2000-01-01','password','user100000011@example.com','User 100000011');
INSERT INTO Customer VALUES ('100000012','2000-01-01','password','user100000012@example.com','User 100000012');
INSERT INTO Customer VALUES ('100000013','2000-01-01','password','user100000013@example.com','User 100000013');
INSERT INTO Customer VALUES ('100000014','2000-01-01','password','user100000014@example.com','User 100000014');
INSERT INTO Customer VALUES ('100000015','2000-01-01','password','user100000015@example.com','User 100000015');
INSERT INTO Customer VALUES ('100000016','2000-01-01','password','user100000016@example.com','User 100000016');
INSERT INTO Customer VALUES ('100000017','2000-01-01','password','user100000017@example.com','User 100000017');
INSERT INTO Customer VALUES ('100000018','2000-01-01','password','user100000018@example.com','User 100000018');
INSERT INTO Customer VALUES ('100000019','2000-01-01','password','user100000019@example.com','User 100000019');
INSERT INTO Customer VALUES ('100000020','2000-01-01','password','user100000020@example.com','User 100000020');
INSERT INTO Customer VALUES ('100000021','2000-01-01','password','user100000021@example.com','User 100000021');
INSERT INTO Customer VALUES ('100000022','2000-01-01','password','user100000022@example.com','User 100000022');
INSERT INTO Customer VALUES ('100000023','2000-01-01','password','user100000023@example.com','User 100000023');
INSERT INTO Customer VALUES ('100000024','2000-01-01','password','user100000024@example.com','User 100000024');
INSERT INTO Customer VALUES ('100000025','2000-01-01','password','user100000025@example.com','User 100000025');
INSERT INTO Customer VALUES ('110000001','2000-01-01','password','user110000001@example.com','User 110000001');
INSERT INTO Customer VALUES ('110000002','2000-01-01','password','user110000002@example.com','User 110000002');
INSERT INTO Customer VALUES ('110000003','2000-01-01','password','user110000003@example.com','User 110000003');
INSERT INTO Customer VALUES ('110000004','2000-01-01','password','user110000004@example.com','User 110000004');
INSERT INTO Customer VALUES ('110000005','2000-01-01','password','user110000005@example.com','User 110000005');
INSERT INTO Customer VALUES ('110000006','2000-01-01','password','user110000006@example.com','User 110000006');
INSERT INTO Customer VALUES ('110000007','2000-01-01','password','user110000007@example.com','User 110000007');
INSERT INTO Customer VALUES ('110000008','2000-01-01','password','user110000008@example.com','User 110000008');
INSERT INTO Customer VALUES ('110000009','2000-01-01','password','user110000009@example.com','User 110000009');
INSERT INTO Customer VALUES ('110000010','2000-01-01','password','user110000010@example.com','User 110000010');
INSERT INTO Customer VALUES ('110000011','2000-01-01','password','user110000011@example.com','User 110000011');
INSERT INTO Customer VALUES ('110000012','2000-01-01','password','user110000012@example.com','User 110000012');
INSERT INTO Customer VALUES ('110000013','2000-01-01','password','user110000013@example.com','User 110000013');
INSERT INTO Customer VALUES ('110000014','2000-01-01','password','user110000014@example.com','User 110000014');
INSERT INTO Customer VALUES ('110000015','2000-01-01','password','user110000015@example.com','User 110000015');
INSERT INTO Customer VALUES ('110000016','2000-01-01','password','user110000016@example.com','User 110000016');
INSERT INTO Customer VALUES ('110000017','2000-01-01','password','user110000017@example.com','User 110000017');
INSERT INTO Customer VALUES ('110000018','2000-01-01','password','user110000018@example.com','User 110000018');
INSERT INTO Customer VALUES ('110000019','2000-01-01','password','user110000019@example.com','User 110000019');
INSERT INTO Customer VALUES ('110000020','2000-01-01','password','user110000020@example.com','User 110000020');
INSERT INTO Customer VALUES ('110000021','2000-01-01','password','user110000021@example.com','User 110000021');
INSERT INTO Customer VALUES ('110000022','2000-01-01','password','user110000022@example.com','User 110000022');
INSERT INTO Customer VALUES ('110000023','2000-01-01','password','user110000023@example.com','User 110000023');
INSERT INTO Customer VALUES ('110000024','2000-01-01','password','user110000024@example.com','User 110000024');
INSERT INTO Customer VALUES ('110000025','2000-01-01','password','user110000025@example.com','User 110000025');
INSERT INTO InCart VALUES ('100000001','114873','1');
INSERT INTO InCart VALUES ('100000001','108212','1');
INSERT INTO InCart VALUES ('100000001','132161','3');
INSERT INTO InCart VALUES ('100000001','119338','2');
INSERT INTO InCart VALUES ('100000002','114873','2');
INSERT INTO InCart VALUES ('100000003','114873','1');
INSERT INTO InCart VALUES ('100000003','108212','2');
INSERT INTO InCart VALUES ('100000004','114873','3');
INSERT INTO InCart VALUES ('100000005','114873','1');
INSERT INTO InCart VALUES ('100000006','114873','1');
INSERT INTO InCart VALUES ('100000007','114873','2');
INSERT INTO InCart VALUES ('100000009','114873','2');
INSERT INTO InCart VALUES ('100000011','114873','1');
INSERT INTO InCart VALUES ('100000011','108212','1');
INSERT INTO InCart VALUES ('100000011','132161','1');
INSERT INTO InCart VALUES ('100000011','119338','2');
INSERT INTO InCart VALUES ('100000013','114873','2');
INSERT INTO InCart VALUES ('100000013','108212','2');
INSERT INTO InCart VALUES ('100000014','114873','2');
INSERT INTO InCart VALUES ('100000017','114873','1');
INSERT INTO InCart VALUES ('100000018','114873','2');
INSERT INTO InCart VALUES ('100000018','108212','2');
INSERT INTO InCart VALUES ('100000018','132161','2');
INSERT INTO InCart VALUES ('100000018','119338','2');
INSERT INTO InCart VALUES ('100000019','114873','3');
INSERT INTO InCart VALUES ('100000019','108212','2');
INSERT INTO InCart VALUES ('100000019','132161','1');
INSERT INTO InCart VALUES ('100000019','119338','3');
INSERT INTO InCart VALUES ('100000020','114873','3');
INSERT INTO InCart VALUES ('100000020','108212','2');
INSERT INTO InCart VALUES ('100000020','132161','3');
INSERT INTO InCart VALUES ('100000021','114873','3');
INSERT INTO InCart VALUES ('100000021','108212','3');
INSERT INTO InCart VALUES ('100000022','114873','2');
INSERT INTO InCart VALUES ('100000022','108212','1');
INSERT INTO InCart VALUES ('100000022','132161','3');
INSERT INTO InCart VALUES ('100000022','119338','3');
INSERT INTO InCart VALUES ('100000023','114873','1');
INSERT INTO InCart VALUES ('100000023','108212','3');
INSERT INTO InCart VALUES ('100000023','132161','2');
INSERT INTO InCart VALUES ('100000024','114873','2');
INSERT INTO InCart VALUES ('100000024','108212','1');
INSERT INTO InCart VALUES ('100000024','132161','3');
INSERT INTO InCart VALUES ('100000025','114873','2');
INSERT INTO InCart VALUES ('100000025','108212','1');
INSERT INTO InCart VALUES ('110000001','114873','2');
INSERT INTO InCart VALUES ('110000001','108212','2');
INSERT INTO InCart VALUES ('110000001','132161','2');
INSERT INTO InCart VALUES ('110000001','119338','1');
INSERT INTO InCart VALUES ('110000002','114873','2');
INSERT INTO InCart VALUES ('110000002','108212','2');
INSERT INTO InCart VALUES ('110000003','114873','3');
INSERT INTO InCart VALUES ('110000003','108212','3');
INSERT INTO InCart VALUES ('110000003','132161','1');
INSERT INTO InCart VALUES ('110000003','119338','1');
INSERT INTO InCart VALUES ('110000004','114873','3');
INSERT INTO InCart VALUES ('110000004','108212','2');
INSERT INTO InCart VALUES ('110000005','114873','2');
INSERT INTO InCart VALUES ('110000006','114873','1');
INSERT INTO InCart VALUES ('110000006','108212','1');
INSERT INTO InCart VALUES ('110000007','114873','3');
INSERT INTO InCart VALUES ('110000007','108212','2');
INSERT INTO InCart VALUES ('110000007','132161','2');
INSERT INTO InCart VALUES ('110000007','119338','3');
INSERT INTO InCart VALUES ('110000008','114873','3');
INSERT INTO InCart VALUES ('110000008','108212','3');
INSERT INTO InCart VALUES ('110000008','132161','1');
INSERT INTO InCart VALUES ('110000008','119338','3');
INSERT INTO InCart VALUES ('110000010','114873','3');
INSERT INTO InCart VALUES ('110000010','108212','3');
INSERT INTO InCart VALUES ('110000011','114873','3');
INSERT INTO InCart VALUES ('110000011','108212','3');
INSERT INTO InCart VALUES ('110000011','132161','2');
INSERT INTO InCart VALUES ('110000012','114873','2');
INSERT INTO InCart VALUES ('110000014','114873','3');
INSERT INTO InCart VALUES ('110000014','108212','1');
INSERT INTO InCart VALUES ('110000015','114873','1');
INSERT INTO InCart VALUES ('110000015','108212','1');
INSERT INTO InCart VALUES ('110000015','132161','3');
INSERT INTO InCart VALUES ('110000015','119338','2');
INSERT INTO InCart VALUES ('110000017','114873','1');
INSERT INTO InCart VALUES ('110000018','114873','2');
INSERT INTO InCart VALUES ('110000018','108212','2');
INSERT INTO InCart VALUES ('110000019','114873','3');
INSERT INTO InCart VALUES ('110000020','114873','3');
INSERT INTO InCart VALUES ('110000020','108212','2');
INSERT INTO InCart VALUES ('110000020','132161','2');
INSERT INTO InCart VALUES ('110000020','119338','1');
INSERT INTO InCart VALUES ('110000021','114873','1');
INSERT INTO InCart VALUES ('110000021','108212','2');
INSERT INTO InCart VALUES ('110000021','132161','2');
INSERT INTO InCart VALUES ('110000022','114873','1');
INSERT INTO InCart VALUES ('110000022','108212','1');
INSERT INTO InCart VALUES ('110000023','114873','1');
INSERT INTO InCart VALUES ('110000023','108212','3');
INSERT INTO InCart VALUES ('110000024','114873','2');
INSERT INTO InCart VALUES ('110000024','108212','2');
INSERT INTO InCart VALUES ('110000024','132161','3');
INSERT INTO InCart VALUES ('110000025','114873','1');
INSERT INTO InCart VALUES ('110000025','108212','3');
INSERT INTO InCart VALUES ('110000025','132161','1');
INSERT INTO InCart VALUES ('200000001','114873','1');
INSERT INTO InCart VALUES ('200000001','108212','1');
INSERT INTO InCart VALUES ('200000001','132161','2');
INSERT INTO InCart VALUES ('200000001','119338','2');
INSERT INTO InCart VALUES ('200000003','114873','1');
INSERT INTO InCart VALUES ('200000003','108212','3');
INSERT INTO InCart VALUES ('200000004','114873','2');
INSERT INTO InCart VALUES ('200000004','108212','2');
INSERT INTO InCart VALUES ('200000005','114873','3');
INSERT INTO InCart VALUES ('200000005','108212','2');
INSERT INTO InCart VALUES ('200000006','114873','3');
INSERT INTO InCart VALUES ('200000006','108212','3');
INSERT INTO InCart VALUES ('200000007','114873','2');
INSERT INTO InCart VALUES ('200000007','108212','3');
INSERT INTO InCart VALUES ('200000008','114873','2');
INSERT INTO InCart VALUES ('200000008','108212','2');
INSERT INTO InCart VALUES ('200000008','132161','3');
INSERT INTO InCart VALUES ('200000010','114873','3');
INSERT INTO InCart VALUES ('200000010','108212','3');
INSERT INTO InCart VALUES ('200000012','114873','2');
INSERT INTO InCart VALUES ('200000012','108212','1');
INSERT INTO InCart VALUES ('200000012','132161','2');
INSERT INTO InCart VALUES ('200000014','114873','2');
INSERT INTO InCart VALUES ('200000014','108212','1');
INSERT INTO InCart VALUES ('200000014','132161','3');
INSERT INTO InCart VALUES ('200000014','119338','3');
INSERT INTO InCart VALUES ('200000015','114873','2');
INSERT INTO InCart VALUES ('200000015','108212','3');
INSERT INTO InCart VALUES ('200000015','132161','2');
INSERT INTO InCart VALUES ('200000015','119338','3');
INSERT INTO InCart VALUES ('200000017','114873','1');
INSERT INTO InCart VALUES ('200000017','108212','3');
INSERT INTO InCart VALUES ('200000018','114873','3');
INSERT INTO InCart VALUES ('200000018','108212','1');
INSERT INTO InCart VALUES ('200000018','132161','2');
INSERT INTO InCart VALUES ('200000018','119338','2');
INSERT INTO InCart VALUES ('200000019','114873','3');
INSERT INTO InCart VALUES ('200000019','108212','3');
INSERT INTO InCart VALUES ('200000019','132161','1');
INSERT INTO InCart VALUES ('200000020','114873','2');
INSERT INTO InCart VALUES ('200000020','108212','2');
INSERT INTO InCart VALUES ('200000020','132161','1');
INSERT INTO InCart VALUES ('200000021','114873','2');
INSERT INTO InCart VALUES ('200000021','108212','1');
INSERT INTO InCart VALUES ('200000023','114873','2');
INSERT INTO InCart VALUES ('200000023','108212','1');
INSERT INTO InCart VALUES ('200000023','132161','3');
INSERT INTO InCart VALUES ('300000001','114873','2');
INSERT INTO InCart VALUES ('300000001','108212','2');
INSERT INTO InCart VALUES ('300000001','132161','2');
INSERT INTO InCart VALUES ('300000001','119338','3');
INSERT INTO InCart VALUES ('300000002','114873','3');
INSERT INTO InCart VALUES ('300000002','108212','1');
INSERT INTO InCart VALUES ('300000003','114873','3');
INSERT INTO InCart VALUES ('300000003','108212','1');
INSERT INTO InCart VALUES ('300000003','132161','2');
INSERT INTO InCart VALUES ('300000004','114873','2');
INSERT INTO InCart VALUES ('300000004','108212','1');
INSERT INTO InCart VALUES ('300000006','114873','3');
INSERT INTO InCart VALUES ('300000006','108212','2');
INSERT INTO InCart VALUES ('300000006','132161','1');
INSERT INTO InCart VALUES ('300000006','119338','3');
INSERT INTO InCart VALUES ('300000007','114873','2');
INSERT INTO InCart VALUES ('300000007','108212','3');
INSERT INTO InCart VALUES ('300000009','114873','3');
INSERT INTO InCart VALUES ('300000009','108212','2');
INSERT INTO InCart VALUES ('300000009','132161','1');
INSERT INTO InCart VALUES ('300000012','114873','1');
INSERT INTO InCart VALUES ('300000012','108212','2');
INSERT INTO InCart VALUES ('300000012','132161','2');
INSERT INTO InCart VALUES ('300000013','114873','1');
INSERT INTO InCart VALUES ('300000014','114873','1');
INSERT INTO InCart VALUES ('300000014','108212','1');
INSERT INTO InCart VALUES ('300000015','114873','1');
INSERT INTO InCart VALUES ('300000016','114873','2');
INSERT INTO InCart VALUES ('300000017','114873','2');
INSERT INTO InCart VALUES ('300000018','114873','2');
INSERT INTO InCart VALUES ('300000020','114873','2');
INSERT INTO InCart VALUES ('300000020','108212','3');
INSERT INTO InCart VALUES ('300000020','132161','1');
INSERT INTO InCart VALUES ('300000021','114873','2');
INSERT INTO InCart VALUES ('300000021','108212','3');
INSERT INTO InCart VALUES ('300000021','132161','2');
INSERT INTO InCart VALUES ('300000022','114873','3');
INSERT INTO InCart VALUES ('300000022','108212','2');
INSERT INTO InCart VALUES ('300000022','132161','2');
INSERT INTO InCart VALUES ('300000024','114873','1');
INSERT INTO InCart VALUES ('300000024','108212','1');
INSERT INTO InCart VALUES ('300000024','132161','1');
INSERT INTO InCart VALUES ('300000025','114873','1');
INSERT INTO Member VALUES ('110000001','2022-12-31','100');
INSERT INTO Member VALUES ('110000002','2022-12-31','100');
INSERT INTO Member VALUES ('110000003','2022-12-31','100');
INSERT INTO Member VALUES ('110000004','2022-12-31','100');
INSERT INTO Member VALUES ('110000005','2022-12-31','100');
INSERT INTO Member VALUES ('110000006','2022-12-31','100');
INSERT INTO Member VALUES ('110000007','2022-12-31','100');
INSERT INTO Member VALUES ('110000008','2022-12-31','100');
INSERT INTO Member VALUES ('110000009','2022-12-31','100');
INSERT INTO Member VALUES ('110000010','2022-12-31','100');
INSERT INTO Member VALUES ('110000011','2022-12-31','100');
INSERT INTO Member VALUES ('110000012','2022-12-31','100');
INSERT INTO Member VALUES ('110000013','2022-12-31','100');
INSERT INTO Member VALUES ('110000014','2022-12-31','100');
INSERT INTO Member VALUES ('110000015','2022-12-31','100');
INSERT INTO Member VALUES ('110000016','2022-12-31','100');
INSERT INTO Member VALUES ('110000017','2022-12-31','100');
INSERT INTO Member VALUES ('110000018','2022-12-31','100');
INSERT INTO Member VALUES ('110000019','2022-12-31','100');
INSERT INTO Member VALUES ('110000020','2022-12-31','100');
INSERT INTO Member VALUES ('110000021','2022-12-31','100');
INSERT INTO Member VALUES ('110000022','2022-12-31','100');
INSERT INTO Member VALUES ('110000023','2022-12-31','100');
INSERT INTO Member VALUES ('110000024','2022-12-31','100');
INSERT INTO Member VALUES ('110000025','2022-12-31','100');
INSERT INTO Coupon VALUES ('110000001','101589','0.24','40','2025-04-21');
INSERT INTO Coupon VALUES ('110000001','131367','0.40','4','2025-02-15');
INSERT INTO Coupon VALUES ('110000001','106497','0.36','38','2024-09-01');
INSERT INTO Coupon VALUES ('110000001','116508','0.27','96','2022-02-17');
INSERT INTO Coupon VALUES ('110000001','104801','0.22','19','2025-02-17');
INSERT INTO Coupon VALUES ('110000002','129641','0.4','40','2026-06-12');
INSERT INTO Coupon VALUES ('110000002','132654','0.30','96','2022-11-26');
INSERT INTO Coupon VALUES ('110000003','101053','0.8','6','2025-12-01');
INSERT INTO Coupon VALUES ('110000003','103789','0.49','29','2022-09-19');
INSERT INTO Coupon VALUES ('110000004','107058','0.54','3','2024-08-02');
INSERT INTO Coupon VALUES ('110000005','101053','0.69','70','2024-06-05');
INSERT INTO Coupon VALUES ('110000005','128505','0.8','86','2024-02-23');
INSERT INTO Coupon VALUES ('110000005','111355','0.0','31','2024-02-17');
INSERT INTO Coupon VALUES ('110000005','131367','0.50','40','2025-01-15');
INSERT INTO Coupon VALUES ('110000005','119338','0.9','20','2023-05-05');
INSERT INTO Coupon VALUES ('110000006','114873','0.48','67','2024-12-24');
INSERT INTO Coupon VALUES ('110000006','116725','0.58','89','2023-08-15');
INSERT INTO Coupon VALUES ('110000007','104118','0.5','6','2025-02-23');
INSERT INTO Coupon VALUES ('110000007','112005','0.86','53','2022-04-10');
INSERT INTO Coupon VALUES ('110000007','107058','0.6','41','2026-12-22');
INSERT INTO Coupon VALUES ('110000007','119338','0.47','68','2022-11-27');
INSERT INTO Coupon VALUES ('110000007','129629','0.67','89','2026-03-15');
INSERT INTO Coupon VALUES ('110000008','107058','0.30','21','2022-01-18');
INSERT INTO Coupon VALUES ('110000008','100205','0.81','54','2022-10-24');
INSERT INTO Coupon VALUES ('110000008','111355','0.79','60','2023-09-22');
INSERT INTO Coupon VALUES ('110000008','131367','0.19','51','2022-05-24');
INSERT INTO Coupon VALUES ('110000010','114873','0.0','21','2024-10-15');
INSERT INTO Coupon VALUES ('110000010','107058','0.28','81','2025-04-04');
INSERT INTO Coupon VALUES ('110000011','100205','0.44','75','2026-12-17');
INSERT INTO Coupon VALUES ('110000011','132654','0.46','13','2025-07-06');
INSERT INTO Coupon VALUES ('110000011','126594','0.55','12','2025-09-15');
INSERT INTO Coupon VALUES ('110000011','132161','0.96','22','2023-04-09');
INSERT INTO Coupon VALUES ('110000012','100205','0.99','42','2025-05-15');
INSERT INTO Coupon VALUES ('110000012','123439','0.80','35','2024-08-01');
INSERT INTO Coupon VALUES ('110000012','104118','0.16','25','2026-04-01');
INSERT INTO Coupon VALUES ('110000013','126594','0.94','85','2022-10-02');
INSERT INTO Coupon VALUES ('110000013','128487','0.16','6','2025-10-27');
INSERT INTO Coupon VALUES ('110000013','116349','0.98','70','2025-09-02');
INSERT INTO Coupon VALUES ('110000013','106497','0.96','66','2023-01-20');
INSERT INTO Coupon VALUES ('110000014','100205','0.73','56','2022-11-15');
INSERT INTO Coupon VALUES ('110000014','101053','0.40','77','2022-09-16');
INSERT INTO Coupon VALUES ('110000015','104118','0.26','31','2023-08-16');
INSERT INTO Coupon VALUES ('110000015','123439','0.62','72','2023-12-10');
INSERT INTO Coupon VALUES ('110000015','107058','0.99','23','2026-11-10');
INSERT INTO Coupon VALUES ('110000017','128487','0.88','75','2024-03-05');
INSERT INTO Coupon VALUES ('110000017','131367','0.42','92','2022-06-27');
INSERT INTO Coupon VALUES ('110000017','114516','0.33','85','2026-09-14');
INSERT INTO Coupon VALUES ('110000018','129641','0.36','73','2025-01-16');
INSERT INTO Coupon VALUES ('110000018','104801','0.38','58','2023-07-22');
INSERT INTO Coupon VALUES ('110000018','114516','0.74','68','2023-04-02');
INSERT INTO Coupon VALUES ('110000019','116349','0.97','84','2022-01-23');
INSERT INTO Coupon VALUES ('110000019','114516','0.96','15','2026-10-10');
INSERT INTO Coupon VALUES ('110000019','112005','0.29','40','2026-03-14');
INSERT INTO Coupon VALUES ('110000019','108212','0.46','43','2022-04-05');
INSERT INTO Coupon VALUES ('110000020','128505','0.56','100','2026-03-14');
INSERT INTO Coupon VALUES ('110000020','100205','0.88','43','2023-06-13');
INSERT INTO Coupon VALUES ('110000020','120423','0.6','49','2023-06-05');
INSERT INTO Coupon VALUES ('110000020','101589','0.16','16','2024-03-28');
INSERT INTO Coupon VALUES ('110000020','103789','0.42','74','2025-03-11');
INSERT INTO Coupon VALUES ('110000021','126594','0.93','81','2023-05-24');
INSERT INTO Coupon VALUES ('110000021','114516','0.12','86','2024-07-14');
INSERT INTO Coupon VALUES ('110000021','101053','0.18','70','2024-12-10');
INSERT INTO Coupon VALUES ('110000021','132161','0.67','98','2022-12-05');
INSERT INTO Coupon VALUES ('110000023','120261','0.48','42','2023-09-06');
INSERT INTO Coupon VALUES ('110000023','100205','0.93','22','2023-02-17');
INSERT INTO Coupon VALUES ('110000023','103789','0.32','95','2026-07-12');
INSERT INTO Coupon VALUES ('110000023','106497','0.38','93','2026-03-15');
INSERT INTO Coupon VALUES ('110000023','128505','0.17','62','2024-10-26');
INSERT INTO Coupon VALUES ('110000024','106869','0.84','52','2024-02-18');
INSERT INTO Coupon VALUES ('110000024','114516','0.64','14','2024-03-09');
INSERT INTO Coupon VALUES ('110000025','128487','0.95','19','2026-05-28');
INSERT INTO Coupon VALUES ('110000025','131367','0.31','26','2022-02-26');
INSERT INTO Coupon VALUES ('110000025','107058','0.80','2','2024-06-12');
INSERT INTO Admin VALUES ('200000001');
INSERT INTO Admin VALUES ('200000002');
INSERT INTO Admin VALUES ('200000003');
INSERT INTO Admin VALUES ('200000004');
INSERT INTO Admin VALUES ('200000005');
INSERT INTO Admin VALUES ('200000006');
INSERT INTO Admin VALUES ('200000007');
INSERT INTO Admin VALUES ('200000008');
INSERT INTO Admin VALUES ('200000009');
INSERT INTO Admin VALUES ('200000010');
INSERT INTO Admin VALUES ('200000011');
INSERT INTO Admin VALUES ('200000012');
INSERT INTO Admin VALUES ('200000013');
INSERT INTO Admin VALUES ('200000014');
INSERT INTO Admin VALUES ('200000015');
INSERT INTO Admin VALUES ('200000016');
INSERT INTO Admin VALUES ('200000017');
INSERT INTO Admin VALUES ('200000018');
INSERT INTO Admin VALUES ('200000019');
INSERT INTO Admin VALUES ('200000020');
INSERT INTO Admin VALUES ('200000021');
INSERT INTO Admin VALUES ('200000022');
INSERT INTO Admin VALUES ('200000023');
INSERT INTO Admin VALUES ('200000024');
INSERT INTO Admin VALUES ('200000025');
INSERT INTO Manages VALUES ('200000009','www.421market.com/brand14','2023-06-26','5');
INSERT INTO Manages VALUES ('200000002','www.421market.com/brand5','2023-10-26','5');
INSERT INTO Manages VALUES ('200000011','www.421market.com/brand6','2021-11-26','5');
INSERT INTO Manages VALUES ('200000018','www.421market.com/brand1','2020-01-06','5');
INSERT INTO Manages VALUES ('200000025','www.421market.com/brand16','2018-09-21','5');
INSERT INTO Manages VALUES ('200000016','www.421market.com/brand20','2022-03-28','5');
INSERT INTO Manages VALUES ('200000006','www.421market.com/brand17','2021-03-03','5');
INSERT INTO Manages VALUES ('200000005','www.421market.com/brand13','2016-03-31','5');
INSERT INTO Manages VALUES ('200000003','www.421market.com/brand19','2023-03-30','5');
INSERT INTO Manages VALUES ('200000023','www.421market.com/brand10','2017-09-05','5');
INSERT INTO Manages VALUES ('200000019','www.421market.com/brand12','2016-02-19','5');
INSERT INTO Manages VALUES ('200000020','www.421market.com/brand9','2020-10-05','5');
INSERT INTO Manages VALUES ('200000024','www.421market.com/brand15','2022-10-14','5');
INSERT INTO Manages VALUES ('200000015','www.421market.com/brand2','2015-06-07','5');
INSERT INTO Manages VALUES ('200000007','www.421market.com/brand18','2015-03-08','5');
INSERT INTO Manages VALUES ('200000010','www.421market.com/brand3','2021-01-06','5');
INSERT INTO Manages VALUES ('200000017','www.421market.com/brand4','2015-02-26','5');
INSERT INTO Manages VALUES ('200000004','www.421market.com/brand7','2016-11-03','5');
INSERT INTO Manages VALUES ('200000014','www.421market.com/brand8','2021-05-28','5');
INSERT INTO Manages VALUES ('200000022','www.421market.com/brand11','2023-11-15','5');
INSERT INTO Manages VALUES ('200000001','www.421market.com/brand17','2019-02-06','2');
INSERT INTO Manages VALUES ('200000001','www.421market.com/brand19','2019-07-14','4');
INSERT INTO Manages VALUES ('200000001','www.421market.com/brand14','2014-06-14','1');
INSERT INTO Manages VALUES ('200000002','www.421market.com/brand10','2020-03-21','3');
INSERT INTO Manages VALUES ('200000002','www.421market.com/brand12','2015-04-19','4');
INSERT INTO Manages VALUES ('200000003','www.421market.com/brand20','2023-08-11','4');
INSERT INTO Manages VALUES ('200000003','www.421market.com/brand6','2022-06-19','5');
INSERT INTO Manages VALUES ('200000003','www.421market.com/brand10','2017-02-23','4');
INSERT INTO Manages VALUES ('200000005','www.421market.com/brand13','2016-10-04','5');
INSERT INTO Manages VALUES ('200000007','www.421market.com/brand3','2016-09-21','4');
INSERT INTO Manages VALUES ('200000007','www.421market.com/brand10','2021-07-22','5');
INSERT INTO Manages VALUES ('200000008','www.421market.com/brand19','2020-05-31','3');
INSERT INTO Manages VALUES ('200000009','www.421market.com/brand12','2017-10-28','3');
INSERT INTO Manages VALUES ('200000011','www.421market.com/brand7','2017-02-24','4');
INSERT INTO Manages VALUES ('200000013','www.421market.com/brand10','2018-08-07','3');
INSERT INTO Manages VALUES ('200000013','www.421market.com/brand17','2018-08-15','4');
INSERT INTO Manages VALUES ('200000015','www.421market.com/brand4','2018-03-22','1');
INSERT INTO Manages VALUES ('200000015','www.421market.com/brand16','2019-02-15','1');
INSERT INTO Manages VALUES ('200000016','www.421market.com/brand4','2016-05-10','2');
INSERT INTO Manages VALUES ('200000016','www.421market.com/brand7','2014-06-27','1');
INSERT INTO Manages VALUES ('200000016','www.421market.com/brand6','2021-03-23','4');
INSERT INTO Manages VALUES ('200000017','www.421market.com/brand2','2022-03-09','4');
INSERT INTO Manages VALUES ('200000017','www.421market.com/brand12','2016-04-30','2');
INSERT INTO Manages VALUES ('200000018','www.421market.com/brand4','2022-01-15','1');
INSERT INTO Manages VALUES ('200000019','www.421market.com/brand20','2021-08-21','5');
INSERT INTO Manages VALUES ('200000020','www.421market.com/brand12','2021-06-21','4');
INSERT INTO Manages VALUES ('200000020','www.421market.com/brand16','2019-08-11','5');
INSERT INTO Manages VALUES ('200000021','www.421market.com/brand19','2018-06-21','1');
INSERT INTO Manages VALUES ('200000021','www.421market.com/brand2','2018-02-12','2');
INSERT INTO Manages VALUES ('200000022','www.421market.com/brand20','2020-02-18','4');
INSERT INTO Manages VALUES ('200000023','www.421market.com/brand9','2016-08-10','4');
INSERT INTO Manages VALUES ('200000023','www.421market.com/brand15','2015-04-27','2');
INSERT INTO Manages VALUES ('200000024','www.421market.com/brand12','2019-03-11','5');
INSERT INTO Manages VALUES ('200000024','www.421market.com/brand18','2018-03-29','4');
INSERT INTO Manages VALUES ('200000025','www.421market.com/brand6','2017-01-28','2');
INSERT INTO Manages VALUES ('200000025','www.421market.com/brand17','2017-02-26','2');
INSERT INTO Card VALUES ('1000000000032277','2025-03-11','100000001');
INSERT INTO Card VALUES ('1000000000006423','2028-08-25','100000002');
INSERT INTO Card VALUES ('1000000000024584','2024-10-16','100000002');
INSERT INTO Card VALUES ('1000000000013875','2024-02-24','100000002');
INSERT INTO Card VALUES ('1000000000018251','2024-09-13','100000003');
INSERT INTO Card VALUES ('1000000000004691','2028-02-15','100000003');
INSERT INTO Card VALUES ('1000000000015824','2024-08-03','100000003');
INSERT INTO Card VALUES ('1000000000012457','2025-12-15','100000004');
INSERT INTO Card VALUES ('1000000000013438','2027-11-24','100000004');
INSERT INTO Card VALUES ('1000000000004556','2028-09-05','100000004');
INSERT INTO Card VALUES ('1000000000024756','2026-07-09','100000006');
INSERT INTO Card VALUES ('1000000000032162','2029-01-22','100000006');
INSERT INTO Card VALUES ('1000000000016398','2024-10-30','100000007');
INSERT INTO Card VALUES ('1000000000024874','2027-04-17','100000008');
INSERT INTO Card VALUES ('1000000000005092','2026-02-04','100000008');
INSERT INTO Card VALUES ('1000000000013328','2028-03-14','100000008');
INSERT INTO Card VALUES ('1000000000022994','2026-10-14','100000008');
INSERT INTO Card VALUES ('1000000000030444','2028-07-22','100000009');
INSERT INTO Card VALUES ('1000000000019703','2024-08-26','100000009');
INSERT INTO Card VALUES ('1000000000031120','2027-03-23','100000009');
INSERT INTO Card VALUES ('1000000000022084','2028-09-22','100000010');
INSERT INTO Card VALUES ('1000000000031852','2026-03-15','100000010');
INSERT INTO Card VALUES ('1000000000012517','2025-08-26','100000010');
INSERT INTO Card VALUES ('1000000000005472','2026-09-13','100000010');
INSERT INTO Card VALUES ('1000000000007893','2028-07-27','100000011');
INSERT INTO Card VALUES ('1000000000020312','2028-12-06','100000012');
INSERT INTO Card VALUES ('1000000000006687','2024-10-21','100000015');
INSERT INTO Card VALUES ('1000000000002437','2024-12-06','100000016');
INSERT INTO Card VALUES ('1000000000027416','2027-10-11','100000017');
INSERT INTO Card VALUES ('1000000000030671','2027-08-04','100000019');
INSERT INTO Card VALUES ('1000000000005801','2027-05-02','100000020');
INSERT INTO Card VALUES ('1000000000005790','2028-05-31','100000021');
INSERT INTO Card VALUES ('1000000000003891','2028-07-28','100000021');
INSERT INTO Card VALUES ('1000000000008633','2025-07-25','100000021');
INSERT INTO Card VALUES ('1000000000025169','2027-07-10','100000022');
INSERT INTO Card VALUES ('1000000000023682','2028-09-10','100000023');
INSERT INTO Card VALUES ('1000000000015964','2026-05-25','100000023');
INSERT INTO Card VALUES ('1000000000021357','2027-04-21','100000023');
INSERT INTO Card VALUES ('1000000000007491','2026-02-03','100000023');
INSERT INTO Card VALUES ('1000000000022681','2026-03-22','110000001');
INSERT INTO Card VALUES ('1000000000016375','2026-04-11','110000002');
INSERT INTO Card VALUES ('1000000000001676','2025-10-27','110000003');
INSERT INTO Card VALUES ('1000000000010260','2028-01-21','110000003');
INSERT INTO Card VALUES ('1000000000032026','2028-07-30','110000005');
INSERT INTO Card VALUES ('1000000000008693','2024-07-09','110000005');
INSERT INTO Card VALUES ('1000000000011780','2026-06-15','110000005');
INSERT INTO Card VALUES ('1000000000025126','2028-12-30','110000005');
INSERT INTO Card VALUES ('1000000000028580','2028-03-09','110000006');
INSERT INTO Card VALUES ('1000000000023125','2026-01-19','110000006');
INSERT INTO Card VALUES ('1000000000012052','2027-01-01','110000007');
INSERT INTO Card VALUES ('1000000000030789','2027-09-25','110000007');
INSERT INTO Card VALUES ('1000000000027243','2025-09-12','110000008');
INSERT INTO Card VALUES ('1000000000025807','2026-04-02','110000008');
INSERT INTO Card VALUES ('1000000000013009','2025-03-30','110000009');
INSERT INTO Card VALUES ('1000000000026806','2024-09-10','110000009');
INSERT INTO Card VALUES ('1000000000015621','2028-04-28','110000009');
INSERT INTO Card VALUES ('1000000000007748','2027-02-09','110000010');
INSERT INTO Card VALUES ('1000000000009979','2028-07-12','110000011');
INSERT INTO Card VALUES ('1000000000015573','2025-02-23','110000011');
INSERT INTO Card VALUES ('1000000000021525','2026-05-15','110000011');
INSERT INTO Card VALUES ('1000000000019101','2026-11-10','110000012');
INSERT INTO Card VALUES ('1000000000019801','2028-09-18','110000013');
INSERT INTO Card VALUES ('1000000000011040','2028-11-28','110000013');
INSERT INTO Card VALUES ('1000000000020470','2024-08-26','110000014');
INSERT INTO Card VALUES ('1000000000019677','2025-07-15','110000014');
INSERT INTO Card VALUES ('1000000000030797','2027-11-01','110000016');
INSERT INTO Card VALUES ('1000000000009815','2025-01-04','110000017');
INSERT INTO Card VALUES ('1000000000030635','2024-04-05','110000017');
INSERT INTO Card VALUES ('1000000000010541','2027-09-03','110000017');
INSERT INTO Card VALUES ('1000000000012212','2025-07-05','110000017');
INSERT INTO Card VALUES ('1000000000002276','2028-05-13','110000019');
INSERT INTO Card VALUES ('1000000000021728','2024-06-20','110000020');
INSERT INTO Card VALUES ('1000000000024165','2024-10-16','110000020');
INSERT INTO Card VALUES ('1000000000013072','2025-03-14','110000021');
INSERT INTO Card VALUES ('1000000000029166','2027-11-17','110000021');
INSERT INTO Card VALUES ('1000000000018832','2025-11-26','110000021');
INSERT INTO Card VALUES ('1000000000026344','2025-02-28','110000022');
INSERT INTO Card VALUES ('1000000000011289','2025-04-27','110000022');
INSERT INTO Card VALUES ('1000000000023180','2025-08-21','110000022');
INSERT INTO Card VALUES ('1000000000017257','2025-12-08','110000022');
INSERT INTO Card VALUES ('1000000000004856','2027-06-05','110000023');
INSERT INTO Card VALUES ('1000000000006051','2025-01-21','110000023');
INSERT INTO Card VALUES ('1000000000029050','2026-10-10','110000023');
INSERT INTO Card VALUES ('1000000000014728','2026-05-20','110000023');
INSERT INTO Card VALUES ('1000000000006703','2024-06-17','110000024');
INSERT INTO Card VALUES ('1000000000028129','2027-05-03','110000024');
INSERT INTO Card VALUES ('1000000000016289','2027-03-27','110000024');
INSERT INTO Card VALUES ('1000000000005908','2027-08-14','110000025');
INSERT INTO Card VALUES ('1000000000006659','2027-10-21','110000025');
INSERT INTO Card VALUES ('1000000000026054','2028-03-31',NULL);
INSERT INTO Card VALUES ('1000000000001398','2028-11-13',NULL);
INSERT INTO Card VALUES ('1000000000027778','2024-04-11',NULL);
INSERT INTO Card VALUES ('1000000000030845','2026-03-18',NULL);
INSERT INTO Card VALUES ('1000000000020531','2028-10-01',NULL);
INSERT INTO Card VALUES ('1000000000020830','2028-04-27',NULL);
INSERT INTO Card VALUES ('1000000000024555','2028-02-11',NULL);
INSERT INTO Card VALUES ('1000000000008228','2025-06-30',NULL);
INSERT INTO Card VALUES ('1000000000024139','2024-10-27',NULL);
INSERT INTO Card VALUES ('1000000000013458','2025-04-28',NULL);
INSERT INTO Card VALUES ('1000000000029237','2027-02-15',NULL);
INSERT INTO Card VALUES ('1000000000013782','2026-07-28',NULL);
INSERT INTO Card VALUES ('1000000000003174','2028-09-21',NULL);
INSERT INTO Card VALUES ('1000000000012243','2028-09-22',NULL);
INSERT INTO Card VALUES ('1000000000001355','2029-01-24',NULL);
INSERT INTO Card VALUES ('1000000000028826','2027-12-12',NULL);
INSERT INTO Card VALUES ('1000000000024941','2026-04-26',NULL);
INSERT INTO Card VALUES ('1000000000019216','2026-04-07',NULL);
INSERT INTO Card VALUES ('1000000000004740','2026-02-23',NULL);
INSERT INTO Card VALUES ('1000000000023493','2026-04-28',NULL);
INSERT INTO Card VALUES ('1000000000027537','2028-02-05',NULL);
INSERT INTO Card VALUES ('1000000000026207','2024-02-27',NULL);
INSERT INTO Card VALUES ('1000000000008363','2027-02-18',NULL);
INSERT INTO Card VALUES ('1000000000012574','2027-02-18',NULL);
INSERT INTO Card VALUES ('1000000000009100','2024-05-23',NULL);
INSERT INTO Card VALUES ('1000000000030491','2026-04-20',NULL);
INSERT INTO Card VALUES ('1000000000002663','2028-03-24',NULL);
INSERT INTO Card VALUES ('1000000000010004','2025-03-30',NULL);
INSERT INTO Card VALUES ('1000000000010728','2027-02-09',NULL);
INSERT INTO Card VALUES ('1000000000011656','2025-04-25',NULL);
INSERT INTO Restock VALUES ('Supplier4','1','Location2','2023-05-07');
INSERT INTO Restock VALUES ('Supplier9','1','Location1','2024-01-23');
INSERT INTO Restock VALUES ('Supplier5','1','Location9','2023-06-28');
INSERT INTO Restock VALUES ('Supplier6','1','Location4','2023-10-21');
INSERT INTO Restock VALUES ('Supplier9','2','Location4','2023-12-28');
INSERT INTO Restock VALUES ('Supplier1','1','Location9','2023-12-10');
INSERT INTO Restock VALUES ('Supplier10','1','Location2','2023-08-03');
INSERT INTO Restock VALUES ('Supplier8','1','Location4','2023-12-14');
INSERT INTO Restock VALUES ('Supplier2','1','Location10','2023-09-25');
INSERT INTO Restock VALUES ('Supplier8','2','Location5','2023-03-23');
INSERT INTO Restock VALUES ('Supplier8','3','Location6','2023-04-17');
INSERT INTO Restock VALUES ('Supplier4','2','Location5','2023-08-14');
INSERT INTO Restock VALUES ('Supplier8','4','Location5','2023-11-05');
INSERT INTO Restock VALUES ('Supplier9','3','Location7','2023-04-30');
INSERT INTO Restock VALUES ('Supplier9','4','Location2','2023-08-10');
INSERT INTO Restock VALUES ('Supplier6','2','Location4','2023-04-07');
INSERT INTO Restock VALUES ('Supplier2','2','Location10','2023-08-18');
INSERT INTO Restock VALUES ('Supplier5','2','Location3','2023-09-24');
INSERT INTO Restock VALUES ('Supplier7','1','Location1','2023-06-01');
INSERT INTO Restock VALUES ('Supplier3','1','Location5','2023-06-12');
INSERT INTO Restock VALUES ('Supplier2','3','Location8','2024-02-03');
INSERT INTO Restock VALUES ('Supplier6','3','Location2','2024-01-19');
INSERT INTO Restock VALUES ('Supplier3','2','Location1','2024-02-02');
INSERT INTO Restock VALUES ('Supplier7','2','Location5','2023-10-16');
INSERT INTO Restock VALUES ('Supplier10','2','Location7','2023-11-04');
INSERT INTO Restock VALUES ('Supplier4','3','Location3','2023-08-22');
INSERT INTO Restock VALUES ('Supplier8','5','Location1','2023-05-25');
INSERT INTO Restock VALUES ('Supplier7','3','Location3','2023-09-08');
INSERT INTO Restock VALUES ('Supplier1','2','Location6','2023-08-15');
INSERT INTO Restock VALUES ('Supplier5','3','Location6','2023-05-03');
INSERT INTO Order VALUES ('100000001','Address 1','363.3','2024-02-16','user100000017@example.com','1000000000027416');
INSERT INTO Order VALUES ('100000002','Address 2','363.3','2024-02-16','guest2@example.com','1000000000003174');
INSERT INTO Order VALUES ('100000004','Address 3','363.3','2024-02-16','user110000013@example.com','1000000000019801');
INSERT INTO Order VALUES ('100000006','Address 4','331.41','2024-02-16','user100000006@example.com','1000000000032162');
INSERT INTO Order VALUES ('100000008','Address 5','332.52','2024-02-16','guest5@example.com','1000000000008228');
INSERT INTO Order VALUES ('100000011','Address 6','499.69','2024-02-16','user100000010@example.com','1000000000012517');
INSERT INTO Order VALUES ('100000012','Address 7','1050.7','2024-02-16','user110000003@example.com','1000000000001676');
INSERT INTO Order VALUES ('100000013','Address 8','1056.21','2024-02-16','user110000014@example.com','1000000000019677');
INSERT INTO Order VALUES ('100000014','Address 9','620.21','2024-02-16','user100000017@example.com','1000000000027416');
INSERT INTO Order VALUES ('100000015','Address 10','1028.34','2024-02-16','user100000003@example.com','1000000000004691');
INSERT INTO Order VALUES ('100000016','Address 11','877.12','2024-02-16','user100000002@example.com','1000000000013875');
INSERT INTO Order VALUES ('100000017','Address 12','363.3','2024-02-16','user110000014@example.com','1000000000019677');
INSERT INTO Order VALUES ('100000019','Address 13','1116.99','2024-02-16','user100000003@example.com','1000000000018251');
INSERT INTO Order VALUES ('100000020','Address 14','190.62','2024-02-16','guest14@example.com','1000000000019216');
INSERT INTO Order VALUES ('100000022','Address 15','256.91','2024-02-16','user110000016@example.com','1000000000030797');
INSERT INTO Order VALUES ('100000023','Address 16','983.51','2024-02-16','user110000021@example.com','1000000000029166');
INSERT INTO Order VALUES ('100000024','Address 17','1862.37','2024-02-16','guest17@example.com','1000000000013782');
INSERT INTO Order VALUES ('100000025','Address 18','1223.38','2024-02-16','user100000008@example.com','1000000000013328');
INSERT INTO Order VALUES ('100000026','Address 19','363.3','2024-02-16','user100000015@example.com','1000000000006687');
INSERT INTO Order VALUES ('100000027','Address 20','499.69','2024-02-16','user100000023@example.com','1000000000015964');
INSERT INTO Order VALUES ('100000028','Address 21','952.73','2024-02-16','guest21@example.com','1000000000013782');
INSERT INTO Order VALUES ('100000031','Address 22','999.38','2024-02-16','user110000022@example.com','1000000000023180');
INSERT INTO Order VALUES ('100000032','Address 23','256.91','2024-02-16','user110000022@example.com','1000000000017257');
INSERT INTO Order VALUES ('100000036','Address 24','256.91','2024-02-16','guest24@example.com','1000000000030845');
INSERT INTO Order VALUES ('100000039','Address 25','256.91','2024-02-16','user110000019@example.com','1000000000002276');
INSERT INTO Order VALUES ('100000040','Address 26','1192.6','2024-02-16','user110000011@example.com','1000000000009979');
INSERT INTO Product VALUES ('120423','100000001',NULL,'100000006','Supplier10','2');
INSERT INTO Product VALUES ('107058','100000001',NULL,'100000012','Supplier4','3');
INSERT INTO Product VALUES ('107058','100000002',NULL,'100000011','Supplier6','3');
INSERT INTO Product VALUES ('107058','100000003',NULL,'100000027','Supplier7','1');
INSERT INTO Product VALUES ('107058','100000004',NULL,'100000031','Supplier7','1');
INSERT INTO Product VALUES ('107058','100000005',NULL,'100000019','Supplier4','3');
INSERT INTO Product VALUES ('107058','100000006',NULL,'100000040','Supplier9','2');
INSERT INTO Product VALUES ('107058','100000007',NULL,'100000024','Supplier3','1');
INSERT INTO Product VALUES ('107058','100000008',NULL,'100000025','Supplier6','2');
INSERT INTO Product VALUES ('107058','100000009',NULL,'100000031','Supplier7','3');
INSERT INTO Product VALUES ('107058','100000010',NULL,'100000024','Supplier2','3');
INSERT INTO Product VALUES ('107058','100000011',NULL,'100000024','Supplier6','1');
INSERT INTO Product VALUES ('101589','100000001',NULL,'100000023','Supplier1','2');
INSERT INTO Product VALUES ('101589','100000002',NULL,'100000039','Supplier2','2');
INSERT INTO Product VALUES ('101589','100000003',NULL,'100000014','Supplier8','4');
INSERT INTO Product VALUES ('101589','100000004',NULL,'100000028','Supplier2','1');
INSERT INTO Product VALUES ('101589','100000005',NULL,'100000016','Supplier7','3');
INSERT INTO Product VALUES ('101589','100000006',NULL,'100000016','Supplier3','2');
INSERT INTO Product VALUES ('101589','100000007',NULL,'100000032','Supplier2','2');
INSERT INTO Product VALUES ('101589','100000008',NULL,'100000019','Supplier4','1');
INSERT INTO Product VALUES ('101589','100000009',NULL,'100000022','Supplier5','1');
INSERT INTO Product VALUES ('101589','100000010',NULL,'100000036','Supplier5','2');
INSERT INTO Product VALUES ('114873','100000001',NULL,'100000040','Supplier7','1');
INSERT INTO Product VALUES ('114873','100000002',NULL,'100000008','Supplier1','1');
INSERT INTO Product VALUES ('114873','100000003',NULL,'100000013','Supplier7','2');
INSERT INTO Product VALUES ('114873','100000004',NULL,'100000015','Supplier2','1');
INSERT INTO Product VALUES ('114873','100000005',NULL,'100000015','Supplier3','1');
INSERT INTO Product VALUES ('114873','100000006',NULL,'100000028','Supplier5','2');
INSERT INTO Product VALUES ('119338','100000001',NULL,'100000012','Supplier8','5');
INSERT INTO Product VALUES ('119338','100000002',NULL,'100000020','Supplier9','4');
INSERT INTO Product VALUES ('119338','100000003',NULL,'100000006','Supplier6','2');
INSERT INTO Product VALUES ('100205','100000001',NULL,'100000025','Supplier5','3');
INSERT INTO Product VALUES ('100205','100000002',NULL,'100000023','Supplier4','3');
INSERT INTO Product VALUES ('100205','100000003',NULL,'100000002','Supplier4','3');
INSERT INTO Product VALUES ('100205','100000004',NULL,'100000016','Supplier8','2');
INSERT INTO Product VALUES ('100205','100000005',NULL,'100000015','Supplier3','2');
INSERT INTO Product VALUES ('100205','100000006',NULL,'100000013','Supplier1','2');
INSERT INTO Product VALUES ('100205','100000007',NULL,'100000001','Supplier6','3');
INSERT INTO Product VALUES ('100205','100000008',NULL,'100000028','Supplier8','3');
INSERT INTO Product VALUES ('100205','100000009',NULL,'100000014','Supplier8','2');
INSERT INTO Product VALUES ('100205','100000010',NULL,'100000017','Supplier4','1');
INSERT INTO Product VALUES ('100205','100000011',NULL,'100000024','Supplier7','2');
INSERT INTO Product VALUES ('100205','100000012',NULL,'100000026','Supplier6','2');
INSERT INTO Product VALUES ('100205','100000013',NULL,'100000004','Supplier9','1');
INSERT INTO Product VALUES ('100205','100000014',NULL,'100000023','Supplier8','3');
INSERT INTO Product VALUES ('114516','100000001',NULL,'100000013','Supplier4','3');
INSERT INTO Product VALUES ('114516','100000002',NULL,'100000025','Supplier6','3');
INSERT INTO Product VALUES ('114516','100000003',NULL,'100000040','Supplier9','1');
INSERT INTO Product VALUES ('114516','100000004',NULL,'100000012','Supplier9','1');
INSERT INTO Product VALUES ('114516','100000005',NULL,'100000019','Supplier8','4');
INSERT INTO Product VALUES ('114516','100000006',NULL,NULL,'Supplier1','2');
INSERT INTO Product VALUES ('114516','100000007',NULL,NULL,'Supplier5','3');
INSERT INTO Product VALUES ('114516','100000008',NULL,NULL,'Supplier5','3');
INSERT INTO Product VALUES ('114516','100000009',NULL,NULL,'Supplier1','2');
INSERT INTO Product VALUES ('114516','100000010',NULL,NULL,'Supplier4','2');
INSERT INTO Product VALUES ('114516','100000011',NULL,NULL,'Supplier4','1');
INSERT INTO Product VALUES ('131367','100000001',NULL,NULL,'Supplier9','4');
INSERT INTO Product VALUES ('126594','100000001',NULL,NULL,'Supplier5','2');
INSERT INTO Product VALUES ('126594','100000002',NULL,NULL,'Supplier4','1');
INSERT INTO Product VALUES ('126594','100000003',NULL,NULL,'Supplier8','3');
INSERT INTO Product VALUES ('126594','100000004',NULL,NULL,'Supplier9','2');
INSERT INTO Product VALUES ('126594','100000005',NULL,NULL,'Supplier7','2');
INSERT INTO Product VALUES ('126594','100000006',NULL,NULL,'Supplier1','2');
INSERT INTO Product VALUES ('126594','100000007',NULL,NULL,'Supplier2','1');
INSERT INTO Product VALUES ('126594','100000008',NULL,NULL,'Supplier7','1');
INSERT INTO Product VALUES ('126594','100000009',NULL,NULL,'Supplier6','2');
INSERT INTO Product VALUES ('126594','100000010',NULL,NULL,'Supplier6','3');
INSERT INTO Product VALUES ('103789','100000001',NULL,NULL,'Supplier9','3');
INSERT INTO Product VALUES ('103789','100000002',NULL,NULL,'Supplier5','3');
INSERT INTO Product VALUES ('103789','100000003',NULL,NULL,'Supplier7','2');
INSERT INTO Product VALUES ('103789','100000004',NULL,NULL,'Supplier2','1');
INSERT INTO Product VALUES ('103789','100000005',NULL,NULL,'Supplier4','1');
INSERT INTO Product VALUES ('103789','100000006',NULL,NULL,'Supplier2','1');
INSERT INTO Product VALUES ('103789','100000007',NULL,NULL,'Supplier7','1');
INSERT INTO Product VALUES ('103789','100000008',NULL,NULL,'Supplier8','3');
INSERT INTO Product VALUES ('103789','100000009',NULL,NULL,'Supplier6','3');
INSERT INTO Product VALUES ('103789','100000010',NULL,NULL,'Supplier7','2');
INSERT INTO Product VALUES ('103789','100000011',NULL,NULL,'Supplier2','1');
INSERT INTO Product VALUES ('129629','100000001',NULL,NULL,'Supplier9','1');
INSERT INTO Product VALUES ('129629','100000002',NULL,NULL,'Supplier7','2');
INSERT INTO Product VALUES ('129629','100000003',NULL,NULL,'Supplier7','2');
INSERT INTO Product VALUES ('129629','100000004',NULL,NULL,'Supplier8','1');
INSERT INTO Product VALUES ('129629','100000005',NULL,NULL,'Supplier6','3');
INSERT INTO Product VALUES ('129629','100000006',NULL,NULL,'Supplier2','2');
INSERT INTO Product VALUES ('129629','100000007',NULL,NULL,'Supplier1','1');
INSERT INTO Product VALUES ('129629','100000008',NULL,NULL,'Supplier1','1');
INSERT INTO Product VALUES ('129629','100000009',NULL,NULL,'Supplier2','2');
INSERT INTO Product VALUES ('129629','100000010',NULL,NULL,'Supplier5','2');
INSERT INTO Product VALUES ('108212','100000001',NULL,NULL,'Supplier2','3');
INSERT INTO Product VALUES ('108212','100000002',NULL,NULL,'Supplier5','1');
INSERT INTO Product VALUES ('108212','100000003',NULL,NULL,'Supplier6','2');
INSERT INTO Product VALUES ('108212','100000004',NULL,NULL,'Supplier10','1');
INSERT INTO Product VALUES ('108212','100000005',NULL,NULL,'Supplier5','2');
INSERT INTO Product VALUES ('108212','100000006',NULL,NULL,'Supplier7','2');
INSERT INTO Product VALUES ('108212','100000007',NULL,NULL,'Supplier8','2');
INSERT INTO Product VALUES ('108212','100000008',NULL,NULL,'Supplier1','2');
INSERT INTO Product VALUES ('108212','100000009',NULL,NULL,'Supplier10','1');
INSERT INTO Product VALUES ('108212','100000010',NULL,NULL,'Supplier1','2');
INSERT INTO Product VALUES ('108212','100000011',NULL,NULL,'Supplier3','2');
INSERT INTO Product VALUES ('108212','100000012',NULL,NULL,'Supplier8','1');
INSERT INTO Product VALUES ('104801','100000001',NULL,NULL,'Supplier7','2');
INSERT INTO Product VALUES ('104801','100000002',NULL,NULL,'Supplier9','3');
INSERT INTO Product VALUES ('104801','100000003',NULL,NULL,'Supplier10','1');
INSERT INTO Product VALUES ('104801','100000004',NULL,NULL,'Supplier9','4');
INSERT INTO Product VALUES ('104801','100000005',NULL,NULL,'Supplier5','3');
INSERT INTO Product VALUES ('104801','100000006',NULL,NULL,'Supplier10','1');
INSERT INTO Product VALUES ('104801','100000007',NULL,NULL,'Supplier1','2');
INSERT INTO Product VALUES ('104801','100000008',NULL,NULL,'Supplier9','2');
INSERT INTO Product VALUES ('104801','100000009',NULL,NULL,'Supplier1','1');
INSERT INTO Product VALUES ('104801','100000010',NULL,NULL,'Supplier1','2');
INSERT INTO Product VALUES ('104118','100000001',NULL,NULL,'Supplier8','4');
INSERT INTO Product VALUES ('104118','100000002',NULL,NULL,'Supplier10','1');
INSERT INTO Product VALUES ('104118','100000003',NULL,NULL,'Supplier4','1');
INSERT INTO Product VALUES ('104118','100000004',NULL,NULL,'Supplier9','2');
INSERT INTO Product VALUES ('128487','100000001',NULL,NULL,'Supplier1','1');
INSERT INTO Product VALUES ('128487','100000002',NULL,NULL,'Supplier7','3');
INSERT INTO Product VALUES ('116349','100000001',NULL,NULL,'Supplier6','3');
INSERT INTO Product VALUES ('116349','100000002',NULL,NULL,'Supplier8','3');
INSERT INTO Product VALUES ('116349','100000003',NULL,NULL,'Supplier8','2');
INSERT INTO Product VALUES ('116349','100000004',NULL,NULL,'Supplier6','1');
INSERT INTO Product VALUES ('116349','100000005',NULL,NULL,'Supplier9','2');
INSERT INTO Product VALUES ('116349','100000006',NULL,NULL,'Supplier6','1');
INSERT INTO Product VALUES ('132654','100000001',NULL,NULL,'Supplier2','3');
INSERT INTO Product VALUES ('132654','100000002',NULL,NULL,'Supplier9','1');
INSERT INTO Product VALUES ('132654','100000003',NULL,NULL,'Supplier8','5');
INSERT INTO Product VALUES ('132654','100000004',NULL,NULL,'Supplier10','2');
INSERT INTO Product VALUES ('132654','100000005',NULL,NULL,'Supplier6','3');
INSERT INTO Product VALUES ('132654','100000006',NULL,NULL,'Supplier2','3');
INSERT INTO Product VALUES ('132654','100000007',NULL,NULL,'Supplier10','1');
INSERT INTO Product VALUES ('132654','100000008',NULL,NULL,'Supplier8','1');
INSERT INTO Product VALUES ('132654','100000009',NULL,NULL,'Supplier3','2');
INSERT INTO Product VALUES ('132654','100000010',NULL,NULL,'Supplier1','1');
INSERT INTO Product VALUES ('132654','100000011',NULL,NULL,'Supplier7','1');
INSERT INTO Product VALUES ('111355','100000001',NULL,NULL,'Supplier9','3');
INSERT INTO Product VALUES ('111355','100000002',NULL,NULL,'Supplier4','3');
INSERT INTO Product VALUES ('129641','100000001',NULL,NULL,'Supplier5','2');
INSERT INTO Product VALUES ('129641','100000002',NULL,NULL,'Supplier8','1');
INSERT INTO Product VALUES ('129641','100000003',NULL,NULL,'Supplier9','3');
INSERT INTO Product VALUES ('129641','100000004',NULL,NULL,'Supplier4','1');
INSERT INTO Product VALUES ('129641','100000005',NULL,NULL,'Supplier4','3');
INSERT INTO Product VALUES ('116725','100000001',NULL,NULL,'Supplier2','1');
INSERT INTO Product VALUES ('116725','100000002',NULL,NULL,'Supplier4','1');
INSERT INTO Product VALUES ('116725','100000003',NULL,NULL,'Supplier8','3');
INSERT INTO Product VALUES ('116725','100000004',NULL,NULL,'Supplier5','3');
INSERT INTO Product VALUES ('116725','100000005',NULL,NULL,'Supplier10','2');
INSERT INTO Product VALUES ('132161','100000001',NULL,NULL,'Supplier4','3');
INSERT INTO Product VALUES ('132161','100000002',NULL,NULL,'Supplier9','1');
INSERT INTO Product VALUES ('106869','100000001',NULL,NULL,'Supplier2','3');
INSERT INTO Product VALUES ('106869','100000002',NULL,NULL,'Supplier8','2');
INSERT INTO Product VALUES ('112005','100000001',NULL,NULL,'Supplier2','3');
INSERT INTO Product VALUES ('112005','100000002',NULL,NULL,'Supplier7','3');
INSERT INTO Product VALUES ('112005','100000003',NULL,NULL,'Supplier8','5');
INSERT INTO Product VALUES ('112005','100000004',NULL,NULL,'Supplier8','3');
INSERT INTO Product VALUES ('112005','100000005',NULL,NULL,'Supplier7','1');
INSERT INTO Product VALUES ('112005','100000006',NULL,NULL,'Supplier9','4');
INSERT INTO Product VALUES ('112005','100000007',NULL,NULL,'Supplier1','2');
INSERT INTO Product VALUES ('112005','100000008',NULL,NULL,'Supplier8','1');
INSERT INTO Product VALUES ('112005','100000009',NULL,NULL,'Supplier7','1');
INSERT INTO Product VALUES ('112005','100000010',NULL,NULL,'Supplier4','2');
INSERT INTO Product VALUES ('123439','100000001',NULL,NULL,'Supplier6','3');
INSERT INTO Product VALUES ('123439','100000002',NULL,NULL,'Supplier6','2');
INSERT INTO Product VALUES ('123439','100000003',NULL,NULL,'Supplier3','1');
INSERT INTO Product VALUES ('123439','100000004',NULL,NULL,'Supplier7','3');
INSERT INTO Product VALUES ('123439','100000005',NULL,NULL,'Supplier6','2');
INSERT INTO Product VALUES ('123439','100000006',NULL,NULL,'Supplier6','3');
INSERT INTO Product VALUES ('123439','100000007',NULL,NULL,'Supplier8','4');
INSERT INTO Product VALUES ('123439','100000008',NULL,NULL,'Supplier8','5');
INSERT INTO Product VALUES ('123439','100000009',NULL,NULL,'Supplier6','1');
INSERT INTO Product VALUES ('101053','100000001',NULL,NULL,'Supplier9','4');
INSERT INTO Product VALUES ('101053','100000002',NULL,NULL,'Supplier9','4');
INSERT INTO Product VALUES ('101053','100000003',NULL,NULL,'Supplier2','1');
INSERT INTO Product VALUES ('101053','100000004',NULL,NULL,'Supplier7','1');
INSERT INTO Product VALUES ('101053','100000005',NULL,NULL,'Supplier8','1');
INSERT INTO Product VALUES ('101053','100000006',NULL,NULL,'Supplier3','1');
INSERT INTO Product VALUES ('101053','100000007',NULL,NULL,'Supplier9','2');
INSERT INTO Product VALUES ('101053','100000008',NULL,NULL,'Supplier8','2');
INSERT INTO Product VALUES ('101053','100000009',NULL,NULL,'Supplier2','2');
INSERT INTO Product VALUES ('101053','100000010',NULL,NULL,'Supplier9','1');
INSERT INTO Product VALUES ('101053','100000011',NULL,NULL,'Supplier8','2');
INSERT INTO Product VALUES ('101053','100000012',NULL,NULL,'Supplier7','1');
INSERT INTO Product VALUES ('101053','100000013',NULL,NULL,'Supplier9','3');
INSERT INTO Product VALUES ('101053','100000014',NULL,NULL,'Supplier2','2');
INSERT INTO Product VALUES ('116508','100000001',NULL,NULL,'Supplier9','2');
INSERT INTO Product VALUES ('116508','100000002',NULL,NULL,'Supplier7','1');
INSERT INTO Product VALUES ('116508','100000003',NULL,NULL,'Supplier9','2');
INSERT INTO Product VALUES ('116508','100000004',NULL,NULL,'Supplier1','1');
INSERT INTO Product VALUES ('116508','100000005',NULL,NULL,'Supplier7','1');
INSERT INTO Product VALUES ('116508','100000006',NULL,NULL,'Supplier3','2');
INSERT INTO Product VALUES ('116508','100000007',NULL,NULL,'Supplier4','3');
INSERT INTO Product VALUES ('120261','100000001',NULL,NULL,'Supplier2','2');
INSERT INTO Product VALUES ('120261','100000002',NULL,NULL,'Supplier8','5');
INSERT INTO Product VALUES ('120261','100000003',NULL,NULL,'Supplier10','2');
INSERT INTO Product VALUES ('120261','100000004',NULL,NULL,'Supplier4','2');
INSERT INTO Product VALUES ('120261','100000005',NULL,NULL,'Supplier4','1');
INSERT INTO Product VALUES ('120261','100000006',NULL,NULL,'Supplier6','3');
INSERT INTO Product VALUES ('120261','100000007',NULL,NULL,'Supplier5','2');
INSERT INTO Product VALUES ('120261','100000008',NULL,NULL,'Supplier7','1');
INSERT INTO Product VALUES ('107014','100000001',NULL,NULL,'Supplier6','2');
INSERT INTO Product VALUES ('107014','100000002',NULL,NULL,'Supplier8','2');
INSERT INTO Product VALUES ('107014','100000003',NULL,NULL,'Supplier2','1');
INSERT INTO Product VALUES ('107014','100000004',NULL,NULL,'Supplier9','1');
INSERT INTO Product VALUES ('107014','100000005',NULL,NULL,'Supplier2','1');
INSERT INTO Product VALUES ('107014','100000006',NULL,NULL,'Supplier9','3');
INSERT INTO Product VALUES ('107014','100000007',NULL,NULL,'Supplier3','2');
INSERT INTO Product VALUES ('107014','100000008',NULL,NULL,'Supplier3','1');
INSERT INTO Product VALUES ('107014','100000009',NULL,NULL,'Supplier6','1');
INSERT INTO Product VALUES ('106497','100000001',NULL,NULL,'Supplier5','2');
INSERT INTO Product VALUES ('106497','100000002',NULL,NULL,'Supplier8','2');
INSERT INTO Product VALUES ('106497','100000003',NULL,NULL,'Supplier2','2');
INSERT INTO Product VALUES ('106497','100000004',NULL,NULL,'Supplier6','1');
INSERT INTO Product VALUES ('106497','100000005',NULL,NULL,'Supplier6','2');
INSERT INTO Shipment VALUES ('1','Shipper1','100000001','100205','100000007','2023-02-09','2023-02-06');
INSERT INTO Shipment VALUES ('1','Shipper1','100000020','119338','100000002','2022-06-27','2022-06-24');
INSERT INTO Shipment VALUES ('1','Shipper1','100000024','107058','100000011','2024-03-16','2024-03-13');
INSERT INTO Shipment VALUES ('1','Shipper1','100000004','100205','100000013','2022-08-27','2022-08-24');
INSERT INTO Shipment VALUES ('1','Shipper1','100000024','107058','100000010','2023-10-03','2023-09-30');
INSERT INTO Shipment VALUES ('1','Shipper2','100000023','101589','100000001','2022-03-08','2022-03-05');
INSERT INTO Shipment VALUES ('1','Shipper2','100000002','100205','100000003','2022-08-12','2022-08-09');
INSERT INTO Shipment VALUES ('1','Shipper2','100000012','114516','100000004','2023-08-12','2023-08-09');
INSERT INTO Shipment VALUES ('1','Shipper3','100000025','114516','100000002','2022-04-03','2022-03-31');
INSERT INTO Shipment VALUES ('2','Shipper1','100000006','119338','100000003','2024-05-31','2024-05-28');
INSERT INTO Shipment VALUES ('2','Shipper1','100000013','114873','100000003','2022-03-08','2022-03-05');
INSERT INTO Shipment VALUES ('2','Shipper1','100000040','114873','100000001','2023-09-16','2023-09-13');
INSERT INTO Shipment VALUES ('2','Shipper1','100000025','100205','100000001','2024-01-23','2024-01-20');
INSERT INTO Shipment VALUES ('2','Shipper1','100000013','114516','100000001','2024-04-20','2024-04-17');
INSERT INTO Shipment VALUES ('2','Shipper2','100000019','101589','100000008','2022-03-30','2022-03-27');
INSERT INTO Shipment VALUES ('2','Shipper2','100000016','101589','100000005','2024-04-29','2024-04-26');
INSERT INTO Shipment VALUES ('2','Shipper2','100000019','114516','100000005','2022-09-15','2022-09-12');
INSERT INTO Shipment VALUES ('2','Shipper2','100000028','100205','100000008','2023-07-26','2023-07-23');
INSERT INTO Shipment VALUES ('2','Shipper2','100000040','114516','100000003','2024-02-04','2024-02-01');
INSERT INTO Shipment VALUES ('2','Shipper3','100000015','114873','100000005','2022-03-23','2022-03-20');
INSERT INTO Shipment VALUES ('3','Shipper1','100000013','100205','100000006','2022-08-12','2022-08-09');
INSERT INTO Shipment VALUES ('3','Shipper1','100000031','107058','100000009','2024-03-04','2024-03-01');
INSERT INTO Shipment VALUES ('3','Shipper2','100000014','101589','100000003','2022-09-03','2022-08-31');
INSERT INTO Shipment VALUES ('3','Shipper2','100000023','100205','100000002','2024-01-09','2024-01-06');
INSERT INTO Shipment VALUES ('3','Shipper2','100000016','101589','100000006','2023-06-19','2023-06-16');
INSERT INTO Shipment VALUES ('3','Shipper2','100000024','100205','100000011','2023-03-14','2023-03-11');
INSERT INTO Shipment VALUES ('3','Shipper3','100000040','107058','100000006','2024-04-02','2024-03-30');
INSERT INTO Shipment VALUES ('3','Shipper3','100000026','100205','100000012','2023-10-24','2023-10-21');
INSERT INTO Shipment VALUES ('3','Shipper3','100000025','107058','100000008','2023-12-29','2023-12-26');
INSERT INTO Shipment VALUES ('3','Shipper3','100000008','114873','100000002','2024-11-09','2024-11-06');
INSERT INTO Shipment VALUES ('3','Shipper3','100000028','101589','100000004','2022-12-20','2022-12-17');
INSERT INTO Shipment VALUES ('4','Shipper1','100000012','107058','100000001','2023-10-14','2023-10-11');
INSERT INTO Shipment VALUES ('4','Shipper2','100000032','101589','100000007','2023-12-09','2023-12-06');
INSERT INTO Shipment VALUES ('4','Shipper2','100000011','107058','100000002','2022-07-09','2022-07-06');
INSERT INTO Shipment VALUES ('4','Shipper2','100000036','101589','100000010','2024-05-06','2024-05-03');
INSERT INTO Shipment VALUES ('4','Shipper3','100000027','107058','100000003','2024-02-22','2024-02-19');
INSERT INTO Shipment VALUES ('4','Shipper3','100000016','100205','100000004','2024-09-11','2024-09-08');
INSERT INTO Shipment VALUES ('4','Shipper3','100000015','100205','100000005','2023-07-25','2023-07-22');
INSERT INTO Shipment VALUES ('5','Shipper1','100000014','100205','100000009','2023-10-30','2023-10-27');
INSERT INTO Shipment VALUES ('5','Shipper1','100000022','101589','100000009','2023-05-10','2023-05-07');
INSERT INTO Shipment VALUES ('5','Shipper1','100000012','119338','100000001','2024-07-05','2024-07-02');
INSERT INTO Shipment VALUES ('5','Shipper2','100000023','100205','100000014','2023-04-28','2023-04-25');
INSERT INTO Shipment VALUES ('5','Shipper3','100000019','107058','100000005','2022-12-21','2022-12-18');
INSERT INTO Shipment VALUES ('5','Shipper3','100000031','107058','100000004','2022-07-08','2022-07-05');
INSERT INTO Shipment VALUES ('5','Shipper3','100000024','107058','100000007','2023-05-24','2023-05-21');
INSERT INTO Shipment VALUES ('5','Shipper3','100000028','114873','100000006','2024-12-05','2024-12-02');
INSERT INTO Shipment VALUES ('6','Shipper1','100000017','100205','100000010','2023-07-12','2023-07-09');
INSERT INTO Shipment VALUES ('6','Shipper1','100000039','101589','100000002','2022-10-11','2022-10-08');
INSERT INTO Shipment VALUES ('6','Shipper1','100000015','114873','100000004','2023-01-16','2023-01-13');
INSERT INTO Shipment VALUES ('6','Shipper2','100000006','120423','100000001','2023-09-16','2023-09-13');
