-- Generated by script
INSERT INTO Admin VALUES ('200000001');
INSERT INTO Admin VALUES ('200000002');
INSERT INTO Admin VALUES ('200000003');
INSERT INTO Admin VALUES ('200000004');
INSERT INTO Admin VALUES ('200000005');
INSERT INTO Belongs VALUES ('Fashion','104169');
INSERT INTO Belongs VALUES ('Pet Supplies','105737');
INSERT INTO Belongs VALUES ('Furniture','105737');
INSERT INTO Belongs VALUES ('Books','105737');
INSERT INTO Belongs VALUES ('Fashion','105737');
INSERT INTO Belongs VALUES ('Music','105737');
INSERT INTO Belongs VALUES ('Toys','107599');
INSERT INTO Belongs VALUES ('Art Supplies','107599');
INSERT INTO Belongs VALUES ('Sports','107599');
INSERT INTO Belongs VALUES ('Electronics','107599');
INSERT INTO Belongs VALUES ('Toys','107599');
INSERT INTO Belongs VALUES ('Sports','132628');
INSERT INTO Belongs VALUES ('Groceries','132628');
INSERT INTO Belongs VALUES ('Fashion','132628');
INSERT INTO Belongs VALUES ('Groceries','123520');
INSERT INTO BrandPage VALUES ('www.421market.com/brand1','Brand 1','NULL');
INSERT INTO BrandPage VALUES ('www.421market.com/brand2','Brand 2','This is the description for Brand 2.');
INSERT INTO BrandPage VALUES ('www.421market.com/brand3','Brand 3','This is the description for Brand 3.');
INSERT INTO BrandPage VALUES ('www.421market.com/brand4','Brand 4','This is the description for Brand 4.');
INSERT INTO BrandPage VALUES ('www.421market.com/brand5','Brand 5','This is the description for Brand 5.');
INSERT INTO Card VALUES ('1000000000027116','2024-06-27','100000001');
INSERT INTO Card VALUES ('1000000000000255','2027-04-25','100000001');
INSERT INTO Card VALUES ('1000000000003973','2026-05-06','100000001');
INSERT INTO Card VALUES ('1000000000001631','2027-10-06','100000001');
INSERT INTO Card VALUES ('1000000000008856','2028-07-12','100000001');
INSERT INTO Card VALUES ('1000000000002220','2029-02-09','100000002');
INSERT INTO Card VALUES ('1000000000032625','2024-10-27','100000002');
INSERT INTO Card VALUES ('1000000000017449','2029-01-13','100000002');
INSERT INTO Card VALUES ('1000000000009617','2025-02-04','100000002');
INSERT INTO Card VALUES ('1000000000011358','2026-06-24','100000002');
INSERT INTO Card VALUES ('1000000000014067','2024-12-23','100000003');
INSERT INTO Card VALUES ('1000000000015103','2026-08-23','100000003');
INSERT INTO Card VALUES ('1000000000010982','2026-05-12','100000003');
INSERT INTO Card VALUES ('1000000000012519','2026-09-20','100000003');
INSERT INTO Card VALUES ('1000000000015053','2025-07-20','100000003');
INSERT INTO Card VALUES ('1000000000002121','2025-07-29','100000004');
INSERT INTO Card VALUES ('1000000000001887','2026-02-17','100000005');
INSERT INTO Card VALUES ('1000000000004132','2028-11-16','100000005');
INSERT INTO Card VALUES ('1000000000026492','2026-11-25','100000005');
INSERT INTO Card VALUES ('1000000000007830','2028-01-23','100000005');
INSERT INTO Card VALUES ('1000000000010137','2027-03-18','100000005');
INSERT INTO Card VALUES ('1000000000005976','2024-10-18','110000002');
INSERT INTO Card VALUES ('1000000000011934','2026-09-12','110000002');
INSERT INTO Card VALUES ('1000000000019315','2028-02-08','110000002');
INSERT INTO Card VALUES ('1000000000006178','2025-05-25','110000003');
INSERT INTO Card VALUES ('1000000000024106','2025-01-24','110000003');
INSERT INTO Card VALUES ('1000000000024811','2027-02-25','110000003');
INSERT INTO Card VALUES ('1000000000019689','2025-02-21','110000003');
INSERT INTO Card VALUES ('1000000000029604','2026-05-03','110000003');
INSERT INTO Card VALUES ('1000000000025219','2025-03-02','110000004');
INSERT INTO Card VALUES ('1000000000029641','2025-10-04','110000004');
INSERT INTO Card VALUES ('1000000000012748','2026-06-06','110000004');
INSERT INTO Card VALUES ('1000000000022575','2026-09-30','110000004');
INSERT INTO Card VALUES ('1000000000029946','2025-07-27','110000005');
INSERT INTO Card VALUES ('1000000000010404','2026-02-18','110000005');
INSERT INTO Card VALUES ('1000000000011823','2028-07-16','110000005');
INSERT INTO Card VALUES ('1000000000014568','2026-05-05','110000005');
INSERT INTO Card VALUES ('1000000000008958','2025-03-07','110000005');
INSERT INTO Card VALUES ('1000000000022497','2024-12-12','NULL');
INSERT INTO Card VALUES ('1000000000003713','2026-09-27','NULL');
INSERT INTO Card VALUES ('1000000000027692','2026-05-14','NULL');
INSERT INTO Card VALUES ('1000000000003596','2025-09-24','NULL');
INSERT INTO Card VALUES ('1000000000032510','2025-10-29','NULL');
INSERT INTO Category VALUES ('Electronics');
INSERT INTO Category VALUES ('Fashion');
INSERT INTO Category VALUES ('Home Appliances');
INSERT INTO Category VALUES ('Books');
INSERT INTO Category VALUES ('Sports');
INSERT INTO Category VALUES ('Groceries');
INSERT INTO Category VALUES ('Toys');
INSERT INTO Category VALUES ('Furniture');
INSERT INTO Category VALUES ('Automotive');
INSERT INTO Category VALUES ('Health and Beauty');
INSERT INTO Category VALUES ('Gaming');
INSERT INTO Category VALUES ('Gardening');
INSERT INTO Category VALUES ('Music');
INSERT INTO Category VALUES ('Art Supplies');
INSERT INTO Category VALUES ('Pet Supplies');
INSERT INTO Coupon VALUES ('110000001','103167','0.43','21','2025-07-17');
INSERT INTO Coupon VALUES ('110000001','105229','0.39','22','2022-09-04');
INSERT INTO Coupon VALUES ('110000001','101288','0.56','26','2023-05-20');
INSERT INTO Coupon VALUES ('110000001','122433','0.15','83','2026-02-10');
INSERT INTO Coupon VALUES ('110000001','132514','0.48','69','2026-03-10');
INSERT INTO Coupon VALUES ('110000002','104490','0.47','35','2025-09-20');
INSERT INTO Coupon VALUES ('110000002','112586','0.86','97','2026-06-15');
INSERT INTO Coupon VALUES ('110000003','127999','0.46','35','2026-01-23');
INSERT INTO Coupon VALUES ('110000003','119292','0.83','27','2025-12-14');
INSERT INTO Coupon VALUES ('110000003','116111','0.89','30','2024-04-18');
INSERT INTO Coupon VALUES ('110000004','106901','0.16','49','2025-07-19');
INSERT INTO Coupon VALUES ('110000004','101714','0.34','34','2025-07-10');
INSERT INTO Coupon VALUES ('110000004','113397','0.76','97','2026-10-17');
INSERT INTO Coupon VALUES ('110000004','124706','0.33','24','2026-01-14');
INSERT INTO Coupon VALUES ('110000005','106182','0.70','60','2026-04-02');
INSERT INTO Coupon VALUES ('110000005','102581','0.29','65','2026-07-14');
INSERT INTO Customer VALUES ('100000001');
INSERT INTO Customer VALUES ('100000002');
INSERT INTO Customer VALUES ('100000003');
INSERT INTO Customer VALUES ('100000004');
INSERT INTO Customer VALUES ('100000005');
INSERT INTO Customer VALUES ('110000001');
INSERT INTO Customer VALUES ('110000002');
INSERT INTO Customer VALUES ('110000003');
INSERT INTO Customer VALUES ('110000004');
INSERT INTO Customer VALUES ('110000005');
INSERT INTO Guest VALUES ('300000001');
INSERT INTO Guest VALUES ('300000002');
INSERT INTO Guest VALUES ('300000003');
INSERT INTO Guest VALUES ('300000004');
INSERT INTO Guest VALUES ('300000005');
INSERT INTO InCart VALUES ('100000001','105737','3');
INSERT INTO InCart VALUES ('100000001','107599','2');
INSERT INTO InCart VALUES ('100000001','105737','1');
INSERT INTO InCart VALUES ('100000002','104169','1');
INSERT INTO InCart VALUES ('100000002','105737','3');
INSERT INTO InCart VALUES ('100000002','132628','2');
INSERT INTO InCart VALUES ('100000002','123520','3');
INSERT INTO InCart VALUES ('100000004','105737','2');
INSERT INTO InCart VALUES ('100000005','132628','3');
INSERT INTO InCart VALUES ('100000005','104169','2');
INSERT INTO InCart VALUES ('110000001','107599','3');
INSERT INTO InCart VALUES ('110000001','107599','3');
INSERT INTO InCart VALUES ('110000001','105737','2');
INSERT INTO InCart VALUES ('110000001','123520','3');
INSERT INTO InCart VALUES ('110000001','132628','2');
INSERT INTO InCart VALUES ('110000002','105737','3');
INSERT INTO InCart VALUES ('110000002','123520','1');
INSERT INTO InCart VALUES ('110000002','105737','1');
INSERT INTO InCart VALUES ('110000003','105737','1');
INSERT INTO InCart VALUES ('110000003','123520','2');
INSERT INTO InCart VALUES ('110000003','123520','2');
INSERT INTO InCart VALUES ('110000003','105737','2');
INSERT INTO InCart VALUES ('110000004','105737','3');
INSERT INTO InCart VALUES ('110000004','132628','3');
INSERT INTO InCart VALUES ('110000004','107599','1');
INSERT INTO InCart VALUES ('110000004','104169','1');
INSERT INTO InCart VALUES ('110000004','104169','3');
INSERT INTO InCart VALUES ('110000005','123520','3');
INSERT INTO InCart VALUES ('200000002','105737','1');
INSERT INTO InCart VALUES ('200000003','123520','2');
INSERT INTO InCart VALUES ('200000003','107599','2');
INSERT INTO InCart VALUES ('200000004','132628','1');
INSERT INTO InCart VALUES ('200000004','123520','2');
INSERT INTO InCart VALUES ('200000004','107599','1');
INSERT INTO InCart VALUES ('200000004','105737','3');
INSERT INTO InCart VALUES ('200000005','105737','3');
INSERT INTO InCart VALUES ('200000005','132628','1');
INSERT INTO InCart VALUES ('300000001','107599','1');
INSERT INTO InCart VALUES ('300000001','104169','1');
INSERT INTO InCart VALUES ('300000001','132628','2');
INSERT INTO InCart VALUES ('300000001','132628','3');
INSERT INTO InCart VALUES ('300000001','105737','2');
INSERT INTO InCart VALUES ('300000002','104169','1');
INSERT INTO InCart VALUES ('300000002','123520','2');
INSERT INTO InCart VALUES ('300000002','105737','3');
INSERT INTO InCart VALUES ('300000003','123520','3');
INSERT INTO InCart VALUES ('300000003','107599','1');
INSERT INTO InCart VALUES ('300000004','107599','2');
INSERT INTO InCart VALUES ('300000004','107599','2');
INSERT INTO InCart VALUES ('300000004','107599','3');
INSERT INTO InCart VALUES ('300000004','132628','3');
INSERT INTO InCart VALUES ('300000005','107599','2');
INSERT INTO Manages VALUES ('200000002','www.421market.com/brand4','5');
INSERT INTO Manages VALUES ('200000001','www.421market.com/brand5','5');
INSERT INTO Manages VALUES ('200000005','www.421market.com/brand3','5');
INSERT INTO Manages VALUES ('200000004','www.421market.com/brand1','5');
INSERT INTO Manages VALUES ('200000003','www.421market.com/brand2','5');
INSERT INTO Manages VALUES ('200000001','www.421market.com/brand1','2');
INSERT INTO Manages VALUES ('200000001','www.421market.com/brand4','2');
INSERT INTO Manages VALUES ('200000003','www.421market.com/brand1','4');
INSERT INTO Member VALUES ('110000001');
INSERT INTO Member VALUES ('110000002');
INSERT INTO Member VALUES ('110000003');
INSERT INTO Member VALUES ('110000004');
INSERT INTO Member VALUES ('110000005');
INSERT INTO Model VALUES ('104169','444.98','www.421market.com/brand2','8');
INSERT INTO Model VALUES ('105737','254.27','www.421market.com/brand1','4');
INSERT INTO Model VALUES ('107599','230.62','www.421market.com/brand5','8');
INSERT INTO Model VALUES ('132628','164.55','www.421market.com/brand5','6');
INSERT INTO Model VALUES ('123520','165.13','www.421market.com/brand5','2');
INSERT INTO Restock VALUES ('Supplier8','1','Location7','2023-03-24');
INSERT INTO Restock VALUES ('Supplier10','1','Location10','2023-07-07');
INSERT INTO Restock VALUES ('Supplier4','1','Location1','2023-07-17');
INSERT INTO Restock VALUES ('Supplier7','1','Location1','2024-02-04');
INSERT INTO Restock VALUES ('Supplier6','1','Location9','2023-10-22');
INSERT INTO User VALUES ('100000001');
INSERT INTO User VALUES ('100000002');
INSERT INTO User VALUES ('100000003');
INSERT INTO User VALUES ('100000004');
INSERT INTO User VALUES ('100000005');
INSERT INTO User VALUES ('110000001');
INSERT INTO User VALUES ('110000002');
INSERT INTO User VALUES ('110000003');
INSERT INTO User VALUES ('110000004');
INSERT INTO User VALUES ('110000005');
INSERT INTO User VALUES ('200000001');
INSERT INTO User VALUES ('200000002');
INSERT INTO User VALUES ('200000003');
INSERT INTO User VALUES ('200000004');
INSERT INTO User VALUES ('200000005');
INSERT INTO User VALUES ('300000001');
INSERT INTO User VALUES ('300000002');
INSERT INTO User VALUES ('300000003');
INSERT INTO User VALUES ('300000004');
INSERT INTO User VALUES ('300000005');
