CONNECT TO COMP421;
-- Generated by script
INSERT INTO Category VALUES ('categoryA');
INSERT INTO Category VALUES ('categoryB');
INSERT INTO Category VALUES ('categoryC');
INSERT INTO Category VALUES ('categoryD');
INSERT INTO Category VALUES ('categoryE');
INSERT INTO Category VALUES ('categoryF');
INSERT INTO Category VALUES ('categoryG');
INSERT INTO Category VALUES ('categoryH');
INSERT INTO Category VALUES ('categoryI');
INSERT INTO Category VALUES ('categoryJ');
INSERT INTO BrandPage VALUES ('www.421market.com/brand1','Brand 1','This is the description for Brand 1.');
INSERT INTO BrandPage VALUES ('www.421market.com/brand2','Brand 2','This is the description for Brand 2.');
INSERT INTO BrandPage VALUES ('www.421market.com/brand3','Brand 3','This is the description for Brand 3.');
INSERT INTO BrandPage VALUES ('www.421market.com/brand4','Brand 4','This is the description for Brand 4.');
INSERT INTO BrandPage VALUES ('www.421market.com/brand5','Brand 5',NULL);
INSERT INTO BrandPage VALUES ('www.421market.com/brand6','Brand 6','This is the description for Brand 6.');
INSERT INTO BrandPage VALUES ('www.421market.com/brand7','Brand 7','This is the description for Brand 7.');
INSERT INTO BrandPage VALUES ('www.421market.com/brand8','Brand 8','This is the description for Brand 8.');
INSERT INTO BrandPage VALUES ('www.421market.com/brand9','Brand 9','This is the description for Brand 9.');
INSERT INTO BrandPage VALUES ('www.421market.com/brand10','Brand 10',NULL);
INSERT INTO Model VALUES ('124079','176.62','www.421market.com/brand1','0');
INSERT INTO Model VALUES ('126389','258.64','www.421market.com/brand1','0');
INSERT INTO Model VALUES ('111282','314.16','www.421market.com/brand10','0');
INSERT INTO Model VALUES ('129121','410.12','www.421market.com/brand3','0');
INSERT INTO Model VALUES ('108871','463.51','www.421market.com/brand3','0');
INSERT INTO Model VALUES ('127140','117.99','www.421market.com/brand8','0');
INSERT INTO Model VALUES ('106792','221.05','www.421market.com/brand10','0');
INSERT INTO Model VALUES ('110251','459.28','www.421market.com/brand4','0');
INSERT INTO Model VALUES ('117637','196.39','www.421market.com/brand3','0');
INSERT INTO Model VALUES ('114251','397.93','www.421market.com/brand7','0');
INSERT INTO Model VALUES ('122906','359.60','www.421market.com/brand4','0');
INSERT INTO Model VALUES ('119192','32.44','www.421market.com/brand10','0');
INSERT INTO Belongs VALUES ('categoryF','124079');
INSERT INTO Belongs VALUES ('categoryD','124079');
INSERT INTO Belongs VALUES ('categoryC','126389');
INSERT INTO Belongs VALUES ('categoryG','126389');
INSERT INTO Belongs VALUES ('categoryH','111282');
INSERT INTO Belongs VALUES ('categoryG','111282');
INSERT INTO Belongs VALUES ('categoryH','129121');
INSERT INTO Belongs VALUES ('categoryG','108871');
INSERT INTO Belongs VALUES ('categoryD','108871');
INSERT INTO Belongs VALUES ('categoryF','127140');
INSERT INTO Belongs VALUES ('categoryI','117637');
INSERT INTO Belongs VALUES ('categoryG','117637');
INSERT INTO Belongs VALUES ('categoryE','117637');
INSERT INTO User VALUES ('100018115');
INSERT INTO User VALUES ('100027138');
INSERT INTO User VALUES ('100002962');
INSERT INTO User VALUES ('100027797');
INSERT INTO User VALUES ('100009831');
INSERT INTO User VALUES ('100012077');
INSERT INTO User VALUES ('100003326');
INSERT INTO User VALUES ('100009355');
INSERT INTO User VALUES ('100023843');
INSERT INTO User VALUES ('100032182');
INSERT INTO User VALUES ('100005732');
INSERT INTO User VALUES ('100003783');
INSERT INTO User VALUES ('100017856');
INSERT INTO User VALUES ('100008188');
INSERT INTO User VALUES ('100032143');
INSERT INTO User VALUES ('100030672');
INSERT INTO User VALUES ('100009618');
INSERT INTO User VALUES ('100014510');
INSERT INTO User VALUES ('100029621');
INSERT INTO User VALUES ('100018568');
INSERT INTO User VALUES ('100028943');
INSERT INTO User VALUES ('100015644');
INSERT INTO User VALUES ('100024329');
INSERT INTO User VALUES ('100015689');
INSERT INTO User VALUES ('100010086');
INSERT INTO User VALUES ('100012973');
INSERT INTO User VALUES ('100022665');
INSERT INTO User VALUES ('100019062');
INSERT INTO User VALUES ('100000719');
INSERT INTO User VALUES ('100013868');
INSERT INTO User VALUES ('100028042');
INSERT INTO User VALUES ('100003434');
INSERT INTO User VALUES ('100010707');
INSERT INTO User VALUES ('100013854');
INSERT INTO User VALUES ('100026125');
INSERT INTO User VALUES ('100016487');
INSERT INTO User VALUES ('100005105');
INSERT INTO User VALUES ('100000558');
INSERT INTO User VALUES ('100003213');
INSERT INTO User VALUES ('100032172');
INSERT INTO Customer VALUES ('100018115','2004-03-22','I0DrGtFTs9','audrey.west@outlook.com','Audrey West');
INSERT INTO Customer VALUES ('100027138','2003-05-03','EUEvWIzRIm','ninja.montgomery@google.com','Alexia Montgomery');
INSERT INTO Customer VALUES ('100002962','1997-02-15','KXLtUPyjSq','queen.arnold@yahoo.com','Arnold Dixon');
INSERT INTO Customer VALUES ('100027797',NULL,'ONabdr6hbn','chloe.the.angry@gmail.com','Chloe Stevens');
INSERT INTO Customer VALUES ('100009831','1999-11-20','zz1EIpD1Tt','henderson86@protonmail.com','Maddie Henderson');
INSERT INTO Customer VALUES ('100012077','1992-02-06','KGlxQobmgR','ninja.gray@aol.com','Sofia Gray');
INSERT INTO Customer VALUES ('100003326','2000-07-11','g0KckL5cZd','lydia28@mail.com','Lydia Wright');
INSERT INTO Customer VALUES ('100009355',NULL,'MT5ibasvBM','aroberts45@msn.com','Alan Roberts');
INSERT INTO Customer VALUES ('100023843','1994-06-19','StIAcxXACU','ecunningham15@live.com','Eleanor Cunningham');
INSERT INTO Customer VALUES ('100032182','1996-04-15','36TpXWYBIq','nbarnes83@yahoo.com','Nicholas Barnes');
INSERT INTO Customer VALUES ('100005732','2001-07-24','Q274Qcg7Vr','ccarroll80@yahoo.com','Chloe Carroll');
INSERT INTO Customer VALUES ('100003783','1990-03-24','0dUogKFQFA','harrison46@yahoo.com','Andrew Harrison');
INSERT INTO Customer VALUES ('100017856','2001-10-04','2tepUGZBj1','king.thompson@hotmail.com','Richard Thompson');
INSERT INTO Customer VALUES ('100008188',NULL,'HnXA9A89T5','mason60@msn.com','Fenton Mason');
INSERT INTO Customer VALUES ('100032143','1992-03-13','HVzqL8VKKs','campbell89@hotmail.com','Camila Campbell');
INSERT INTO Customer VALUES ('100030672','1992-02-24','KGCycszmfw','sienna.armstrong@mail.com','Sienna Armstrong');
INSERT INTO Customer VALUES ('100009618','1989-03-29','NONeLxPzkA','agata.campbell@google.com','Agata Campbell');
INSERT INTO Customer VALUES ('100014510',NULL,'S5DeHkWLZA','ned.robinson@live.com','Ned Robinson');
INSERT INTO Customer VALUES ('100029621','1997-05-16','LEYyG4IIm3','otucker22@outlook.com','Owen Tucker');
INSERT INTO Customer VALUES ('100018568','1995-07-02','50SNAgqQJ3','gray92@yahoo.com','Albert Gray');
INSERT INTO InCart VALUES ('100018115','110251','1');
INSERT INTO InCart VALUES ('100018115','106792','3');
INSERT INTO InCart VALUES ('100002962','117637','1');
INSERT INTO InCart VALUES ('100002962','129121','1');
INSERT INTO InCart VALUES ('100002962','111282','1');
INSERT INTO InCart VALUES ('100027797','127140','1');
INSERT INTO InCart VALUES ('100009831','122906','3');
INSERT INTO InCart VALUES ('100009831','124079','2');
INSERT INTO InCart VALUES ('100009831','126389','1');
INSERT INTO InCart VALUES ('100012077','114251','2');
INSERT INTO InCart VALUES ('100012077','108871','3');
INSERT INTO InCart VALUES ('100012077','122906','1');
INSERT INTO InCart VALUES ('100003326','117637','3');
INSERT INTO InCart VALUES ('100003326','129121','3');
INSERT INTO InCart VALUES ('100003326','126389','3');
INSERT INTO InCart VALUES ('100009355','110251','2');
INSERT INTO InCart VALUES ('100023843','124079','3');
INSERT INTO InCart VALUES ('100023843','114251','3');
INSERT INTO InCart VALUES ('100023843','119192','2');
INSERT INTO InCart VALUES ('100032182','106792','2');
INSERT INTO InCart VALUES ('100032182','108871','2');
INSERT INTO InCart VALUES ('100032182','127140','3');
INSERT INTO InCart VALUES ('100005732','111282','2');
INSERT INTO InCart VALUES ('100017856','117637','3');
INSERT INTO InCart VALUES ('100008188','129121','3');
INSERT INTO InCart VALUES ('100008188','127140','1');
INSERT INTO InCart VALUES ('100032143','124079','3');
INSERT INTO InCart VALUES ('100032143','111282','2');
INSERT INTO InCart VALUES ('100030672','122906','1');
INSERT INTO InCart VALUES ('100009618','108871','2');
INSERT INTO InCart VALUES ('100009618','126389','2');
INSERT INTO InCart VALUES ('100014510','119192','3');
INSERT INTO InCart VALUES ('100029621','114251','3');
INSERT INTO InCart VALUES ('100018568','106792','3');
INSERT INTO InCart VALUES ('100028943','110251','1');
INSERT INTO InCart VALUES ('100028943','111282','3');
INSERT INTO InCart VALUES ('100028943','106792','2');
INSERT INTO InCart VALUES ('100015644','129121','3');
INSERT INTO InCart VALUES ('100015644','108871','3');
INSERT INTO InCart VALUES ('100015644','110251','2');
INSERT INTO InCart VALUES ('100024329','117637','3');
INSERT INTO InCart VALUES ('100015689','119192','1');
INSERT INTO InCart VALUES ('100015689','122906','1');
INSERT INTO InCart VALUES ('100010086','114251','1');
INSERT INTO InCart VALUES ('100010086','127140','3');
INSERT INTO InCart VALUES ('100012973','126389','2');
INSERT INTO InCart VALUES ('100012973','124079','1');
INSERT INTO InCart VALUES ('100022665','114251','1');
INSERT INTO InCart VALUES ('100022665','119192','3');
INSERT INTO InCart VALUES ('100022665','117637','2');
INSERT INTO InCart VALUES ('100019062','129121','2');
INSERT INTO InCart VALUES ('100019062','106792','2');
INSERT INTO InCart VALUES ('100000719','126389','2');
INSERT INTO InCart VALUES ('100013868','111282','1');
INSERT INTO InCart VALUES ('100013868','124079','2');
INSERT INTO InCart VALUES ('100028042','110251','2');
INSERT INTO InCart VALUES ('100028042','122906','3');
INSERT INTO InCart VALUES ('100028042','108871','1');
INSERT INTO InCart VALUES ('100003434','127140','1');
INSERT INTO InCart VALUES ('100003434','114251','3');
INSERT INTO InCart VALUES ('100010707','110251','1');
INSERT INTO InCart VALUES ('100013854','127140','2');
INSERT INTO InCart VALUES ('100016487','129121','3');
INSERT INTO InCart VALUES ('100016487','111282','3');
INSERT INTO InCart VALUES ('100016487','122906','1');
INSERT INTO InCart VALUES ('100005105','108871','1');
INSERT INTO InCart VALUES ('100005105','124079','1');
INSERT INTO InCart VALUES ('100005105','117637','2');
INSERT INTO InCart VALUES ('100003213','106792','1');
INSERT INTO InCart VALUES ('100003213','126389','1');
INSERT INTO InCart VALUES ('100003213','119192','2');
INSERT INTO Member VALUES ('100018115','2025-02-12','4564');
INSERT INTO Member VALUES ('100027138','2024-06-12','2496');
INSERT INTO Member VALUES ('100002962','2024-11-25','700');
INSERT INTO Member VALUES ('100027797','2024-12-01','6045');
INSERT INTO Member VALUES ('100009831','2025-01-01','2718');
INSERT INTO Member VALUES ('100012077','2024-09-03','8367');
INSERT INTO Member VALUES ('100003326','2024-07-19','6225');
INSERT INTO Member VALUES ('100009355','2025-01-04','5344');
INSERT INTO Member VALUES ('100023843','2025-01-30','264');
INSERT INTO Member VALUES ('100032182','2024-09-20','3512');
INSERT INTO Coupon VALUES ('100027138','129121','0.31','41','2026-07-04');
INSERT INTO Coupon VALUES ('100027138','126389','0.93','39','2027-01-17');
INSERT INTO Coupon VALUES ('100027138','114251','0.36','19','2028-02-05');
INSERT INTO Coupon VALUES ('100002962','114251','0.83','86','2025-10-11');
INSERT INTO Coupon VALUES ('100002962','111282','0.47','41','2025-12-21');
INSERT INTO Coupon VALUES ('100002962','122906','0.53','22','2027-12-26');
INSERT INTO Coupon VALUES ('100002962','117637','0.59','94','2027-09-15');
INSERT INTO Coupon VALUES ('100027797','117637','0.19','24','2024-03-31');
INSERT INTO Coupon VALUES ('100027797','127140','0.80','56','2026-10-06');
INSERT INTO Coupon VALUES ('100009831','114251','0.86','89','2024-02-28');
INSERT INTO Coupon VALUES ('100012077','117637','0.49','20','2027-08-25');
INSERT INTO Coupon VALUES ('100012077','114251','0.32','85','2026-09-08');
INSERT INTO Coupon VALUES ('100012077','119192','0.74','100','2025-09-28');
INSERT INTO Coupon VALUES ('100012077','106792','0.35','89','2024-12-13');
INSERT INTO Coupon VALUES ('100003326','117637','0.39','79','2024-11-13');
INSERT INTO Coupon VALUES ('100003326','127140','0.29','62','2025-01-31');
INSERT INTO Coupon VALUES ('100003326','129121','0.31','20','2024-05-19');
INSERT INTO Coupon VALUES ('100009355','110251','0.8','28','2026-01-23');
INSERT INTO Coupon VALUES ('100009355','129121','0.79','63','2024-04-17');
INSERT INTO Coupon VALUES ('100009355','124079','0.66','10','2026-02-06');
INSERT INTO Coupon VALUES ('100023843','117637','0.2','53','2024-12-28');
INSERT INTO Coupon VALUES ('100032182','119192','0.18','63','2025-05-29');
INSERT INTO Coupon VALUES ('100032182','114251','0.65','60','2027-03-29');
INSERT INTO Admin VALUES ('100028943');
INSERT INTO Admin VALUES ('100015644');
INSERT INTO Admin VALUES ('100024329');
INSERT INTO Admin VALUES ('100015689');
INSERT INTO Admin VALUES ('100010086');
INSERT INTO Admin VALUES ('100012973');
INSERT INTO Admin VALUES ('100022665');
INSERT INTO Admin VALUES ('100019062');
INSERT INTO Admin VALUES ('100000719');
INSERT INTO Admin VALUES ('100013868');
INSERT INTO Manages VALUES ('100015689','www.421market.com/brand1','2022-05-01','5');
INSERT INTO Manages VALUES ('100010086','www.421market.com/brand1','2020-12-27','1');
INSERT INTO Manages VALUES ('100022665','www.421market.com/brand2','2022-12-04','5');
INSERT INTO Manages VALUES ('100000719','www.421market.com/brand2','2017-12-18','2');
INSERT INTO Manages VALUES ('100019062','www.421market.com/brand2','2015-05-19','2');
INSERT INTO Manages VALUES ('100013868','www.421market.com/brand2','2016-12-04','1');
INSERT INTO Manages VALUES ('100028943','www.421market.com/brand3','2019-04-09','5');
INSERT INTO Manages VALUES ('100015644','www.421market.com/brand3','2022-09-27','4');
INSERT INTO Manages VALUES ('100012973','www.421market.com/brand4','2016-06-11','5');
INSERT INTO Manages VALUES ('100024329','www.421market.com/brand4','2018-08-09','4');
INSERT INTO Manages VALUES ('100000719','www.421market.com/brand4','2015-01-19','3');
INSERT INTO Manages VALUES ('100028943','www.421market.com/brand5','2018-05-31','5');
INSERT INTO Manages VALUES ('100013868','www.421market.com/brand5','2021-09-09','1');
INSERT INTO Manages VALUES ('100015689','www.421market.com/brand5','2016-03-29','4');
INSERT INTO Manages VALUES ('100022665','www.421market.com/brand6','2015-10-26','5');
INSERT INTO Manages VALUES ('100012973','www.421market.com/brand6','2020-08-11','1');
INSERT INTO Manages VALUES ('100015644','www.421market.com/brand6','2014-07-04','2');
INSERT INTO Manages VALUES ('100019062','www.421market.com/brand6','2018-09-25','3');
INSERT INTO Manages VALUES ('100024329','www.421market.com/brand7','2020-11-26','5');
INSERT INTO Manages VALUES ('100010086','www.421market.com/brand7','2021-03-13','3');
INSERT INTO Manages VALUES ('100028943','www.421market.com/brand8','2021-06-20','5');
INSERT INTO Manages VALUES ('100013868','www.421market.com/brand9','2023-11-18','5');
INSERT INTO Manages VALUES ('100015689','www.421market.com/brand9','2014-03-25','2');
INSERT INTO Manages VALUES ('100022665','www.421market.com/brand9','2020-04-25','1');
INSERT INTO Manages VALUES ('100015644','www.421market.com/brand9','2020-08-04','3');
INSERT INTO Manages VALUES ('100012973','www.421market.com/brand10','2020-06-07','5');
INSERT INTO Manages VALUES ('100019062','www.421market.com/brand10','2017-07-20','2');
INSERT INTO Card VALUES ('8371624904220173','2025-04-02','100018115');
INSERT INTO Card VALUES ('1378873291937254','2027-01-13','100027138');
INSERT INTO Card VALUES ('5119741334630057','2027-12-23','100027797');
INSERT INTO Card VALUES ('2139198772545221','2026-02-05','100009831');
INSERT INTO Card VALUES ('1599669446963296','2027-03-19','100012077');
INSERT INTO Card VALUES ('2061353970706492','2028-11-12','100003326');
INSERT INTO Card VALUES ('7296278402119791','2028-12-05','100009355');
INSERT INTO Card VALUES ('6253081755146958','2027-12-26','100023843');
INSERT INTO Card VALUES ('7078787654280142','2024-08-17','100032182');
INSERT INTO Card VALUES ('5793991182585396','2026-12-04','100005732');
INSERT INTO Card VALUES ('6211176483263868','2026-04-13','100017856');
INSERT INTO Card VALUES ('3285215268725436','2028-10-11','100032143');
INSERT INTO Card VALUES ('9991413670737480','2027-08-15','100030672');
INSERT INTO Card VALUES ('9436585868971414','2027-01-28','100009618');
INSERT INTO Card VALUES ('9679144596053899','2027-06-11','100014510');
INSERT INTO Card VALUES ('4014457528770806','2025-01-03','100018568');
INSERT INTO Card VALUES ('7064861620806548','2024-03-03',NULL);
INSERT INTO Card VALUES ('6635560998862681','2026-07-09',NULL);
INSERT INTO Card VALUES ('8013409035964034','2025-09-16',NULL);
INSERT INTO Card VALUES ('1119557499626227','2027-05-06',NULL);
INSERT INTO Card VALUES ('9760700857283035','2027-07-03',NULL);
INSERT INTO Card VALUES ('8317124168119782','2028-12-10',NULL);
INSERT INTO Card VALUES ('9787476996573786','2024-04-13',NULL);
INSERT INTO Card VALUES ('3000980927369645','2026-07-14',NULL);
INSERT INTO Card VALUES ('8806721473121554','2026-04-18',NULL);
INSERT INTO Card VALUES ('3811886856791961','2028-07-05',NULL);
INSERT INTO Card VALUES ('6422924697967144','2024-08-14',NULL);
INSERT INTO Card VALUES ('1768301097845294','2025-01-08',NULL);
INSERT INTO Restock VALUES ('Planet Express','1','Bangkok TH','2023-10-12');
INSERT INTO Restock VALUES ('Acme','1','New York USA','2024-02-17');
INSERT INTO Restock VALUES ('Weyland-Yutani','1','Mumbai IN','2022-07-08');
INSERT INTO Restock VALUES ('Cogswell Cogs','1','Istanbul TR','2023-04-13');
INSERT INTO Restock VALUES ('Planet Express','2','Bangkok TH','2023-11-10');
INSERT INTO Restock VALUES ('Globex Industries','1','Los Angeles USA','2022-01-30');
INSERT INTO Restock VALUES ('Initech LLC','1','Paris FR','2023-10-03');
INSERT INTO Restock VALUES ('Initech LLC','2','Paris FR','2021-11-10');
INSERT INTO Restock VALUES ('Planet Express','3','Bangkok TH','2021-12-30');
INSERT INTO Restock VALUES ('Weyland-Yutani','2','Mumbai IN','2023-12-16');
INSERT INTO Restock VALUES ('Globex Industries','2','Los Angeles USA','2023-03-22');
INSERT INTO Restock VALUES ('Tyrell Corporation','1','Toronto CA','2022-09-25');
INSERT INTO Order VALUES ('100000002','Address 1','459.28','2023-08-03','guest1@domain.com','8317124168119782');
INSERT INTO Order VALUES ('100000003','Address 2','64.88','2023-10-18','sienna.armstrong@mail.com','9991413670737480');
INSERT INTO Order VALUES ('100000004','Address 3','659.9','2023-02-20','campbell89@hotmail.com','3285215268725436');
INSERT INTO Order VALUES ('100000008','Address 4','359.6','2023-05-21','guest4@domain.com','6422924697967144');
INSERT INTO Order VALUES ('100000009','Address 5','397.93','2023-07-13','guest5@domain.com','8013409035964034');
INSERT INTO Order VALUES ('100000012','Address 6','820.24','2023-03-28','guest6@domain.com','6635560998862681');
INSERT INTO Order VALUES ('100000013','Address 7','176.62','2023-07-20','guest7@domain.com','3811886856791961');
INSERT INTO Order VALUES ('100000014','Address 8','463.51','2023-06-20','ninja.gray@aol.com','1599669446963296');
INSERT INTO Order VALUES ('100000016','Address 9','258.64','2023-04-16','guest9@domain.com','8317124168119782');
INSERT INTO Order VALUES ('100000017','Address 10','359.6','2023-06-23','gray92@yahoo.com','4014457528770806');
INSERT INTO Order VALUES ('100000019','Address 11','927.02','2023-09-09','chloe.the.angry@gmail.com','5119741334630057');
INSERT INTO Order VALUES ('100000020','Address 12','221.05','2023-09-15','audrey.west@outlook.com','8371624904220173');
INSERT INTO Product VALUES ('124079','100000001','0',NULL,'Globex Industries','2');
INSERT INTO Product VALUES ('124079','100000002','0',NULL,'Planet Express','2');
INSERT INTO Product VALUES ('124079','100000003','0','100000013','Planet Express','3');
INSERT INTO Product VALUES ('124079','100000004','0',NULL,'Planet Express','2');
INSERT INTO Product VALUES ('124079','100000005','0',NULL,'Globex Industries','1');
INSERT INTO Product VALUES ('126389','100000001','0',NULL,'Cogswell Cogs','1');
INSERT INTO Product VALUES ('126389','100000002','0',NULL,'Planet Express','3');
INSERT INTO Product VALUES ('126389','100000003','0',NULL,'Weyland-Yutani','2');
INSERT INTO Product VALUES ('126389','100000004','0',NULL,'Planet Express','2');
INSERT INTO Product VALUES ('126389','100000005','0',NULL,'Initech LLC','1');
INSERT INTO Product VALUES ('126389','100000006','0','100000016','Initech LLC','1');
INSERT INTO Product VALUES ('126389','100000007','0',NULL,'Weyland-Yutani','2');
INSERT INTO Product VALUES ('111282','100000001','0',NULL,'Globex Industries','2');
INSERT INTO Product VALUES ('129121','100000001','0',NULL,'Planet Express','2');
INSERT INTO Product VALUES ('129121','100000002','0',NULL,'Cogswell Cogs','1');
INSERT INTO Product VALUES ('129121','100000003','0',NULL,'Initech LLC','1');
INSERT INTO Product VALUES ('129121','100000004','0','100000012','Weyland-Yutani','1');
INSERT INTO Product VALUES ('129121','100000005','0',NULL,'Acme','1');
INSERT INTO Product VALUES ('129121','100000006','0','100000012','Acme','1');
INSERT INTO Product VALUES ('129121','100000007','0',NULL,'Cogswell Cogs','1');
INSERT INTO Product VALUES ('108871','100000001','0','100000014','Planet Express','2');
INSERT INTO Product VALUES ('108871','100000002','0',NULL,'Globex Industries','1');
INSERT INTO Product VALUES ('108871','100000003','0',NULL,'Globex Industries','2');
INSERT INTO Product VALUES ('108871','100000004','0',NULL,'Weyland-Yutani','2');
INSERT INTO Product VALUES ('108871','100000005','0','100000004','Tyrell Corporation','1');
INSERT INTO Product VALUES ('108871','100000006','0','100000019','Initech LLC','1');
INSERT INTO Product VALUES ('108871','100000007','0','100000019','Initech LLC','1');
INSERT INTO Product VALUES ('127140','100000001','0',NULL,'Cogswell Cogs','1');
INSERT INTO Product VALUES ('127140','100000002','0',NULL,'Weyland-Yutani','2');
INSERT INTO Product VALUES ('127140','100000003','0',NULL,'Weyland-Yutani','2');
INSERT INTO Product VALUES ('127140','100000004','0',NULL,'Initech LLC','2');
INSERT INTO Product VALUES ('106792','100000001','0',NULL,'Planet Express','2');
INSERT INTO Product VALUES ('106792','100000002','0','100000020','Planet Express','1');
INSERT INTO Product VALUES ('106792','100000003','0',NULL,'Planet Express','2');
INSERT INTO Product VALUES ('106792','100000004','0',NULL,'Globex Industries','2');
INSERT INTO Product VALUES ('110251','100000001','0',NULL,'Planet Express','3');
INSERT INTO Product VALUES ('110251','100000002','0',NULL,'Weyland-Yutani','1');
INSERT INTO Product VALUES ('110251','100000003','0',NULL,'Planet Express','3');
INSERT INTO Product VALUES ('110251','100000004','0',NULL,'Initech LLC','2');
INSERT INTO Product VALUES ('110251','100000005','0',NULL,'Weyland-Yutani','2');
INSERT INTO Product VALUES ('110251','100000006','0','100000002','Tyrell Corporation','1');
INSERT INTO Product VALUES ('110251','100000007','0',NULL,'Acme','1');
INSERT INTO Product VALUES ('110251','100000008','0',NULL,'Planet Express','2');
INSERT INTO Product VALUES ('110251','100000009','0',NULL,'Globex Industries','2');
INSERT INTO Product VALUES ('117637','100000001','0',NULL,'Globex Industries','1');
INSERT INTO Product VALUES ('117637','100000002','0',NULL,'Planet Express','1');
INSERT INTO Product VALUES ('117637','100000003','0',NULL,'Tyrell Corporation','1');
INSERT INTO Product VALUES ('117637','100000004','0','100000004','Tyrell Corporation','1');
INSERT INTO Product VALUES ('114251','100000001','0',NULL,'Globex Industries','2');
INSERT INTO Product VALUES ('114251','100000002','0',NULL,'Initech LLC','2');
INSERT INTO Product VALUES ('114251','100000003','0',NULL,'Initech LLC','2');
INSERT INTO Product VALUES ('114251','100000004','0',NULL,'Planet Express','3');
INSERT INTO Product VALUES ('114251','100000005','0',NULL,'Initech LLC','2');
INSERT INTO Product VALUES ('114251','100000006','0','100000009','Tyrell Corporation','1');
INSERT INTO Product VALUES ('114251','100000007','0',NULL,'Weyland-Yutani','1');
INSERT INTO Product VALUES ('114251','100000008','0',NULL,'Globex Industries','2');
INSERT INTO Product VALUES ('114251','100000009','0',NULL,'Initech LLC','2');
INSERT INTO Product VALUES ('122906','100000001','0',NULL,'Planet Express','3');
INSERT INTO Product VALUES ('122906','100000002','0',NULL,'Initech LLC','1');
INSERT INTO Product VALUES ('122906','100000003','0',NULL,'Acme','1');
INSERT INTO Product VALUES ('122906','100000004','0',NULL,'Globex Industries','2');
INSERT INTO Product VALUES ('122906','100000005','0','100000017','Planet Express','1');
INSERT INTO Product VALUES ('122906','100000006','0',NULL,'Globex Industries','2');
INSERT INTO Product VALUES ('122906','100000007','0',NULL,'Weyland-Yutani','1');
INSERT INTO Product VALUES ('122906','100000008','0','100000008','Planet Express','3');
INSERT INTO Product VALUES ('119192','100000001','0',NULL,'Weyland-Yutani','1');
INSERT INTO Product VALUES ('119192','100000002','0','100000003','Weyland-Yutani','2');
INSERT INTO Product VALUES ('119192','100000003','0',NULL,'Cogswell Cogs','1');
INSERT INTO Product VALUES ('119192','100000004','0',NULL,'Globex Industries','1');
INSERT INTO Product VALUES ('119192','100000005','0','100000003','Planet Express','1');
INSERT INTO Shipment VALUES ('1','Shipper1','100000003','119192','100000005','2024-11-27','2024-11-24');
INSERT INTO Shipment VALUES ('1','Shipper1','100000014','108871','100000001','2023-01-28','2023-01-25');
INSERT INTO Shipment VALUES ('1','Shipper2','100000004','117637','100000004','2022-06-19','2022-06-16');
INSERT INTO Shipment VALUES ('1','Shipper2','100000003','119192','100000002','2023-10-05','2023-10-02');
INSERT INTO Shipment VALUES ('2','Shipper1','100000008','122906','100000008','2023-03-15','2023-03-12');
INSERT INTO Shipment VALUES ('2','Shipper2','100000004','108871','100000005','2023-02-11','2023-02-08');
INSERT INTO Shipment VALUES ('2','Shipper2','100000013','124079','100000003','2022-02-04','2022-02-01');
INSERT INTO Shipment VALUES ('3','Shipper1','100000019','108871','100000006','2024-02-20','2024-02-17');
INSERT INTO Shipment VALUES ('3','Shipper1','100000016','126389','100000006','2024-01-20','2024-01-17');
INSERT INTO Shipment VALUES ('3','Shipper2','100000009','114251','100000006','2024-04-27','2024-04-24');
INSERT INTO Shipment VALUES ('3','Shipper2','100000017','122906','100000005','2022-03-27','2022-03-24');
INSERT INTO Shipment VALUES ('3','Shipper2','100000012','129121','100000004','2023-01-21','2023-01-18');
INSERT INTO Shipment VALUES ('3','Shipper2','100000020','106792','100000002','2023-02-06','2023-02-03');
INSERT INTO Shipment VALUES ('4','Shipper1','100000012','129121','100000006','2022-10-28','2022-10-25');
INSERT INTO Shipment VALUES ('4','Shipper1','100000002','110251','100000006','2022-08-22','2022-08-19');
INSERT INTO Shipment VALUES ('4','Shipper1','100000019','108871','100000007','2024-10-24','2024-10-21');
