CONNECT TO COMP421;
INSERT INTO Category VALUES ('categoryA');
INSERT INTO Category VALUES ('categoryB');
INSERT INTO Category VALUES ('categoryC');
INSERT INTO Category VALUES ('categoryD');
INSERT INTO Category VALUES ('categoryE');
INSERT INTO BrandPage VALUES ('www.421market.com/brand1','Brand 1','This is the description for Brand 1.');
INSERT INTO BrandPage VALUES ('www.421market.com/brand2','Brand 2','This is the description for Brand 2.');
INSERT INTO BrandPage VALUES ('www.421market.com/brand3','Brand 3','This is the description for Brand 3.');
INSERT INTO BrandPage VALUES ('www.421market.com/brand4','Brand 4','This is the description for Brand 4.');
INSERT INTO BrandPage VALUES ('www.421market.com/brand5','Brand 5',NULL);
INSERT INTO Model VALUES ('104493','216.64','www.421market.com/brand4','0');
INSERT INTO Model VALUES ('112803','230.64','www.421market.com/brand5','0');
INSERT INTO Model VALUES ('115859','478.49','www.421market.com/brand1','0');
INSERT INTO Model VALUES ('130087','151.03','www.421market.com/brand4','0');
INSERT INTO Model VALUES ('125175','48.48','www.421market.com/brand2','0');
INSERT INTO Model VALUES ('126492','395.52','www.421market.com/brand5','0');
INSERT INTO Belongs VALUES ('categoryA','104493');
INSERT INTO Belongs VALUES ('categoryE','115859');
INSERT INTO Belongs VALUES ('categoryD','115859');
INSERT INTO Belongs VALUES ('categoryD','130087');
INSERT INTO Belongs VALUES ('categoryB','130087');
INSERT INTO Belongs VALUES ('categoryB','125175');
INSERT INTO Belongs VALUES ('categoryE','125175');
INSERT INTO User VALUES ('485742397');
INSERT INTO User VALUES ('599554650');
INSERT INTO User VALUES ('640287373');
INSERT INTO User VALUES ('611933827');
INSERT INTO User VALUES ('557487610');
INSERT INTO User VALUES ('739784517');
INSERT INTO User VALUES ('884822473');
INSERT INTO User VALUES ('605678453');
INSERT INTO User VALUES ('849442135');
INSERT INTO User VALUES ('312344328');
INSERT INTO User VALUES ('526115903');
INSERT INTO User VALUES ('801440933');
INSERT INTO User VALUES ('256767375');
INSERT INTO User VALUES ('995672784');
INSERT INTO User VALUES ('349720931');
INSERT INTO User VALUES ('874678443');
INSERT INTO User VALUES ('675463944');
INSERT INTO User VALUES ('150411317');
INSERT INTO User VALUES ('924235517');
INSERT INTO User VALUES ('774344411');
INSERT INTO Customer VALUES ('485742397','1983-12-06','Kxubt8pvy0','campbell90@outlook.com','Agata Campbell');
INSERT INTO Customer VALUES ('599554650','1973-06-07','up5tmqmOLB','gibson5@mail.com','Charlie Gibson');
INSERT INTO Customer VALUES ('640287373','1978-07-05','hXAYXZFVaN','lucas.the.angry@msn.com','Lucas Wells');
INSERT INTO Customer VALUES ('611933827',NULL,'hdjVcg10uV','ajones5@hotmail.com','Adison Jones');
INSERT INTO Customer VALUES ('557487610','1982-12-11','7cKUag6OWQ','towens48@yahoo.com','Tyler Owens');
INSERT INTO Customer VALUES ('739784517','1973-07-13','dj4TRoNQf6','awilliams47@gmail.com','Alan Williams');
INSERT INTO Customer VALUES ('884822473','1981-10-05','bcJN8ySg7o','ned.the.fast@protonmail.com','Ned Robinson');
INSERT INTO Customer VALUES ('605678453','1972-11-03','P0MEK8leIX','dixon14@outlook.com','Arnold Dixon');
INSERT INTO Customer VALUES ('849442135',NULL,'7a7wik7LLM','nharrison61@mail.com','Natalie Harrison');
INSERT INTO Customer VALUES ('312344328','1983-06-27','krFpEVxOmJ','jtaylor65@aol.com','Jack Taylor');
INSERT INTO InCart VALUES ('640287373','125175','1');
INSERT INTO InCart VALUES ('611933827','126492','1');
INSERT INTO InCart VALUES ('557487610','104493','2');
INSERT INTO InCart VALUES ('605678453','115859','1');
INSERT INTO InCart VALUES ('849442135','112803','2');
INSERT INTO InCart VALUES ('526115903','104493','1');
INSERT INTO InCart VALUES ('801440933','125175','2');
INSERT INTO InCart VALUES ('995672784','126492','1');
INSERT INTO Review VALUES ('884822473','112803','2','Not what I expected.');
INSERT INTO Review VALUES ('485742397','126492','5','Average product.');
INSERT INTO Review VALUES ('884822473','104493','5','Average product.');
INSERT INTO Member VALUES ('485742397','2024-11-07','1439');
INSERT INTO Member VALUES ('599554650','2024-07-27','1300');
INSERT INTO Member VALUES ('640287373','2024-04-28','8327');
INSERT INTO Member VALUES ('611933827','2024-12-01','9231');
INSERT INTO Member VALUES ('557487610','2024-02-24','625');
INSERT INTO Coupon VALUES ('599554650','104493','0.28','2','2026-11-28');
INSERT INTO Coupon VALUES ('640287373','115859','0.74','21','2024-07-07');
INSERT INTO Coupon VALUES ('611933827','115859','0.70','37','2026-09-16');
INSERT INTO Coupon VALUES ('557487610','125175','0.0','50','2027-07-20');
INSERT INTO Coupon VALUES ('557487610','104493','0.3','81','2027-12-04');
INSERT INTO Admin VALUES ('526115903');
INSERT INTO Admin VALUES ('801440933');
INSERT INTO Admin VALUES ('256767375');
INSERT INTO Admin VALUES ('995672784');
INSERT INTO Admin VALUES ('349720931');
INSERT INTO Manages VALUES ('526115903','www.421market.com/brand1','2020-11-11','5');
INSERT INTO Manages VALUES ('349720931','www.421market.com/brand2','2022-10-16','5');
INSERT INTO Manages VALUES ('256767375','www.421market.com/brand2','2016-03-20','1');
INSERT INTO Manages VALUES ('801440933','www.421market.com/brand3','2014-08-21','5');
INSERT INTO Manages VALUES ('995672784','www.421market.com/brand4','2018-08-12','5');
INSERT INTO Manages VALUES ('995672784','www.421market.com/brand5','2020-09-26','5');
INSERT INTO Card VALUES ('6442967025524535','2024-04-08','485742397');
INSERT INTO Card VALUES ('5847729608300199','2027-04-26','599554650');
INSERT INTO Card VALUES ('3277571906166024','2027-03-28','640287373');
INSERT INTO Card VALUES ('2895540614076797','2027-02-19','557487610');
INSERT INTO Card VALUES ('7980804164708160','2027-03-04','739784517');
INSERT INTO Card VALUES ('3522197073875686','2027-12-28','884822473');
INSERT INTO Card VALUES ('6509259144526941','2027-10-18','605678453');
INSERT INTO Card VALUES ('6651303917296175','2029-01-07','312344328');
INSERT INTO Card VALUES ('9242842351057540','2028-11-17',NULL);
INSERT INTO Card VALUES ('9381804837936145','2025-09-17',NULL);
INSERT INTO Card VALUES ('8339255158553789','2027-02-04',NULL);
INSERT INTO Card VALUES ('6527964811208945','2025-11-01',NULL);
INSERT INTO Card VALUES ('9845734110900463','2027-12-03',NULL);
INSERT INTO Card VALUES ('8403110431531101','2024-06-25',NULL);
INSERT INTO Restock VALUES ('Nakatomi Trading','1','Buenos Aires AR','2021-09-12');
INSERT INTO Restock VALUES ('Wonka','1','Madrid ES','2023-11-23');
INSERT INTO Restock VALUES ('Nakatomi Trading','2','Buenos Aires AR','2023-08-28');
INSERT INTO Restock VALUES ('Wonka','2','Madrid ES','2022-02-16');
INSERT INTO Restock VALUES ('Pied Piper','1','Sao Paulo BR','2022-01-10');
INSERT INTO Restock VALUES ('Pied Piper','2','Sao Paulo BR','2023-05-17');
INSERT INTO Order VALUES ('100004452','Address 1','0.00','2023-08-29','ned.the.fast@protonmail.com','3522197073875686');
INSERT INTO Order VALUES ('100013125','Address 2','0.00','2023-11-20','campbell90@outlook.com','6442967025524535');
INSERT INTO Order VALUES ('100016359','Address 3','0.00','2023-05-05','ned.the.fast@protonmail.com','3522197073875686');
INSERT INTO Order VALUES ('100000767','Address 4','0.00','2023-07-11','guest4@domain.com','6527964811208945');
INSERT INTO Order VALUES ('100017695','Address 5','0.00','2023-10-14','towens48@yahoo.com','2895540614076797');
INSERT INTO Order VALUES ('100001669','Address 6','0.00','2023-06-03','towens48@yahoo.com','2895540614076797');
INSERT INTO Order VALUES ('100011010','Address 7','0.00','2023-08-02','ned.the.fast@protonmail.com','3522197073875686');
INSERT INTO Order VALUES ('100015180','Address 8','0.00','2023-03-13','towens48@yahoo.com','2895540614076797');
INSERT INTO Order VALUES ('100014590','Address 9','0.00','2024-02-14','guest9@domain.com','8403110431531101');
INSERT INTO Order VALUES ('100012886','Address 10','0.00','2024-01-12','guest10@domain.com','9845734110900463');
INSERT INTO Product VALUES ('104493','100000001','FALSE','Wonka','1');
INSERT INTO Product VALUES ('104493','100000002','FALSE','Nakatomi Trading','2');
INSERT INTO Product VALUES ('112803','100000001','FALSE','Pied Piper','1');
INSERT INTO Product VALUES ('112803','100000002','FALSE','Nakatomi Trading','1');
INSERT INTO Product VALUES ('130087','100000001','FALSE','Wonka','1');
INSERT INTO Product VALUES ('130087','100000002','FALSE','Wonka','1');
INSERT INTO Product VALUES ('125175','100000001','FALSE','Pied Piper','1');
INSERT INTO Product VALUES ('126492','100000001','FALSE','Nakatomi Trading','1');
INSERT INTO Product VALUES ('126492','100000002','FALSE','Wonka','2');
INSERT INTO Product VALUES ('126492','100000003','FALSE','Wonka','2');
INSERT INTO Shipment VALUES ('1','Manitoulin Transport','2022-07-31','2022-07-29');
INSERT INTO Shipment VALUES ('2','Manitoulin Transport','2023-10-22','2023-10-14');
INSERT INTO Shipment VALUES ('1','Cardinal Couriers','2022-04-29','2022-04-22');
INSERT INTO Shipment VALUES ('2','Cardinal Couriers','2022-12-15','2022-12-10');
INSERT INTO Shipment VALUES ('1','Canpar','2024-05-06','2024-05-04');
INSERT INTO Shipment VALUES ('1','Loomis Express','2022-05-08','2022-04-30');
INSERT INTO Shipment VALUES ('1','Canada Post','2022-01-15','2022-01-13');
INSERT INTO Shipment VALUES ('1','Purolator','2024-06-24','2024-06-23');
INSERT INTO Purchased VALUES ('112803','100000002','100004452','1','Manitoulin Transport');
INSERT INTO Purchased VALUES ('126492','100000001','100013125','2','Manitoulin Transport');
INSERT INTO Purchased VALUES ('104493','100000002','100016359','1','Cardinal Couriers');
INSERT INTO Purchased VALUES ('126492','100000002','100000767','2','Cardinal Couriers');
